filename,sha256
GVLiD\Black rot\black rot001.jpg,433fd5337cc13fa463d59f228d4fe86bf7ad1f0d6a9f0925b13b91424d27824b
GVLiD\Black rot\black rot002.jpg,433fd5337cc13fa463d59f228d4fe86bf7ad1f0d6a9f0925b13b91424d27824b
GVLiD\Black rot\black rot003.jpg,433fd5337cc13fa463d59f228d4fe86bf7ad1f0d6a9f0925b13b91424d27824b
GVLiD\Black rot\black rot004.jpg,433fd5337cc13fa463d59f228d4fe86bf7ad1f0d6a9f0925b13b91424d27824b
GVLiD\Black rot\black rot005.jpg,433fd5337cc13fa463d59f228d4fe86bf7ad1f0d6a9f0925b13b91424d27824b
GVLiD\Black rot\black rot006.jpg,433fd5337cc13fa463d59f228d4fe86bf7ad1f0d6a9f0925b13b91424d27824b
GVLiD\Black rot\black rot007.jpg,433fd5337cc13fa463d59f228d4fe86bf7ad1f0d6a9f0925b13b91424d27824b
GVLiD\Black rot\black rot008.jpg,433fd5337cc13fa463d59f228d4fe86bf7ad1f0d6a9f0925b13b91424d27824b
GVLiD\Black rot\black rot009.jpg,455951f7073dd7ff16522617352c612fddcfe09a2b26da1a594fcb8010bf215e
GVLiD\Black rot\black rot010.jpg,455951f7073dd7ff16522617352c612fddcfe09a2b26da1a594fcb8010bf215e
GVLiD\Black rot\black rot011.jpg,455951f7073dd7ff16522617352c612fddcfe09a2b26da1a594fcb8010bf215e
GVLiD\Black rot\black rot012.jpg,455951f7073dd7ff16522617352c612fddcfe09a2b26da1a594fcb8010bf215e
GVLiD\Black rot\black rot013.jpg,2b636bd9bebf2ed43111b8920f3998bfcc3ccd7cc3fd33b634decc82554c5d67
GVLiD\Black rot\black rot014.jpg,2b636bd9bebf2ed43111b8920f3998bfcc3ccd7cc3fd33b634decc82554c5d67
GVLiD\Black rot\black rot015.jpg,2b636bd9bebf2ed43111b8920f3998bfcc3ccd7cc3fd33b634decc82554c5d67
GVLiD\Black rot\black rot016.jpg,2b636bd9bebf2ed43111b8920f3998bfcc3ccd7cc3fd33b634decc82554c5d67
GVLiD\Black rot\black rot017.jpg,455951f7073dd7ff16522617352c612fddcfe09a2b26da1a594fcb8010bf215e
GVLiD\Black rot\black rot018.jpg,455951f7073dd7ff16522617352c612fddcfe09a2b26da1a594fcb8010bf215e
GVLiD\Black rot\black rot019.jpg,2b636bd9bebf2ed43111b8920f3998bfcc3ccd7cc3fd33b634decc82554c5d67
GVLiD\Black rot\black rot021.jpg,455951f7073dd7ff16522617352c612fddcfe09a2b26da1a594fcb8010bf215e
GVLiD\Black rot\black rot022.jpg,455951f7073dd7ff16522617352c612fddcfe09a2b26da1a594fcb8010bf215e
GVLiD\Black rot\black rot023.jpg,2b636bd9bebf2ed43111b8920f3998bfcc3ccd7cc3fd33b634decc82554c5d67
GVLiD\Black rot\black rot024.jpg,2b636bd9bebf2ed43111b8920f3998bfcc3ccd7cc3fd33b634decc82554c5d67
GVLiD\Black rot\black rot025.jpg,c5eae5391c9090ab9436001d1344248cd8ac57b26f5643f7ea53dbb2e1a15732
GVLiD\Black rot\black rot026.jpg,c5eae5391c9090ab9436001d1344248cd8ac57b26f5643f7ea53dbb2e1a15732
GVLiD\Black rot\black rot027.jpg,c5eae5391c9090ab9436001d1344248cd8ac57b26f5643f7ea53dbb2e1a15732
GVLiD\Black rot\black rot028.jpg,c5eae5391c9090ab9436001d1344248cd8ac57b26f5643f7ea53dbb2e1a15732
GVLiD\Black rot\black rot029.jpg,c5eae5391c9090ab9436001d1344248cd8ac57b26f5643f7ea53dbb2e1a15732
GVLiD\Black rot\black rot030.jpg,c5eae5391c9090ab9436001d1344248cd8ac57b26f5643f7ea53dbb2e1a15732
GVLiD\Black rot\black rot031.jpg,c5eae5391c9090ab9436001d1344248cd8ac57b26f5643f7ea53dbb2e1a15732
GVLiD\Black rot\black rot032.jpg,c5eae5391c9090ab9436001d1344248cd8ac57b26f5643f7ea53dbb2e1a15732
GVLiD\Black rot\black rot033.jpg,c180035a4874b4bcec1218ab9e0a27f7b3a01b4426c8d783e53217591a68962c
GVLiD\Black rot\black rot034.jpg,c180035a4874b4bcec1218ab9e0a27f7b3a01b4426c8d783e53217591a68962c
GVLiD\Black rot\black rot035.jpg,c180035a4874b4bcec1218ab9e0a27f7b3a01b4426c8d783e53217591a68962c
GVLiD\Black rot\black rot036.jpg,c180035a4874b4bcec1218ab9e0a27f7b3a01b4426c8d783e53217591a68962c
GVLiD\Black rot\black rot037.jpg,c180035a4874b4bcec1218ab9e0a27f7b3a01b4426c8d783e53217591a68962c
GVLiD\Black rot\black rot038.jpg,c180035a4874b4bcec1218ab9e0a27f7b3a01b4426c8d783e53217591a68962c
GVLiD\Black rot\black rot039.jpg,c180035a4874b4bcec1218ab9e0a27f7b3a01b4426c8d783e53217591a68962c
GVLiD\Black rot\black rot040.jpg,c180035a4874b4bcec1218ab9e0a27f7b3a01b4426c8d783e53217591a68962c
GVLiD\Black rot\black rot041.jpg,77e3ff150349593e6ecfb3c6f0e05c7a48a26f96a1f0d2d946240fa04447ec3b
GVLiD\Black rot\black rot042.jpg,77e3ff150349593e6ecfb3c6f0e05c7a48a26f96a1f0d2d946240fa04447ec3b
GVLiD\Black rot\black rot043.jpg,77e3ff150349593e6ecfb3c6f0e05c7a48a26f96a1f0d2d946240fa04447ec3b
GVLiD\Black rot\black rot044.jpg,77e3ff150349593e6ecfb3c6f0e05c7a48a26f96a1f0d2d946240fa04447ec3b
GVLiD\Black rot\black rot045.jpg,77e3ff150349593e6ecfb3c6f0e05c7a48a26f96a1f0d2d946240fa04447ec3b
GVLiD\Black rot\black rot046.jpg,77e3ff150349593e6ecfb3c6f0e05c7a48a26f96a1f0d2d946240fa04447ec3b
GVLiD\Black rot\black rot047.jpg,77e3ff150349593e6ecfb3c6f0e05c7a48a26f96a1f0d2d946240fa04447ec3b
GVLiD\Black rot\black rot048.jpg,77e3ff150349593e6ecfb3c6f0e05c7a48a26f96a1f0d2d946240fa04447ec3b
GVLiD\Black rot\black rot049.jpg,5d10e4db1fc7335d5ad2e40a02fdf825e0eeace851bdb47de34decec1fd76d8a
GVLiD\Black rot\black rot050.jpg,5d10e4db1fc7335d5ad2e40a02fdf825e0eeace851bdb47de34decec1fd76d8a
GVLiD\Black rot\black rot051.jpg,5d10e4db1fc7335d5ad2e40a02fdf825e0eeace851bdb47de34decec1fd76d8a
GVLiD\Black rot\black rot052.jpg,5d10e4db1fc7335d5ad2e40a02fdf825e0eeace851bdb47de34decec1fd76d8a
GVLiD\Black rot\black rot053.jpg,5d10e4db1fc7335d5ad2e40a02fdf825e0eeace851bdb47de34decec1fd76d8a
GVLiD\Black rot\black rot054.jpg,5d10e4db1fc7335d5ad2e40a02fdf825e0eeace851bdb47de34decec1fd76d8a
GVLiD\Black rot\black rot055.jpg,5d10e4db1fc7335d5ad2e40a02fdf825e0eeace851bdb47de34decec1fd76d8a
GVLiD\Black rot\black rot056.jpg,5d10e4db1fc7335d5ad2e40a02fdf825e0eeace851bdb47de34decec1fd76d8a
GVLiD\Black rot\black rot057.jpg,220d372f2d230ff23fdf5dbeb73063461c516bd21d789ddf0cda4b4c61c34924
GVLiD\Black rot\black rot058.jpg,220d372f2d230ff23fdf5dbeb73063461c516bd21d789ddf0cda4b4c61c34924
GVLiD\Black rot\black rot059.jpg,220d372f2d230ff23fdf5dbeb73063461c516bd21d789ddf0cda4b4c61c34924
GVLiD\Black rot\black rot060.jpg,220d372f2d230ff23fdf5dbeb73063461c516bd21d789ddf0cda4b4c61c34924
GVLiD\Black rot\black rot061.jpg,220d372f2d230ff23fdf5dbeb73063461c516bd21d789ddf0cda4b4c61c34924
GVLiD\Black rot\black rot062.jpg,220d372f2d230ff23fdf5dbeb73063461c516bd21d789ddf0cda4b4c61c34924
GVLiD\Black rot\black rot063.jpg,220d372f2d230ff23fdf5dbeb73063461c516bd21d789ddf0cda4b4c61c34924
GVLiD\Black rot\black rot064.jpg,220d372f2d230ff23fdf5dbeb73063461c516bd21d789ddf0cda4b4c61c34924
GVLiD\Black rot\black rot065.jpg,985ad2933abc965b53600954d1ba36123b0c6f4d20fb68374d11ada6221b396a
GVLiD\Black rot\black rot066.jpg,985ad2933abc965b53600954d1ba36123b0c6f4d20fb68374d11ada6221b396a
GVLiD\Black rot\black rot067.jpg,985ad2933abc965b53600954d1ba36123b0c6f4d20fb68374d11ada6221b396a
GVLiD\Black rot\black rot068.jpg,985ad2933abc965b53600954d1ba36123b0c6f4d20fb68374d11ada6221b396a
GVLiD\Black rot\black rot069.jpg,a0e8e8967fcdfdec0bfdb59f43dd6975974318f83a51a0dfa4b708a609f43a37
GVLiD\Black rot\black rot070.jpg,a0e8e8967fcdfdec0bfdb59f43dd6975974318f83a51a0dfa4b708a609f43a37
GVLiD\Black rot\black rot071.jpg,a0e8e8967fcdfdec0bfdb59f43dd6975974318f83a51a0dfa4b708a609f43a37
GVLiD\Black rot\black rot072.jpg,a0e8e8967fcdfdec0bfdb59f43dd6975974318f83a51a0dfa4b708a609f43a37
GVLiD\Black rot\black rot073.jpg,f77499f305a63f6585f31d8c40ebfae3f220c11dd293f2c004c32fdbc826d180
GVLiD\Black rot\black rot074.jpg,f77499f305a63f6585f31d8c40ebfae3f220c11dd293f2c004c32fdbc826d180
GVLiD\Black rot\black rot075.jpg,f77499f305a63f6585f31d8c40ebfae3f220c11dd293f2c004c32fdbc826d180
GVLiD\Black rot\black rot076.jpg,f77499f305a63f6585f31d8c40ebfae3f220c11dd293f2c004c32fdbc826d180
GVLiD\Black rot\black rot077.jpg,985ad2933abc965b53600954d1ba36123b0c6f4d20fb68374d11ada6221b396a
GVLiD\Black rot\black rot078.jpg,985ad2933abc965b53600954d1ba36123b0c6f4d20fb68374d11ada6221b396a
GVLiD\Black rot\black rot079.jpg,7919935f392e81a566b30b3eb120c1f0622d20e60488782d19a6b502a7e018e2
GVLiD\Black rot\black rot080.jpg,7919935f392e81a566b30b3eb120c1f0622d20e60488782d19a6b502a7e018e2
GVLiD\Black rot\black rot081.jpg,7919935f392e81a566b30b3eb120c1f0622d20e60488782d19a6b502a7e018e2
GVLiD\Black rot\black rot082.jpg,7919935f392e81a566b30b3eb120c1f0622d20e60488782d19a6b502a7e018e2
GVLiD\Black rot\black rot083.jpg,a0e8e8967fcdfdec0bfdb59f43dd6975974318f83a51a0dfa4b708a609f43a37
GVLiD\Black rot\black rot084.jpg,a0e8e8967fcdfdec0bfdb59f43dd6975974318f83a51a0dfa4b708a609f43a37
GVLiD\Black rot\black rot085.jpg,f77499f305a63f6585f31d8c40ebfae3f220c11dd293f2c004c32fdbc826d180
GVLiD\Black rot\black rot086.jpg,f77499f305a63f6585f31d8c40ebfae3f220c11dd293f2c004c32fdbc826d180
GVLiD\Black rot\black rot087.jpg,985ad2933abc965b53600954d1ba36123b0c6f4d20fb68374d11ada6221b396a
GVLiD\Black rot\black rot088.jpg,7919935f392e81a566b30b3eb120c1f0622d20e60488782d19a6b502a7e018e2
GVLiD\Black rot\black rot089.jpg,7919935f392e81a566b30b3eb120c1f0622d20e60488782d19a6b502a7e018e2
GVLiD\Black rot\black rot090.jpg,985ad2933abc965b53600954d1ba36123b0c6f4d20fb68374d11ada6221b396a
GVLiD\Black rot\black rot091.jpg,a0e8e8967fcdfdec0bfdb59f43dd6975974318f83a51a0dfa4b708a609f43a37
GVLiD\Black rot\black rot092.jpg,a0e8e8967fcdfdec0bfdb59f43dd6975974318f83a51a0dfa4b708a609f43a37
GVLiD\Black rot\black rot093.jpg,f77499f305a63f6585f31d8c40ebfae3f220c11dd293f2c004c32fdbc826d180
GVLiD\Black rot\black rot094.jpg,f77499f305a63f6585f31d8c40ebfae3f220c11dd293f2c004c32fdbc826d180
GVLiD\Black rot\black rot095.jpg,7919935f392e81a566b30b3eb120c1f0622d20e60488782d19a6b502a7e018e2
GVLiD\Black rot\black rot096.jpg,7919935f392e81a566b30b3eb120c1f0622d20e60488782d19a6b502a7e018e2
GVLiD\Black rot\black rot097.jpg,d1e4bdd14eabbd7b1b7ce7e06abb855e00f25b938726c4a3286c35faa5385430
GVLiD\Black rot\black rot098.jpg,d1e4bdd14eabbd7b1b7ce7e06abb855e00f25b938726c4a3286c35faa5385430
GVLiD\Black rot\black rot099.jpg,d1e4bdd14eabbd7b1b7ce7e06abb855e00f25b938726c4a3286c35faa5385430
GVLiD\Black rot\black rot100.jpg,d1e4bdd14eabbd7b1b7ce7e06abb855e00f25b938726c4a3286c35faa5385430
GVLiD\Black rot\black rot101.jpg,e35d4ec4c79f5ddfa612cde2c76adf7fca6146c16d6ad833c77a7af8ffd0149c
GVLiD\Black rot\black rot102.jpg,e35d4ec4c79f5ddfa612cde2c76adf7fca6146c16d6ad833c77a7af8ffd0149c
GVLiD\Black rot\black rot103.jpg,e35d4ec4c79f5ddfa612cde2c76adf7fca6146c16d6ad833c77a7af8ffd0149c
GVLiD\Black rot\black rot104.jpg,e35d4ec4c79f5ddfa612cde2c76adf7fca6146c16d6ad833c77a7af8ffd0149c
GVLiD\Black rot\black rot105.jpg,d1e4bdd14eabbd7b1b7ce7e06abb855e00f25b938726c4a3286c35faa5385430
GVLiD\Black rot\black rot106.jpg,d1e4bdd14eabbd7b1b7ce7e06abb855e00f25b938726c4a3286c35faa5385430
GVLiD\Black rot\black rot107.jpg,e35d4ec4c79f5ddfa612cde2c76adf7fca6146c16d6ad833c77a7af8ffd0149c
GVLiD\Black rot\black rot108.jpg,e35d4ec4c79f5ddfa612cde2c76adf7fca6146c16d6ad833c77a7af8ffd0149c
GVLiD\Black rot\black rot109.jpg,d1e4bdd14eabbd7b1b7ce7e06abb855e00f25b938726c4a3286c35faa5385430
GVLiD\Black rot\black rot110.jpg,d1e4bdd14eabbd7b1b7ce7e06abb855e00f25b938726c4a3286c35faa5385430
GVLiD\Black rot\black rot111.jpg,e35d4ec4c79f5ddfa612cde2c76adf7fca6146c16d6ad833c77a7af8ffd0149c
GVLiD\Black rot\black rot112.jpg,e35d4ec4c79f5ddfa612cde2c76adf7fca6146c16d6ad833c77a7af8ffd0149c
GVLiD\Black rot\black rot113.jpg,6a533d1522f11d875eea8af68ef6f9ec3ee4f8297f4b79a295a90c7561e922a9
GVLiD\Black rot\black rot114.jpg,6a533d1522f11d875eea8af68ef6f9ec3ee4f8297f4b79a295a90c7561e922a9
GVLiD\Black rot\black rot115.jpg,6a533d1522f11d875eea8af68ef6f9ec3ee4f8297f4b79a295a90c7561e922a9
GVLiD\Black rot\black rot116.jpg,6a533d1522f11d875eea8af68ef6f9ec3ee4f8297f4b79a295a90c7561e922a9
GVLiD\Black rot\black rot117.jpg,6a533d1522f11d875eea8af68ef6f9ec3ee4f8297f4b79a295a90c7561e922a9
GVLiD\Black rot\black rot118.jpg,6a533d1522f11d875eea8af68ef6f9ec3ee4f8297f4b79a295a90c7561e922a9
GVLiD\Black rot\black rot119.jpg,6a533d1522f11d875eea8af68ef6f9ec3ee4f8297f4b79a295a90c7561e922a9
GVLiD\Black rot\black rot120.jpg,6a533d1522f11d875eea8af68ef6f9ec3ee4f8297f4b79a295a90c7561e922a9
GVLiD\Black rot\black rot121.jpg,01255b2dbf4604b06eb088d1497ec65a1f4d4676f30ce0770cc6ced5fef7b1bc
GVLiD\Black rot\black rot122.jpg,01255b2dbf4604b06eb088d1497ec65a1f4d4676f30ce0770cc6ced5fef7b1bc
GVLiD\Black rot\black rot123.jpg,01255b2dbf4604b06eb088d1497ec65a1f4d4676f30ce0770cc6ced5fef7b1bc
GVLiD\Black rot\black rot124.jpg,01255b2dbf4604b06eb088d1497ec65a1f4d4676f30ce0770cc6ced5fef7b1bc
GVLiD\Black rot\black rot125.jpg,01255b2dbf4604b06eb088d1497ec65a1f4d4676f30ce0770cc6ced5fef7b1bc
GVLiD\Black rot\black rot126.jpg,01255b2dbf4604b06eb088d1497ec65a1f4d4676f30ce0770cc6ced5fef7b1bc
GVLiD\Black rot\black rot127.jpg,01255b2dbf4604b06eb088d1497ec65a1f4d4676f30ce0770cc6ced5fef7b1bc
GVLiD\Black rot\black rot128.jpg,01255b2dbf4604b06eb088d1497ec65a1f4d4676f30ce0770cc6ced5fef7b1bc
GVLiD\Black rot\black rot129.jpg,01255b2dbf4604b06eb088d1497ec65a1f4d4676f30ce0770cc6ced5fef7b1bc
GVLiD\Black rot\black rot130.jpg,01255b2dbf4604b06eb088d1497ec65a1f4d4676f30ce0770cc6ced5fef7b1bc
GVLiD\Black rot\black rot131.jpg,01255b2dbf4604b06eb088d1497ec65a1f4d4676f30ce0770cc6ced5fef7b1bc
GVLiD\Black rot\black rot132.jpg,01255b2dbf4604b06eb088d1497ec65a1f4d4676f30ce0770cc6ced5fef7b1bc
GVLiD\Black rot\black rot133.jpg,01255b2dbf4604b06eb088d1497ec65a1f4d4676f30ce0770cc6ced5fef7b1bc
GVLiD\Black rot\black rot134.jpg,01255b2dbf4604b06eb088d1497ec65a1f4d4676f30ce0770cc6ced5fef7b1bc
GVLiD\Black rot\black rot135.jpg,01255b2dbf4604b06eb088d1497ec65a1f4d4676f30ce0770cc6ced5fef7b1bc
GVLiD\Black rot\black rot136.jpg,01255b2dbf4604b06eb088d1497ec65a1f4d4676f30ce0770cc6ced5fef7b1bc
GVLiD\Black rot\black rot137.jpg,ccd8b6e5898af6002c5dc096584c127b871a476f4f2734efa7eaaa0a5098b323
GVLiD\Black rot\black rot138.jpg,ccd8b6e5898af6002c5dc096584c127b871a476f4f2734efa7eaaa0a5098b323
GVLiD\Black rot\black rot139.jpg,ccd8b6e5898af6002c5dc096584c127b871a476f4f2734efa7eaaa0a5098b323
GVLiD\Black rot\black rot140.jpg,ccd8b6e5898af6002c5dc096584c127b871a476f4f2734efa7eaaa0a5098b323
GVLiD\Black rot\black rot141.jpg,ccd8b6e5898af6002c5dc096584c127b871a476f4f2734efa7eaaa0a5098b323
GVLiD\Black rot\black rot142.jpg,ccd8b6e5898af6002c5dc096584c127b871a476f4f2734efa7eaaa0a5098b323
GVLiD\Black rot\black rot143.jpg,ccd8b6e5898af6002c5dc096584c127b871a476f4f2734efa7eaaa0a5098b323
GVLiD\Black rot\black rot144.jpg,ccd8b6e5898af6002c5dc096584c127b871a476f4f2734efa7eaaa0a5098b323
GVLiD\Black rot\black rot145.jpg,3430cc27427e5d25500fbc204b53b246ef93200f66e4cc5b94fac4fc5190e54f
GVLiD\Black rot\black rot146.jpg,3430cc27427e5d25500fbc204b53b246ef93200f66e4cc5b94fac4fc5190e54f
GVLiD\Black rot\black rot147.jpg,3430cc27427e5d25500fbc204b53b246ef93200f66e4cc5b94fac4fc5190e54f
GVLiD\Black rot\black rot148.jpg,3430cc27427e5d25500fbc204b53b246ef93200f66e4cc5b94fac4fc5190e54f
GVLiD\Black rot\black rot149.jpg,3430cc27427e5d25500fbc204b53b246ef93200f66e4cc5b94fac4fc5190e54f
GVLiD\Black rot\black rot150.jpg,3430cc27427e5d25500fbc204b53b246ef93200f66e4cc5b94fac4fc5190e54f
GVLiD\Black rot\black rot151.jpg,3430cc27427e5d25500fbc204b53b246ef93200f66e4cc5b94fac4fc5190e54f
GVLiD\Black rot\black rot152.jpg,3430cc27427e5d25500fbc204b53b246ef93200f66e4cc5b94fac4fc5190e54f
GVLiD\Black rot\black rot153.jpg,83bad859b5d13c73cea1f2bcc218ca29487c4bf400a5a5f1fa20328a7f8d0d77
GVLiD\Black rot\black rot154.jpg,83bad859b5d13c73cea1f2bcc218ca29487c4bf400a5a5f1fa20328a7f8d0d77
GVLiD\Black rot\black rot155.jpg,83bad859b5d13c73cea1f2bcc218ca29487c4bf400a5a5f1fa20328a7f8d0d77
GVLiD\Black rot\black rot156.jpg,83bad859b5d13c73cea1f2bcc218ca29487c4bf400a5a5f1fa20328a7f8d0d77
GVLiD\Black rot\black rot157.jpg,83bad859b5d13c73cea1f2bcc218ca29487c4bf400a5a5f1fa20328a7f8d0d77
GVLiD\Black rot\black rot158.jpg,83bad859b5d13c73cea1f2bcc218ca29487c4bf400a5a5f1fa20328a7f8d0d77
GVLiD\Black rot\black rot159.jpg,ec488a7f7fc96a08588be561ffd0db8483d868289e65d168d5768f7d876d7aef
GVLiD\Black rot\black rot160.jpg,ec488a7f7fc96a08588be561ffd0db8483d868289e65d168d5768f7d876d7aef
GVLiD\Black rot\black rot161.jpg,ec488a7f7fc96a08588be561ffd0db8483d868289e65d168d5768f7d876d7aef
GVLiD\Black rot\black rot162.jpg,ec488a7f7fc96a08588be561ffd0db8483d868289e65d168d5768f7d876d7aef
GVLiD\Black rot\black rot163.jpg,9eb3770654a5797e46598d962600990a76777b9d04aa75b993c4af5f49947a28
GVLiD\Black rot\black rot164.jpg,9eb3770654a5797e46598d962600990a76777b9d04aa75b993c4af5f49947a28
GVLiD\Black rot\black rot165.jpg,9eb3770654a5797e46598d962600990a76777b9d04aa75b993c4af5f49947a28
GVLiD\Black rot\black rot166.jpg,9eb3770654a5797e46598d962600990a76777b9d04aa75b993c4af5f49947a28
GVLiD\Black rot\black rot167.jpg,83bad859b5d13c73cea1f2bcc218ca29487c4bf400a5a5f1fa20328a7f8d0d77
GVLiD\Black rot\black rot168.jpg,ec488a7f7fc96a08588be561ffd0db8483d868289e65d168d5768f7d876d7aef
GVLiD\Black rot\black rot169.jpg,b81a527bb5b620b3f55b11163af68bf9bf95a0f5aaba8d0a2b17c24d642e6bd2
GVLiD\Black rot\black rot170.jpg,b81a527bb5b620b3f55b11163af68bf9bf95a0f5aaba8d0a2b17c24d642e6bd2
GVLiD\Black rot\black rot171.jpg,b81a527bb5b620b3f55b11163af68bf9bf95a0f5aaba8d0a2b17c24d642e6bd2
GVLiD\Black rot\black rot172.jpg,b81a527bb5b620b3f55b11163af68bf9bf95a0f5aaba8d0a2b17c24d642e6bd2
GVLiD\Black rot\black rot173.jpg,ec488a7f7fc96a08588be561ffd0db8483d868289e65d168d5768f7d876d7aef
GVLiD\Black rot\black rot174.jpg,9eb3770654a5797e46598d962600990a76777b9d04aa75b993c4af5f49947a28
GVLiD\Black rot\black rot175.jpg,9eb3770654a5797e46598d962600990a76777b9d04aa75b993c4af5f49947a28
GVLiD\Black rot\black rot176.jpg,b81a527bb5b620b3f55b11163af68bf9bf95a0f5aaba8d0a2b17c24d642e6bd2
GVLiD\Black rot\black rot177.jpg,ec488a7f7fc96a08588be561ffd0db8483d868289e65d168d5768f7d876d7aef
GVLiD\Black rot\black rot178.jpg,83bad859b5d13c73cea1f2bcc218ca29487c4bf400a5a5f1fa20328a7f8d0d77
GVLiD\Black rot\black rot179.jpg,3eca55d6b08d62d203719b8aaa9ed8d39516f42d9ad12baa2590c1804fccd119
GVLiD\Black rot\black rot180.jpg,3eca55d6b08d62d203719b8aaa9ed8d39516f42d9ad12baa2590c1804fccd119
GVLiD\Black rot\black rot181.jpg,3eca55d6b08d62d203719b8aaa9ed8d39516f42d9ad12baa2590c1804fccd119
GVLiD\Black rot\black rot182.jpg,3eca55d6b08d62d203719b8aaa9ed8d39516f42d9ad12baa2590c1804fccd119
GVLiD\Black rot\black rot183.jpg,3eca55d6b08d62d203719b8aaa9ed8d39516f42d9ad12baa2590c1804fccd119
GVLiD\Black rot\black rot184.jpg,3eca55d6b08d62d203719b8aaa9ed8d39516f42d9ad12baa2590c1804fccd119
GVLiD\Black rot\black rot185.jpg,3eca55d6b08d62d203719b8aaa9ed8d39516f42d9ad12baa2590c1804fccd119
GVLiD\Black rot\black rot186.jpg,3eca55d6b08d62d203719b8aaa9ed8d39516f42d9ad12baa2590c1804fccd119
GVLiD\Black rot\black rot187.jpg,3eca55d6b08d62d203719b8aaa9ed8d39516f42d9ad12baa2590c1804fccd119
GVLiD\Black rot\black rot188.jpg,3eca55d6b08d62d203719b8aaa9ed8d39516f42d9ad12baa2590c1804fccd119
GVLiD\Black rot\black rot189.jpg,3eca55d6b08d62d203719b8aaa9ed8d39516f42d9ad12baa2590c1804fccd119
GVLiD\Black rot\black rot190.jpg,3eca55d6b08d62d203719b8aaa9ed8d39516f42d9ad12baa2590c1804fccd119
GVLiD\Black rot\black rot191.jpg,b81a527bb5b620b3f55b11163af68bf9bf95a0f5aaba8d0a2b17c24d642e6bd2
GVLiD\Black rot\black rot192.jpg,ec488a7f7fc96a08588be561ffd0db8483d868289e65d168d5768f7d876d7aef
GVLiD\Black rot\black rot193.jpg,9eb3770654a5797e46598d962600990a76777b9d04aa75b993c4af5f49947a28
GVLiD\Black rot\black rot194.jpg,9eb3770654a5797e46598d962600990a76777b9d04aa75b993c4af5f49947a28
GVLiD\Black rot\black rot195.jpg,fddd3cbd116ccd280e44a081b6514adc9dd9ab8b1cd7a85fd42c1da2a507da55
GVLiD\Black rot\black rot196.jpg,fddd3cbd116ccd280e44a081b6514adc9dd9ab8b1cd7a85fd42c1da2a507da55
GVLiD\Black rot\black rot197.jpg,fddd3cbd116ccd280e44a081b6514adc9dd9ab8b1cd7a85fd42c1da2a507da55
GVLiD\Black rot\black rot198.jpg,fddd3cbd116ccd280e44a081b6514adc9dd9ab8b1cd7a85fd42c1da2a507da55
GVLiD\Black rot\black rot199.jpg,84ea2747399f5dd59cfd1170d9e413e9875c66f5e21d425205ad16366c4769d1
GVLiD\Black rot\black rot200.jpg,84ea2747399f5dd59cfd1170d9e413e9875c66f5e21d425205ad16366c4769d1
GVLiD\Black rot\black rot201.jpg,84ea2747399f5dd59cfd1170d9e413e9875c66f5e21d425205ad16366c4769d1
GVLiD\Black rot\black rot202.jpg,84ea2747399f5dd59cfd1170d9e413e9875c66f5e21d425205ad16366c4769d1
GVLiD\Black rot\black rot203.jpg,9a3cde055cd7c52632358aed7aa75b4a8803962d5cf7dad79e4bbb2cf0adc808
GVLiD\Black rot\black rot204.jpg,9a3cde055cd7c52632358aed7aa75b4a8803962d5cf7dad79e4bbb2cf0adc808
GVLiD\Black rot\black rot205.jpg,9a3cde055cd7c52632358aed7aa75b4a8803962d5cf7dad79e4bbb2cf0adc808
GVLiD\Black rot\black rot206.jpg,9a3cde055cd7c52632358aed7aa75b4a8803962d5cf7dad79e4bbb2cf0adc808
GVLiD\Black rot\black rot207.jpg,b81a527bb5b620b3f55b11163af68bf9bf95a0f5aaba8d0a2b17c24d642e6bd2
GVLiD\Black rot\black rot208.jpg,fddd3cbd116ccd280e44a081b6514adc9dd9ab8b1cd7a85fd42c1da2a507da55
GVLiD\Black rot\black rot209.jpg,5144efe61b13a7ec7f72cfb28c48fe99b6cfed39dc7ffc80263608563aa9cf01
GVLiD\Black rot\black rot210.jpg,5144efe61b13a7ec7f72cfb28c48fe99b6cfed39dc7ffc80263608563aa9cf01
GVLiD\Black rot\black rot211.jpg,5144efe61b13a7ec7f72cfb28c48fe99b6cfed39dc7ffc80263608563aa9cf01
GVLiD\Black rot\black rot212.jpg,5144efe61b13a7ec7f72cfb28c48fe99b6cfed39dc7ffc80263608563aa9cf01
GVLiD\Black rot\black rot213.jpg,3eca55d6b08d62d203719b8aaa9ed8d39516f42d9ad12baa2590c1804fccd119
GVLiD\Black rot\black rot214.jpg,84ea2747399f5dd59cfd1170d9e413e9875c66f5e21d425205ad16366c4769d1
GVLiD\Black rot\black rot215.jpg,3eca55d6b08d62d203719b8aaa9ed8d39516f42d9ad12baa2590c1804fccd119
GVLiD\Black rot\black rot216.jpg,9a3cde055cd7c52632358aed7aa75b4a8803962d5cf7dad79e4bbb2cf0adc808
GVLiD\Black rot\black rot217.jpg,93875a3bc388e49dd34cc31c60be00c8ecb7cd904d01d07703187406bb889103
GVLiD\Black rot\black rot218.jpg,93875a3bc388e49dd34cc31c60be00c8ecb7cd904d01d07703187406bb889103
GVLiD\Black rot\black rot219.jpg,93875a3bc388e49dd34cc31c60be00c8ecb7cd904d01d07703187406bb889103
GVLiD\Black rot\black rot220.jpg,93875a3bc388e49dd34cc31c60be00c8ecb7cd904d01d07703187406bb889103
GVLiD\Black rot\black rot221.jpg,959f5c08e00307fb92005e5f207d2024f139cc0ab38fb92677cbbcc8aab2b0c6
GVLiD\Black rot\black rot222.jpg,959f5c08e00307fb92005e5f207d2024f139cc0ab38fb92677cbbcc8aab2b0c6
GVLiD\Black rot\black rot223.jpg,959f5c08e00307fb92005e5f207d2024f139cc0ab38fb92677cbbcc8aab2b0c6
GVLiD\Black rot\black rot224.jpg,959f5c08e00307fb92005e5f207d2024f139cc0ab38fb92677cbbcc8aab2b0c6
GVLiD\Black rot\black rot225.jpg,f7579a81776d5a587c650bee54ec320fd766ff9bd1ae8022ac8cf3fce618075b
GVLiD\Black rot\black rot226.jpg,f7579a81776d5a587c650bee54ec320fd766ff9bd1ae8022ac8cf3fce618075b
GVLiD\Black rot\black rot227.jpg,f7579a81776d5a587c650bee54ec320fd766ff9bd1ae8022ac8cf3fce618075b
GVLiD\Black rot\black rot228.jpg,f7579a81776d5a587c650bee54ec320fd766ff9bd1ae8022ac8cf3fce618075b
GVLiD\Black rot\black rot229.jpg,3eca55d6b08d62d203719b8aaa9ed8d39516f42d9ad12baa2590c1804fccd119
GVLiD\Black rot\black rot230.jpg,5144efe61b13a7ec7f72cfb28c48fe99b6cfed39dc7ffc80263608563aa9cf01
GVLiD\Black rot\black rot231.jpg,fddd3cbd116ccd280e44a081b6514adc9dd9ab8b1cd7a85fd42c1da2a507da55
GVLiD\Black rot\black rot232.jpg,93875a3bc388e49dd34cc31c60be00c8ecb7cd904d01d07703187406bb889103
GVLiD\Black rot\black rot233.jpg,e01782974971c2cbc7a5fec5cbd716b12954bd4bd9ef8c3ee4746a81b03d8c85
GVLiD\Black rot\black rot234.jpg,e01782974971c2cbc7a5fec5cbd716b12954bd4bd9ef8c3ee4746a81b03d8c85
GVLiD\Black rot\black rot235.jpg,e01782974971c2cbc7a5fec5cbd716b12954bd4bd9ef8c3ee4746a81b03d8c85
GVLiD\Black rot\black rot236.jpg,e01782974971c2cbc7a5fec5cbd716b12954bd4bd9ef8c3ee4746a81b03d8c85
GVLiD\Black rot\black rot237.jpg,2db81a380d6965589e86d528540f045aea3d5d1b66b982684c9a9f0874a2137c
GVLiD\Black rot\black rot238.jpg,2db81a380d6965589e86d528540f045aea3d5d1b66b982684c9a9f0874a2137c
GVLiD\Black rot\black rot239.jpg,2db81a380d6965589e86d528540f045aea3d5d1b66b982684c9a9f0874a2137c
GVLiD\Black rot\black rot240.jpg,2db81a380d6965589e86d528540f045aea3d5d1b66b982684c9a9f0874a2137c
GVLiD\Black rot\black rot241.jpg,84ea2747399f5dd59cfd1170d9e413e9875c66f5e21d425205ad16366c4769d1
GVLiD\Black rot\black rot242.jpg,959f5c08e00307fb92005e5f207d2024f139cc0ab38fb92677cbbcc8aab2b0c6
GVLiD\Black rot\black rot243.jpg,52d847105f5d44875fb4827ff4dcc34601f6f73b9b1f451d0e5cc4800cb9897e
GVLiD\Black rot\black rot244.jpg,52d847105f5d44875fb4827ff4dcc34601f6f73b9b1f451d0e5cc4800cb9897e
GVLiD\Black rot\black rot245.jpg,52d847105f5d44875fb4827ff4dcc34601f6f73b9b1f451d0e5cc4800cb9897e
GVLiD\Black rot\black rot246.jpg,52d847105f5d44875fb4827ff4dcc34601f6f73b9b1f451d0e5cc4800cb9897e
GVLiD\Black rot\black rot247.jpg,9a3cde055cd7c52632358aed7aa75b4a8803962d5cf7dad79e4bbb2cf0adc808
GVLiD\Black rot\black rot248.jpg,f7579a81776d5a587c650bee54ec320fd766ff9bd1ae8022ac8cf3fce618075b
GVLiD\Black rot\black rot249.jpg,fddd3cbd116ccd280e44a081b6514adc9dd9ab8b1cd7a85fd42c1da2a507da55
GVLiD\Black rot\black rot250.jpg,e01782974971c2cbc7a5fec5cbd716b12954bd4bd9ef8c3ee4746a81b03d8c85
GVLiD\Black rot\black rot251.jpg,5144efe61b13a7ec7f72cfb28c48fe99b6cfed39dc7ffc80263608563aa9cf01
GVLiD\Black rot\black rot252.jpg,2db81a380d6965589e86d528540f045aea3d5d1b66b982684c9a9f0874a2137c
GVLiD\Black rot\black rot253.jpg,84ea2747399f5dd59cfd1170d9e413e9875c66f5e21d425205ad16366c4769d1
GVLiD\Black rot\black rot254.jpg,52d847105f5d44875fb4827ff4dcc34601f6f73b9b1f451d0e5cc4800cb9897e
GVLiD\Black rot\black rot255.jpg,9a3cde055cd7c52632358aed7aa75b4a8803962d5cf7dad79e4bbb2cf0adc808
GVLiD\Black rot\black rot256.jpg,b81a527bb5b620b3f55b11163af68bf9bf95a0f5aaba8d0a2b17c24d642e6bd2
GVLiD\Black rot\black rot257.jpg,93875a3bc388e49dd34cc31c60be00c8ecb7cd904d01d07703187406bb889103
GVLiD\Black rot\black rot258.jpg,3eca55d6b08d62d203719b8aaa9ed8d39516f42d9ad12baa2590c1804fccd119
GVLiD\Black rot\black rot259.jpg,959f5c08e00307fb92005e5f207d2024f139cc0ab38fb92677cbbcc8aab2b0c6
GVLiD\Black rot\black rot260.jpg,fddd3cbd116ccd280e44a081b6514adc9dd9ab8b1cd7a85fd42c1da2a507da55
GVLiD\Black rot\black rot261.jpg,f7579a81776d5a587c650bee54ec320fd766ff9bd1ae8022ac8cf3fce618075b
GVLiD\Black rot\black rot262.jpg,84ea2747399f5dd59cfd1170d9e413e9875c66f5e21d425205ad16366c4769d1
GVLiD\Black rot\black rot263.jpg,5144efe61b13a7ec7f72cfb28c48fe99b6cfed39dc7ffc80263608563aa9cf01
GVLiD\Black rot\black rot264.jpg,9a3cde055cd7c52632358aed7aa75b4a8803962d5cf7dad79e4bbb2cf0adc808
GVLiD\Black rot\black rot265.jpg,93875a3bc388e49dd34cc31c60be00c8ecb7cd904d01d07703187406bb889103
GVLiD\Black rot\black rot266.jpg,5144efe61b13a7ec7f72cfb28c48fe99b6cfed39dc7ffc80263608563aa9cf01
GVLiD\Black rot\black rot267.jpg,e01782974971c2cbc7a5fec5cbd716b12954bd4bd9ef8c3ee4746a81b03d8c85
GVLiD\Black rot\black rot268.jpg,93875a3bc388e49dd34cc31c60be00c8ecb7cd904d01d07703187406bb889103
GVLiD\Black rot\black rot269.jpg,8c45000bbdb03df539016e2bf7d3ad1861cf76626a8605c6d117efeb5160347a
GVLiD\Black rot\black rot270.jpg,8c45000bbdb03df539016e2bf7d3ad1861cf76626a8605c6d117efeb5160347a
GVLiD\Black rot\black rot271.jpg,8c45000bbdb03df539016e2bf7d3ad1861cf76626a8605c6d117efeb5160347a
GVLiD\Black rot\black rot272.jpg,8c45000bbdb03df539016e2bf7d3ad1861cf76626a8605c6d117efeb5160347a
GVLiD\Black rot\black rot273.jpg,2db81a380d6965589e86d528540f045aea3d5d1b66b982684c9a9f0874a2137c
GVLiD\Black rot\black rot274.jpg,8c45000bbdb03df539016e2bf7d3ad1861cf76626a8605c6d117efeb5160347a
GVLiD\Black rot\black rot275.jpg,959f5c08e00307fb92005e5f207d2024f139cc0ab38fb92677cbbcc8aab2b0c6
GVLiD\Black rot\black rot276.jpg,959f5c08e00307fb92005e5f207d2024f139cc0ab38fb92677cbbcc8aab2b0c6
GVLiD\Black rot\black rot277.jpg,52d847105f5d44875fb4827ff4dcc34601f6f73b9b1f451d0e5cc4800cb9897e
GVLiD\Black rot\black rot278.jpg,f7579a81776d5a587c650bee54ec320fd766ff9bd1ae8022ac8cf3fce618075b
GVLiD\Black rot\black rot279.jpg,f7579a81776d5a587c650bee54ec320fd766ff9bd1ae8022ac8cf3fce618075b
GVLiD\Black rot\black rot280.jpg,e01782974971c2cbc7a5fec5cbd716b12954bd4bd9ef8c3ee4746a81b03d8c85
GVLiD\Black rot\black rot281.jpg,e01782974971c2cbc7a5fec5cbd716b12954bd4bd9ef8c3ee4746a81b03d8c85
GVLiD\Black rot\black rot282.jpg,2db81a380d6965589e86d528540f045aea3d5d1b66b982684c9a9f0874a2137c
GVLiD\Black rot\black rot283.jpg,2db81a380d6965589e86d528540f045aea3d5d1b66b982684c9a9f0874a2137c
GVLiD\Black rot\black rot284.jpg,52d847105f5d44875fb4827ff4dcc34601f6f73b9b1f451d0e5cc4800cb9897e
GVLiD\Black rot\black rot285.jpg,c5efb0e7653526ce50dedd5952e14cec540df0d5d86c2015debc3052e862f706
GVLiD\Black rot\black rot286.jpg,c5efb0e7653526ce50dedd5952e14cec540df0d5d86c2015debc3052e862f706
GVLiD\Black rot\black rot287.jpg,c5efb0e7653526ce50dedd5952e14cec540df0d5d86c2015debc3052e862f706
GVLiD\Black rot\black rot288.jpg,c5efb0e7653526ce50dedd5952e14cec540df0d5d86c2015debc3052e862f706
GVLiD\Black rot\black rot289.jpg,52d847105f5d44875fb4827ff4dcc34601f6f73b9b1f451d0e5cc4800cb9897e
GVLiD\Black rot\black rot290.jpg,c5efb0e7653526ce50dedd5952e14cec540df0d5d86c2015debc3052e862f706
GVLiD\Black rot\black rot291.jpg,71fbd957b9f956d86feabb089060d4e7bd02b8bb2570ccb882bfab207b50b690
GVLiD\Black rot\black rot292.jpg,71fbd957b9f956d86feabb089060d4e7bd02b8bb2570ccb882bfab207b50b690
GVLiD\Black rot\black rot293.jpg,71fbd957b9f956d86feabb089060d4e7bd02b8bb2570ccb882bfab207b50b690
GVLiD\Black rot\black rot294.jpg,71fbd957b9f956d86feabb089060d4e7bd02b8bb2570ccb882bfab207b50b690
GVLiD\Black rot\black rot295.jpg,cfdbe282898a599c42a84ca53555882fb557606e5d909f99a9cc74aec1e7b1a1
GVLiD\Black rot\black rot296.jpg,cfdbe282898a599c42a84ca53555882fb557606e5d909f99a9cc74aec1e7b1a1
GVLiD\Black rot\black rot297.jpg,cfdbe282898a599c42a84ca53555882fb557606e5d909f99a9cc74aec1e7b1a1
GVLiD\Black rot\black rot298.jpg,cfdbe282898a599c42a84ca53555882fb557606e5d909f99a9cc74aec1e7b1a1
GVLiD\Black rot\black rot299.jpg,8c45000bbdb03df539016e2bf7d3ad1861cf76626a8605c6d117efeb5160347a
GVLiD\Black rot\black rot300.jpg,71fbd957b9f956d86feabb089060d4e7bd02b8bb2570ccb882bfab207b50b690
GVLiD\Black rot\black rot301.jpg,8c45000bbdb03df539016e2bf7d3ad1861cf76626a8605c6d117efeb5160347a
GVLiD\Black rot\black rot302.jpg,cfdbe282898a599c42a84ca53555882fb557606e5d909f99a9cc74aec1e7b1a1
GVLiD\Black rot\black rot303.jpg,c5efb0e7653526ce50dedd5952e14cec540df0d5d86c2015debc3052e862f706
GVLiD\Black rot\black rot304.jpg,8c45000bbdb03df539016e2bf7d3ad1861cf76626a8605c6d117efeb5160347a
GVLiD\Black rot\black rot305.jpg,c5efb0e7653526ce50dedd5952e14cec540df0d5d86c2015debc3052e862f706
GVLiD\Black rot\black rot306.jpg,c5efb0e7653526ce50dedd5952e14cec540df0d5d86c2015debc3052e862f706
GVLiD\Black rot\black rot307.jpg,7bef8995084830ed6632c6dfb6b4dbe619c04327285c3786a79fd1a3bd340816
GVLiD\Black rot\black rot308.jpg,7bef8995084830ed6632c6dfb6b4dbe619c04327285c3786a79fd1a3bd340816
GVLiD\Black rot\black rot309.jpg,7bef8995084830ed6632c6dfb6b4dbe619c04327285c3786a79fd1a3bd340816
GVLiD\Black rot\black rot310.jpg,7bef8995084830ed6632c6dfb6b4dbe619c04327285c3786a79fd1a3bd340816
GVLiD\Black rot\black rot311.jpg,282adf1ca96fabc29d2978b3a7eb1668398711511963cd14746fed9e8bb0e9a6
GVLiD\Black rot\black rot312.jpg,282adf1ca96fabc29d2978b3a7eb1668398711511963cd14746fed9e8bb0e9a6
GVLiD\Black rot\black rot313.jpg,282adf1ca96fabc29d2978b3a7eb1668398711511963cd14746fed9e8bb0e9a6
GVLiD\Black rot\black rot314.jpg,282adf1ca96fabc29d2978b3a7eb1668398711511963cd14746fed9e8bb0e9a6
GVLiD\Black rot\black rot315.jpg,71fbd957b9f956d86feabb089060d4e7bd02b8bb2570ccb882bfab207b50b690
GVLiD\Black rot\black rot316.jpg,7bef8995084830ed6632c6dfb6b4dbe619c04327285c3786a79fd1a3bd340816
GVLiD\Black rot\black rot317.jpg,cfdbe282898a599c42a84ca53555882fb557606e5d909f99a9cc74aec1e7b1a1
GVLiD\Black rot\black rot318.jpg,282adf1ca96fabc29d2978b3a7eb1668398711511963cd14746fed9e8bb0e9a6
GVLiD\Black rot\black rot319.jpg,71fbd957b9f956d86feabb089060d4e7bd02b8bb2570ccb882bfab207b50b690
GVLiD\Black rot\black rot320.jpg,71fbd957b9f956d86feabb089060d4e7bd02b8bb2570ccb882bfab207b50b690
GVLiD\Black rot\black rot321.jpg,8dae63400e28cbad01dbf0426c535676c82f9b7aa52e739eedc0014afd7af9c8
GVLiD\Black rot\black rot322.jpg,8dae63400e28cbad01dbf0426c535676c82f9b7aa52e739eedc0014afd7af9c8
GVLiD\Black rot\black rot323.jpg,8dae63400e28cbad01dbf0426c535676c82f9b7aa52e739eedc0014afd7af9c8
GVLiD\Black rot\black rot324.jpg,8dae63400e28cbad01dbf0426c535676c82f9b7aa52e739eedc0014afd7af9c8
GVLiD\Black rot\black rot325.jpg,dc8f821fe17bfbe23d2523b9c867cb14ce97e25979ebc5b2d67a1d67cc944a63
GVLiD\Black rot\black rot326.jpg,dc8f821fe17bfbe23d2523b9c867cb14ce97e25979ebc5b2d67a1d67cc944a63
GVLiD\Black rot\black rot327.jpg,dc8f821fe17bfbe23d2523b9c867cb14ce97e25979ebc5b2d67a1d67cc944a63
GVLiD\Black rot\black rot328.jpg,dc8f821fe17bfbe23d2523b9c867cb14ce97e25979ebc5b2d67a1d67cc944a63
GVLiD\Black rot\black rot329.jpg,cfdbe282898a599c42a84ca53555882fb557606e5d909f99a9cc74aec1e7b1a1
GVLiD\Black rot\black rot330.jpg,8dae63400e28cbad01dbf0426c535676c82f9b7aa52e739eedc0014afd7af9c8
GVLiD\Black rot\black rot331.jpg,7bef8995084830ed6632c6dfb6b4dbe619c04327285c3786a79fd1a3bd340816
GVLiD\Black rot\black rot332.jpg,dc8f821fe17bfbe23d2523b9c867cb14ce97e25979ebc5b2d67a1d67cc944a63
GVLiD\Black rot\black rot333.jpg,6f3d83a5063c29bf82f71068443bf317b629511fb6c4b5d97ed14cb23b555fde
GVLiD\Black rot\black rot334.jpg,6f3d83a5063c29bf82f71068443bf317b629511fb6c4b5d97ed14cb23b555fde
GVLiD\Black rot\black rot335.jpg,6f3d83a5063c29bf82f71068443bf317b629511fb6c4b5d97ed14cb23b555fde
GVLiD\Black rot\black rot336.jpg,6f3d83a5063c29bf82f71068443bf317b629511fb6c4b5d97ed14cb23b555fde
GVLiD\Black rot\black rot337.jpg,9cd753fb2bb8a9d70db2c9796e78a2d0ca91046c5094e7950d79472eb14f112d
GVLiD\Black rot\black rot338.jpg,9cd753fb2bb8a9d70db2c9796e78a2d0ca91046c5094e7950d79472eb14f112d
GVLiD\Black rot\black rot339.jpg,9cd753fb2bb8a9d70db2c9796e78a2d0ca91046c5094e7950d79472eb14f112d
GVLiD\Black rot\black rot340.jpg,9cd753fb2bb8a9d70db2c9796e78a2d0ca91046c5094e7950d79472eb14f112d
GVLiD\Black rot\black rot341.jpg,f2293cad0addc59cfebd591ed90d3b34dbb7bd882365418664b2b94c2d69ce5a
GVLiD\Black rot\black rot342.jpg,f2293cad0addc59cfebd591ed90d3b34dbb7bd882365418664b2b94c2d69ce5a
GVLiD\Black rot\black rot343.jpg,f2293cad0addc59cfebd591ed90d3b34dbb7bd882365418664b2b94c2d69ce5a
GVLiD\Black rot\black rot344.jpg,f2293cad0addc59cfebd591ed90d3b34dbb7bd882365418664b2b94c2d69ce5a
GVLiD\Black rot\black rot345.jpg,405a750bd60f12f7d787f4c8aa3be5280f5d3a316878ddaa1c602953bdba4890
GVLiD\Black rot\black rot346.jpg,405a750bd60f12f7d787f4c8aa3be5280f5d3a316878ddaa1c602953bdba4890
GVLiD\Black rot\black rot347.jpg,405a750bd60f12f7d787f4c8aa3be5280f5d3a316878ddaa1c602953bdba4890
GVLiD\Black rot\black rot348.jpg,405a750bd60f12f7d787f4c8aa3be5280f5d3a316878ddaa1c602953bdba4890
GVLiD\Black rot\black rot349.jpg,e5cd92b99019418c099e86dad1c7e49ed45d6e88739cd3bd3b0e4a117eb5d409
GVLiD\Black rot\black rot350.jpg,e5cd92b99019418c099e86dad1c7e49ed45d6e88739cd3bd3b0e4a117eb5d409
GVLiD\Black rot\black rot351.jpg,e5cd92b99019418c099e86dad1c7e49ed45d6e88739cd3bd3b0e4a117eb5d409
GVLiD\Black rot\black rot352.jpg,e5cd92b99019418c099e86dad1c7e49ed45d6e88739cd3bd3b0e4a117eb5d409
GVLiD\Black rot\black rot353.jpg,2474c25adac84528d789ada39d7cda1e99e28e5ce3e2f24ddd02463b397d58e9
GVLiD\Black rot\black rot354.jpg,2474c25adac84528d789ada39d7cda1e99e28e5ce3e2f24ddd02463b397d58e9
GVLiD\Black rot\black rot355.jpg,2474c25adac84528d789ada39d7cda1e99e28e5ce3e2f24ddd02463b397d58e9
GVLiD\Black rot\black rot356.jpg,2474c25adac84528d789ada39d7cda1e99e28e5ce3e2f24ddd02463b397d58e9
GVLiD\Black rot\black rot357.jpg,282adf1ca96fabc29d2978b3a7eb1668398711511963cd14746fed9e8bb0e9a6
GVLiD\Black rot\black rot358.jpg,6f3d83a5063c29bf82f71068443bf317b629511fb6c4b5d97ed14cb23b555fde
GVLiD\Black rot\black rot359.jpg,8f5b632872a0b9e7e95e61056ce2bc6ad07d2e48bc43d7811f8036e55b242a85
GVLiD\Black rot\black rot360.jpg,8f5b632872a0b9e7e95e61056ce2bc6ad07d2e48bc43d7811f8036e55b242a85
GVLiD\Black rot\black rot361.jpg,8f5b632872a0b9e7e95e61056ce2bc6ad07d2e48bc43d7811f8036e55b242a85
GVLiD\Black rot\black rot362.jpg,8f5b632872a0b9e7e95e61056ce2bc6ad07d2e48bc43d7811f8036e55b242a85
GVLiD\Black rot\black rot363.jpg,7bef8995084830ed6632c6dfb6b4dbe619c04327285c3786a79fd1a3bd340816
GVLiD\Black rot\black rot364.jpg,9cd753fb2bb8a9d70db2c9796e78a2d0ca91046c5094e7950d79472eb14f112d
GVLiD\Black rot\black rot365.jpg,282adf1ca96fabc29d2978b3a7eb1668398711511963cd14746fed9e8bb0e9a6
GVLiD\Black rot\black rot366.jpg,f2293cad0addc59cfebd591ed90d3b34dbb7bd882365418664b2b94c2d69ce5a
GVLiD\Black rot\black rot367.jpg,8dae63400e28cbad01dbf0426c535676c82f9b7aa52e739eedc0014afd7af9c8
GVLiD\Black rot\black rot368.jpg,405a750bd60f12f7d787f4c8aa3be5280f5d3a316878ddaa1c602953bdba4890
GVLiD\Black rot\black rot369.jpg,a778bdb415058b908ac1b7670a7a38e95a72372a3fc64b1ee30ca2b60ad71947
GVLiD\Black rot\black rot370.jpg,a778bdb415058b908ac1b7670a7a38e95a72372a3fc64b1ee30ca2b60ad71947
GVLiD\Black rot\black rot371.jpg,a778bdb415058b908ac1b7670a7a38e95a72372a3fc64b1ee30ca2b60ad71947
GVLiD\Black rot\black rot372.jpg,a778bdb415058b908ac1b7670a7a38e95a72372a3fc64b1ee30ca2b60ad71947
GVLiD\Black rot\black rot373.jpg,65182b29e14451755602b9e59560cc1365a1e27e115cc5ae1d5f4e94ccd6930c
GVLiD\Black rot\black rot374.jpg,65182b29e14451755602b9e59560cc1365a1e27e115cc5ae1d5f4e94ccd6930c
GVLiD\Black rot\black rot375.jpg,65182b29e14451755602b9e59560cc1365a1e27e115cc5ae1d5f4e94ccd6930c
GVLiD\Black rot\black rot376.jpg,65182b29e14451755602b9e59560cc1365a1e27e115cc5ae1d5f4e94ccd6930c
GVLiD\Black rot\black rot377.jpg,d7f17e5c2336b2c585badb7396465d708dce8b0da9cb700128ccba130957ba33
GVLiD\Black rot\black rot378.jpg,d7f17e5c2336b2c585badb7396465d708dce8b0da9cb700128ccba130957ba33
GVLiD\Black rot\black rot379.jpg,d7f17e5c2336b2c585badb7396465d708dce8b0da9cb700128ccba130957ba33
GVLiD\Black rot\black rot380.jpg,d7f17e5c2336b2c585badb7396465d708dce8b0da9cb700128ccba130957ba33
GVLiD\Black rot\black rot381.jpg,3257e047da9880817e3c4225129fe769150529c4ac9361429822ca93e3daf344
GVLiD\Black rot\black rot382.jpg,3257e047da9880817e3c4225129fe769150529c4ac9361429822ca93e3daf344
GVLiD\Black rot\black rot383.jpg,3257e047da9880817e3c4225129fe769150529c4ac9361429822ca93e3daf344
GVLiD\Black rot\black rot384.jpg,3257e047da9880817e3c4225129fe769150529c4ac9361429822ca93e3daf344
GVLiD\Black rot\black rot385.jpg,a424a146d2fc3ffe71ad3b1b76410a1f4efb35f13cba1e9ad1a2787d149e22a0
GVLiD\Black rot\black rot386.jpg,a424a146d2fc3ffe71ad3b1b76410a1f4efb35f13cba1e9ad1a2787d149e22a0
GVLiD\Black rot\black rot387.jpg,a424a146d2fc3ffe71ad3b1b76410a1f4efb35f13cba1e9ad1a2787d149e22a0
GVLiD\Black rot\black rot388.jpg,a424a146d2fc3ffe71ad3b1b76410a1f4efb35f13cba1e9ad1a2787d149e22a0
GVLiD\Black rot\black rot389.jpg,57067cedbc49fb6e3c23458fbc43648ed5232a763e47d407987516dc6365b88a
GVLiD\Black rot\black rot390.jpg,57067cedbc49fb6e3c23458fbc43648ed5232a763e47d407987516dc6365b88a
GVLiD\Black rot\black rot391.jpg,57067cedbc49fb6e3c23458fbc43648ed5232a763e47d407987516dc6365b88a
GVLiD\Black rot\black rot392.jpg,57067cedbc49fb6e3c23458fbc43648ed5232a763e47d407987516dc6365b88a
GVLiD\Black rot\black rot393.jpg,cc5764847628efc2a6db62e9b06dea292a43a719e60a3e80834993f789073199
GVLiD\Black rot\black rot394.jpg,cc5764847628efc2a6db62e9b06dea292a43a719e60a3e80834993f789073199
GVLiD\Black rot\black rot395.jpg,cc5764847628efc2a6db62e9b06dea292a43a719e60a3e80834993f789073199
GVLiD\Black rot\black rot396.jpg,cc5764847628efc2a6db62e9b06dea292a43a719e60a3e80834993f789073199
GVLiD\Black rot\black rot397.jpg,aff4068a853d1b1f4de2902d22579dbce77243fc282015e0038c363a9922707a
GVLiD\Black rot\black rot398.jpg,aff4068a853d1b1f4de2902d22579dbce77243fc282015e0038c363a9922707a
GVLiD\Black rot\black rot399.jpg,aff4068a853d1b1f4de2902d22579dbce77243fc282015e0038c363a9922707a
GVLiD\Black rot\black rot400.jpg,aff4068a853d1b1f4de2902d22579dbce77243fc282015e0038c363a9922707a
GVLiD\Black rot\black rot401.jpg,dc8f821fe17bfbe23d2523b9c867cb14ce97e25979ebc5b2d67a1d67cc944a63
GVLiD\Black rot\black rot402.jpg,e5cd92b99019418c099e86dad1c7e49ed45d6e88739cd3bd3b0e4a117eb5d409
GVLiD\Black rot\black rot403.jpg,6d3f516f2c62d9eb7d9ec4cbf6e53893fcb8fda90c6bbad144e5c9fb78b7ed76
GVLiD\Black rot\black rot404.jpg,6d3f516f2c62d9eb7d9ec4cbf6e53893fcb8fda90c6bbad144e5c9fb78b7ed76
GVLiD\Black rot\black rot405.jpg,6d3f516f2c62d9eb7d9ec4cbf6e53893fcb8fda90c6bbad144e5c9fb78b7ed76
GVLiD\Black rot\black rot406.jpg,6d3f516f2c62d9eb7d9ec4cbf6e53893fcb8fda90c6bbad144e5c9fb78b7ed76
GVLiD\Black rot\black rot407.jpg,3891b23996521043b45d08f27575940dff4d054ce500dd418ec596d7709b78f8
GVLiD\Black rot\black rot408.jpg,3891b23996521043b45d08f27575940dff4d054ce500dd418ec596d7709b78f8
GVLiD\Black rot\black rot409.jpg,3891b23996521043b45d08f27575940dff4d054ce500dd418ec596d7709b78f8
GVLiD\Black rot\black rot410.jpg,3891b23996521043b45d08f27575940dff4d054ce500dd418ec596d7709b78f8
GVLiD\Black rot\black rot411.jpg,e57131d7a37181c2daa3d37ef19fdfb2bd4ba64680b899c1cd6a84579feceda1
GVLiD\Black rot\black rot412.jpg,e57131d7a37181c2daa3d37ef19fdfb2bd4ba64680b899c1cd6a84579feceda1
GVLiD\Black rot\black rot413.jpg,e57131d7a37181c2daa3d37ef19fdfb2bd4ba64680b899c1cd6a84579feceda1
GVLiD\Black rot\black rot414.jpg,e57131d7a37181c2daa3d37ef19fdfb2bd4ba64680b899c1cd6a84579feceda1
GVLiD\Black rot\black rot415.jpg,92fc81efae160110f92aab075ac2dedf451838faa322ee44a53f966df818212a
GVLiD\Black rot\black rot416.jpg,92fc81efae160110f92aab075ac2dedf451838faa322ee44a53f966df818212a
GVLiD\Black rot\black rot417.jpg,92fc81efae160110f92aab075ac2dedf451838faa322ee44a53f966df818212a
GVLiD\Black rot\black rot418.jpg,92fc81efae160110f92aab075ac2dedf451838faa322ee44a53f966df818212a
GVLiD\Black rot\black rot419.jpg,4bbfff8e37953ba5501afab495c4d80c63a4f284a5e111d55a1edfe5ce123cbc
GVLiD\Black rot\black rot420.jpg,4bbfff8e37953ba5501afab495c4d80c63a4f284a5e111d55a1edfe5ce123cbc
GVLiD\Black rot\black rot421.jpg,4bbfff8e37953ba5501afab495c4d80c63a4f284a5e111d55a1edfe5ce123cbc
GVLiD\Black rot\black rot422.jpg,4bbfff8e37953ba5501afab495c4d80c63a4f284a5e111d55a1edfe5ce123cbc
GVLiD\Black rot\black rot423.jpg,4b4b2073b7140a86d9ea5c4c023efb580b14f5d2be202f6a27282ad87ac176f8
GVLiD\Black rot\black rot424.jpg,4b4b2073b7140a86d9ea5c4c023efb580b14f5d2be202f6a27282ad87ac176f8
GVLiD\Black rot\black rot425.jpg,4b4b2073b7140a86d9ea5c4c023efb580b14f5d2be202f6a27282ad87ac176f8
GVLiD\Black rot\black rot426.jpg,4b4b2073b7140a86d9ea5c4c023efb580b14f5d2be202f6a27282ad87ac176f8
GVLiD\Black rot\black rot427.jpg,c38aa99e8dc1c52c3a967fb55dc776722209d381e5d8b323842efdcce5297efe
GVLiD\Black rot\black rot428.jpg,c38aa99e8dc1c52c3a967fb55dc776722209d381e5d8b323842efdcce5297efe
GVLiD\Black rot\black rot429.jpg,c38aa99e8dc1c52c3a967fb55dc776722209d381e5d8b323842efdcce5297efe
GVLiD\Black rot\black rot430.jpg,c38aa99e8dc1c52c3a967fb55dc776722209d381e5d8b323842efdcce5297efe
GVLiD\Black rot\black rot431.jpg,4cae60fedf41ec12872f44eb0d5c15466d07d67ac11fc1449ba6f9f09a8f0b4d
GVLiD\Black rot\black rot432.jpg,4cae60fedf41ec12872f44eb0d5c15466d07d67ac11fc1449ba6f9f09a8f0b4d
GVLiD\Black rot\black rot433.jpg,4cae60fedf41ec12872f44eb0d5c15466d07d67ac11fc1449ba6f9f09a8f0b4d
GVLiD\Black rot\black rot434.jpg,4cae60fedf41ec12872f44eb0d5c15466d07d67ac11fc1449ba6f9f09a8f0b4d
GVLiD\Black rot\black rot435.jpg,8dae63400e28cbad01dbf0426c535676c82f9b7aa52e739eedc0014afd7af9c8
GVLiD\Black rot\black rot436.jpg,2474c25adac84528d789ada39d7cda1e99e28e5ce3e2f24ddd02463b397d58e9
GVLiD\Black rot\black rot437.jpg,dc8f821fe17bfbe23d2523b9c867cb14ce97e25979ebc5b2d67a1d67cc944a63
GVLiD\Black rot\black rot438.jpg,8f5b632872a0b9e7e95e61056ce2bc6ad07d2e48bc43d7811f8036e55b242a85
GVLiD\Black rot\black rot439.jpg,6f3d83a5063c29bf82f71068443bf317b629511fb6c4b5d97ed14cb23b555fde
GVLiD\Black rot\black rot440.jpg,a778bdb415058b908ac1b7670a7a38e95a72372a3fc64b1ee30ca2b60ad71947
GVLiD\Black rot\black rot441.jpg,9cd753fb2bb8a9d70db2c9796e78a2d0ca91046c5094e7950d79472eb14f112d
GVLiD\Black rot\black rot442.jpg,65182b29e14451755602b9e59560cc1365a1e27e115cc5ae1d5f4e94ccd6930c
GVLiD\Black rot\black rot443.jpg,e1a6cbc69e78fbc0cd1968dc7ce20f4a1f3f34dc7d57a2cb521a8880b3ca71bf
GVLiD\Black rot\black rot444.jpg,e1a6cbc69e78fbc0cd1968dc7ce20f4a1f3f34dc7d57a2cb521a8880b3ca71bf
GVLiD\Black rot\black rot445.jpg,e1a6cbc69e78fbc0cd1968dc7ce20f4a1f3f34dc7d57a2cb521a8880b3ca71bf
GVLiD\Black rot\black rot446.jpg,e1a6cbc69e78fbc0cd1968dc7ce20f4a1f3f34dc7d57a2cb521a8880b3ca71bf
GVLiD\Black rot\black rot447.jpg,e1a6cbc69e78fbc0cd1968dc7ce20f4a1f3f34dc7d57a2cb521a8880b3ca71bf
GVLiD\Black rot\black rot448.jpg,e1a6cbc69e78fbc0cd1968dc7ce20f4a1f3f34dc7d57a2cb521a8880b3ca71bf
GVLiD\Black rot\black rot449.jpg,e1a6cbc69e78fbc0cd1968dc7ce20f4a1f3f34dc7d57a2cb521a8880b3ca71bf
GVLiD\Black rot\black rot450.jpg,d7f17e5c2336b2c585badb7396465d708dce8b0da9cb700128ccba130957ba33
GVLiD\Black rot\black rot451.jpg,d7f17e5c2336b2c585badb7396465d708dce8b0da9cb700128ccba130957ba33
GVLiD\Black rot\black rot452.jpg,3257e047da9880817e3c4225129fe769150529c4ac9361429822ca93e3daf344
GVLiD\Black rot\black rot453.jpg,3257e047da9880817e3c4225129fe769150529c4ac9361429822ca93e3daf344
GVLiD\Black rot\black rot454.jpg,a424a146d2fc3ffe71ad3b1b76410a1f4efb35f13cba1e9ad1a2787d149e22a0
GVLiD\Black rot\black rot455.jpg,a424a146d2fc3ffe71ad3b1b76410a1f4efb35f13cba1e9ad1a2787d149e22a0
GVLiD\Black rot\black rot456.jpg,57067cedbc49fb6e3c23458fbc43648ed5232a763e47d407987516dc6365b88a
GVLiD\Black rot\black rot457.jpg,c8c1a892c1f178f0b552ec9d9a3bf41cf18d2d08a513ae9e6116885b38103067
GVLiD\Black rot\black rot458.jpg,c8c1a892c1f178f0b552ec9d9a3bf41cf18d2d08a513ae9e6116885b38103067
GVLiD\Black rot\black rot459.jpg,c8c1a892c1f178f0b552ec9d9a3bf41cf18d2d08a513ae9e6116885b38103067
GVLiD\Black rot\black rot460.jpg,c8c1a892c1f178f0b552ec9d9a3bf41cf18d2d08a513ae9e6116885b38103067
GVLiD\Black rot\black rot461.jpg,605c86920ce12932d318073058b232589b54c58c83ea87c9a57cfb25dbc000f5
GVLiD\Black rot\black rot462.jpg,605c86920ce12932d318073058b232589b54c58c83ea87c9a57cfb25dbc000f5
GVLiD\Black rot\black rot463.jpg,605c86920ce12932d318073058b232589b54c58c83ea87c9a57cfb25dbc000f5
GVLiD\Black rot\black rot464.jpg,605c86920ce12932d318073058b232589b54c58c83ea87c9a57cfb25dbc000f5
GVLiD\Black rot\black rot465.jpg,31473c202a2db3302c8cf5ef3da8b251438d48ca77e6354944d5cc109388b63e
GVLiD\Black rot\black rot466.jpg,31473c202a2db3302c8cf5ef3da8b251438d48ca77e6354944d5cc109388b63e
GVLiD\Black rot\black rot467.jpg,31473c202a2db3302c8cf5ef3da8b251438d48ca77e6354944d5cc109388b63e
GVLiD\Black rot\black rot468.jpg,31473c202a2db3302c8cf5ef3da8b251438d48ca77e6354944d5cc109388b63e
GVLiD\Black rot\black rot469.jpg,57067cedbc49fb6e3c23458fbc43648ed5232a763e47d407987516dc6365b88a
GVLiD\Black rot\black rot470.jpg,c8c1a892c1f178f0b552ec9d9a3bf41cf18d2d08a513ae9e6116885b38103067
GVLiD\Black rot\black rot471.jpg,81b60beef40294d9e5178c32d748c87b5baf245793bd66acb396f71582424124
GVLiD\Black rot\black rot472.jpg,81b60beef40294d9e5178c32d748c87b5baf245793bd66acb396f71582424124
GVLiD\Black rot\black rot473.jpg,81b60beef40294d9e5178c32d748c87b5baf245793bd66acb396f71582424124
GVLiD\Black rot\black rot474.jpg,81b60beef40294d9e5178c32d748c87b5baf245793bd66acb396f71582424124
GVLiD\Black rot\black rot475.jpg,c8c1a892c1f178f0b552ec9d9a3bf41cf18d2d08a513ae9e6116885b38103067
GVLiD\Black rot\black rot476.jpg,605c86920ce12932d318073058b232589b54c58c83ea87c9a57cfb25dbc000f5
GVLiD\Black rot\black rot477.jpg,6781e4aaa6cef8a1021d2659328432fa186577462fff3f4d619932b24baa2203
GVLiD\Black rot\black rot478.jpg,6781e4aaa6cef8a1021d2659328432fa186577462fff3f4d619932b24baa2203
GVLiD\Black rot\black rot479.jpg,6781e4aaa6cef8a1021d2659328432fa186577462fff3f4d619932b24baa2203
GVLiD\Black rot\black rot480.jpg,6781e4aaa6cef8a1021d2659328432fa186577462fff3f4d619932b24baa2203
GVLiD\Black rot\black rot481.jpg,605c86920ce12932d318073058b232589b54c58c83ea87c9a57cfb25dbc000f5
GVLiD\Black rot\black rot482.jpg,31473c202a2db3302c8cf5ef3da8b251438d48ca77e6354944d5cc109388b63e
GVLiD\Black rot\black rot483.jpg,15313503ea228d39290b357f9644a29ffad6fdfc82ed167b21a2126e21ed9df0
GVLiD\Black rot\black rot484.jpg,15313503ea228d39290b357f9644a29ffad6fdfc82ed167b21a2126e21ed9df0
GVLiD\Black rot\black rot485.jpg,15313503ea228d39290b357f9644a29ffad6fdfc82ed167b21a2126e21ed9df0
GVLiD\Black rot\black rot486.jpg,15313503ea228d39290b357f9644a29ffad6fdfc82ed167b21a2126e21ed9df0
GVLiD\Black rot\black rot487.jpg,dada75a507b03264aad6b8545c395a1e8caeff8bd97bc9e97959ba44ff06aa4e
GVLiD\Black rot\black rot488.jpg,dada75a507b03264aad6b8545c395a1e8caeff8bd97bc9e97959ba44ff06aa4e
GVLiD\Black rot\black rot489.jpg,dada75a507b03264aad6b8545c395a1e8caeff8bd97bc9e97959ba44ff06aa4e
GVLiD\Black rot\black rot490.jpg,dada75a507b03264aad6b8545c395a1e8caeff8bd97bc9e97959ba44ff06aa4e
GVLiD\Black rot\black rot491.jpg,2b59fd8a23aaa6a6c82b7e32bd4b1c111c6dc2d60e107c70024ed46cb84c9366
GVLiD\Black rot\black rot492.jpg,2b59fd8a23aaa6a6c82b7e32bd4b1c111c6dc2d60e107c70024ed46cb84c9366
GVLiD\Black rot\black rot493.jpg,2b59fd8a23aaa6a6c82b7e32bd4b1c111c6dc2d60e107c70024ed46cb84c9366
GVLiD\Black rot\black rot494.jpg,2b59fd8a23aaa6a6c82b7e32bd4b1c111c6dc2d60e107c70024ed46cb84c9366
GVLiD\Black rot\black rot495.jpg,31473c202a2db3302c8cf5ef3da8b251438d48ca77e6354944d5cc109388b63e
GVLiD\Black rot\black rot496.jpg,81b60beef40294d9e5178c32d748c87b5baf245793bd66acb396f71582424124
GVLiD\Black rot\black rot497.jpg,c8c1a892c1f178f0b552ec9d9a3bf41cf18d2d08a513ae9e6116885b38103067
GVLiD\Black rot\black rot498.jpg,6781e4aaa6cef8a1021d2659328432fa186577462fff3f4d619932b24baa2203
GVLiD\Black rot\black rot499.jpg,81b60beef40294d9e5178c32d748c87b5baf245793bd66acb396f71582424124
GVLiD\Black rot\black rot500.jpg,15313503ea228d39290b357f9644a29ffad6fdfc82ed167b21a2126e21ed9df0
GVLiD\Black rot\black rot501.jpg,40f292c69dc17eff1ecd27612a7effa043bb3d156ca135558abe2f141aff7dad
GVLiD\Black rot\black rot502.jpg,40f292c69dc17eff1ecd27612a7effa043bb3d156ca135558abe2f141aff7dad
GVLiD\Black rot\black rot503.jpg,40f292c69dc17eff1ecd27612a7effa043bb3d156ca135558abe2f141aff7dad
GVLiD\Black rot\black rot504.jpg,40f292c69dc17eff1ecd27612a7effa043bb3d156ca135558abe2f141aff7dad
GVLiD\Black rot\black rot505.jpg,605c86920ce12932d318073058b232589b54c58c83ea87c9a57cfb25dbc000f5
GVLiD\Black rot\black rot506.jpg,dada75a507b03264aad6b8545c395a1e8caeff8bd97bc9e97959ba44ff06aa4e
GVLiD\Black rot\black rot507.jpg,6781e4aaa6cef8a1021d2659328432fa186577462fff3f4d619932b24baa2203
GVLiD\Black rot\black rot508.jpg,2b59fd8a23aaa6a6c82b7e32bd4b1c111c6dc2d60e107c70024ed46cb84c9366
GVLiD\Black rot\black rot509.jpg,31473c202a2db3302c8cf5ef3da8b251438d48ca77e6354944d5cc109388b63e
GVLiD\Black rot\black rot510.jpg,40f292c69dc17eff1ecd27612a7effa043bb3d156ca135558abe2f141aff7dad
GVLiD\Black rot\black rot511.jpg,15313503ea228d39290b357f9644a29ffad6fdfc82ed167b21a2126e21ed9df0
GVLiD\Black rot\black rot512.jpg,cc5764847628efc2a6db62e9b06dea292a43a719e60a3e80834993f789073199
GVLiD\Black rot\black rot513.jpg,dada75a507b03264aad6b8545c395a1e8caeff8bd97bc9e97959ba44ff06aa4e
GVLiD\Black rot\black rot514.jpg,aff4068a853d1b1f4de2902d22579dbce77243fc282015e0038c363a9922707a
GVLiD\Black rot\black rot515.jpg,2b59fd8a23aaa6a6c82b7e32bd4b1c111c6dc2d60e107c70024ed46cb84c9366
GVLiD\Black rot\black rot516.jpg,6d3f516f2c62d9eb7d9ec4cbf6e53893fcb8fda90c6bbad144e5c9fb78b7ed76
GVLiD\Black rot\black rot517.jpg,81b60beef40294d9e5178c32d748c87b5baf245793bd66acb396f71582424124
GVLiD\Black rot\black rot518.jpg,3891b23996521043b45d08f27575940dff4d054ce500dd418ec596d7709b78f8
GVLiD\Black rot\black rot519.jpg,6781e4aaa6cef8a1021d2659328432fa186577462fff3f4d619932b24baa2203
GVLiD\Black rot\black rot520.jpg,e57131d7a37181c2daa3d37ef19fdfb2bd4ba64680b899c1cd6a84579feceda1
GVLiD\Black rot\black rot521.jpg,04448c07ec50565df02fd8cccdf0fbc5d696a66706d202ff122a04c015f2eb9f
GVLiD\Black rot\black rot522.jpg,04448c07ec50565df02fd8cccdf0fbc5d696a66706d202ff122a04c015f2eb9f
GVLiD\Black rot\black rot523.jpg,04448c07ec50565df02fd8cccdf0fbc5d696a66706d202ff122a04c015f2eb9f
GVLiD\Black rot\black rot524.jpg,04448c07ec50565df02fd8cccdf0fbc5d696a66706d202ff122a04c015f2eb9f
GVLiD\Black rot\black rot525.jpg,15313503ea228d39290b357f9644a29ffad6fdfc82ed167b21a2126e21ed9df0
GVLiD\Black rot\black rot526.jpg,04448c07ec50565df02fd8cccdf0fbc5d696a66706d202ff122a04c015f2eb9f
GVLiD\Black rot\black rot527.jpg,40f292c69dc17eff1ecd27612a7effa043bb3d156ca135558abe2f141aff7dad
GVLiD\Black rot\black rot528.jpg,92fc81efae160110f92aab075ac2dedf451838faa322ee44a53f966df818212a
GVLiD\Black rot\black rot529.jpg,dada75a507b03264aad6b8545c395a1e8caeff8bd97bc9e97959ba44ff06aa4e
GVLiD\Black rot\black rot530.jpg,4bbfff8e37953ba5501afab495c4d80c63a4f284a5e111d55a1edfe5ce123cbc
GVLiD\Black rot\black rot531.jpg,2b59fd8a23aaa6a6c82b7e32bd4b1c111c6dc2d60e107c70024ed46cb84c9366
GVLiD\Black rot\black rot532.jpg,4b4b2073b7140a86d9ea5c4c023efb580b14f5d2be202f6a27282ad87ac176f8
GVLiD\Black rot\black rot533.jpg,40f292c69dc17eff1ecd27612a7effa043bb3d156ca135558abe2f141aff7dad
GVLiD\Black rot\black rot534.jpg,c38aa99e8dc1c52c3a967fb55dc776722209d381e5d8b323842efdcce5297efe
GVLiD\Black rot\black rot535.jpg,cc5764847628efc2a6db62e9b06dea292a43a719e60a3e80834993f789073199
GVLiD\Black rot\black rot536.jpg,4cae60fedf41ec12872f44eb0d5c15466d07d67ac11fc1449ba6f9f09a8f0b4d
GVLiD\Black rot\black rot537.jpg,aff4068a853d1b1f4de2902d22579dbce77243fc282015e0038c363a9922707a
GVLiD\Black rot\black rot538.jpg,e1a6cbc69e78fbc0cd1968dc7ce20f4a1f3f34dc7d57a2cb521a8880b3ca71bf
GVLiD\Black rot\black rot539.jpg,6d3f516f2c62d9eb7d9ec4cbf6e53893fcb8fda90c6bbad144e5c9fb78b7ed76
GVLiD\Black rot\black rot540.jpg,c8c1a892c1f178f0b552ec9d9a3bf41cf18d2d08a513ae9e6116885b38103067
GVLiD\Black rot\black rot541.jpg,3891b23996521043b45d08f27575940dff4d054ce500dd418ec596d7709b78f8
GVLiD\Black rot\black rot542.jpg,605c86920ce12932d318073058b232589b54c58c83ea87c9a57cfb25dbc000f5
GVLiD\Black rot\black rot543.jpg,e57131d7a37181c2daa3d37ef19fdfb2bd4ba64680b899c1cd6a84579feceda1
GVLiD\Black rot\black rot544.jpg,31473c202a2db3302c8cf5ef3da8b251438d48ca77e6354944d5cc109388b63e
GVLiD\Black rot\black rot545.jpg,04448c07ec50565df02fd8cccdf0fbc5d696a66706d202ff122a04c015f2eb9f
GVLiD\Black rot\black rot546.jpg,81b60beef40294d9e5178c32d748c87b5baf245793bd66acb396f71582424124
GVLiD\Black rot\black rot547.jpg,04448c07ec50565df02fd8cccdf0fbc5d696a66706d202ff122a04c015f2eb9f
GVLiD\Black rot\black rot548.jpg,6781e4aaa6cef8a1021d2659328432fa186577462fff3f4d619932b24baa2203
GVLiD\Black rot\black rot549.jpg,92fc81efae160110f92aab075ac2dedf451838faa322ee44a53f966df818212a
GVLiD\Black rot\black rot550.jpg,15313503ea228d39290b357f9644a29ffad6fdfc82ed167b21a2126e21ed9df0
GVLiD\Black rot\black rot551.jpg,4bbfff8e37953ba5501afab495c4d80c63a4f284a5e111d55a1edfe5ce123cbc
GVLiD\Black rot\black rot552.jpg,dada75a507b03264aad6b8545c395a1e8caeff8bd97bc9e97959ba44ff06aa4e
GVLiD\Black rot\black rot553.jpg,4b4b2073b7140a86d9ea5c4c023efb580b14f5d2be202f6a27282ad87ac176f8
GVLiD\Black rot\black rot554.jpg,2b59fd8a23aaa6a6c82b7e32bd4b1c111c6dc2d60e107c70024ed46cb84c9366
GVLiD\Black rot\black rot555.jpg,c38aa99e8dc1c52c3a967fb55dc776722209d381e5d8b323842efdcce5297efe
GVLiD\Black rot\black rot556.jpg,40f292c69dc17eff1ecd27612a7effa043bb3d156ca135558abe2f141aff7dad
GVLiD\Black rot\black rot557.jpg,4cae60fedf41ec12872f44eb0d5c15466d07d67ac11fc1449ba6f9f09a8f0b4d
GVLiD\Black rot\black rot558.jpg,04448c07ec50565df02fd8cccdf0fbc5d696a66706d202ff122a04c015f2eb9f
GVLiD\Black rot\black rot559.jpg,f2293cad0addc59cfebd591ed90d3b34dbb7bd882365418664b2b94c2d69ce5a
GVLiD\Black rot\black rot560.jpg,cfdbe282898a599c42a84ca53555882fb557606e5d909f99a9cc74aec1e7b1a1
GVLiD\Black rot\black rot561.jpg,405a750bd60f12f7d787f4c8aa3be5280f5d3a316878ddaa1c602953bdba4890
GVLiD\Black rot\black rot562.jpg,7bef8995084830ed6632c6dfb6b4dbe619c04327285c3786a79fd1a3bd340816
GVLiD\Black rot\black rot563.jpg,e5cd92b99019418c099e86dad1c7e49ed45d6e88739cd3bd3b0e4a117eb5d409
GVLiD\Black rot\black rot564.jpg,282adf1ca96fabc29d2978b3a7eb1668398711511963cd14746fed9e8bb0e9a6
GVLiD\Black rot\black rot565.jpg,2474c25adac84528d789ada39d7cda1e99e28e5ce3e2f24ddd02463b397d58e9
GVLiD\Black rot\black rot566.jpg,8dae63400e28cbad01dbf0426c535676c82f9b7aa52e739eedc0014afd7af9c8
GVLiD\Black rot\black rot567.jpg,6f3d83a5063c29bf82f71068443bf317b629511fb6c4b5d97ed14cb23b555fde
GVLiD\Black rot\black rot568.jpg,dc8f821fe17bfbe23d2523b9c867cb14ce97e25979ebc5b2d67a1d67cc944a63
GVLiD\Black rot\black rot569.jpg,8f5b632872a0b9e7e95e61056ce2bc6ad07d2e48bc43d7811f8036e55b242a85
GVLiD\Black rot\black rot570.jpg,6f3d83a5063c29bf82f71068443bf317b629511fb6c4b5d97ed14cb23b555fde
GVLiD\Black rot\black rot571.jpg,9cd753fb2bb8a9d70db2c9796e78a2d0ca91046c5094e7950d79472eb14f112d
GVLiD\Black rot\black rot572.jpg,9cd753fb2bb8a9d70db2c9796e78a2d0ca91046c5094e7950d79472eb14f112d
GVLiD\Black rot\black rot573.jpg,f2293cad0addc59cfebd591ed90d3b34dbb7bd882365418664b2b94c2d69ce5a
GVLiD\Black rot\black rot574.jpg,f2293cad0addc59cfebd591ed90d3b34dbb7bd882365418664b2b94c2d69ce5a
GVLiD\Black rot\black rot575.jpg,405a750bd60f12f7d787f4c8aa3be5280f5d3a316878ddaa1c602953bdba4890
GVLiD\Black rot\black rot576.jpg,405a750bd60f12f7d787f4c8aa3be5280f5d3a316878ddaa1c602953bdba4890
GVLiD\Black rot\black rot577.jpg,a778bdb415058b908ac1b7670a7a38e95a72372a3fc64b1ee30ca2b60ad71947
GVLiD\Black rot\black rot578.jpg,e5cd92b99019418c099e86dad1c7e49ed45d6e88739cd3bd3b0e4a117eb5d409
GVLiD\Black rot\black rot579.jpg,80c31c54c9171fe1b267c02354b6b7b15e9212d9e15b7e0d7b03bb729684422b
GVLiD\Black rot\black rot580.jpg,80c31c54c9171fe1b267c02354b6b7b15e9212d9e15b7e0d7b03bb729684422b
GVLiD\Black rot\black rot581.jpg,80c31c54c9171fe1b267c02354b6b7b15e9212d9e15b7e0d7b03bb729684422b
GVLiD\Black rot\black rot582.jpg,80c31c54c9171fe1b267c02354b6b7b15e9212d9e15b7e0d7b03bb729684422b
GVLiD\Black rot\black rot583.jpg,80c31c54c9171fe1b267c02354b6b7b15e9212d9e15b7e0d7b03bb729684422b
GVLiD\Black rot\black rot584.jpg,80c31c54c9171fe1b267c02354b6b7b15e9212d9e15b7e0d7b03bb729684422b
GVLiD\Black rot\black rot585.jpg,80c31c54c9171fe1b267c02354b6b7b15e9212d9e15b7e0d7b03bb729684422b
GVLiD\Black rot\black rot586.jpg,80c31c54c9171fe1b267c02354b6b7b15e9212d9e15b7e0d7b03bb729684422b
GVLiD\Black rot\black rot587.jpg,f0d966924bd955d2bb6d1159a98e23ca8c227d33ee8ae35c4e786b295b8c816e
GVLiD\Black rot\black rot588.jpg,f0d966924bd955d2bb6d1159a98e23ca8c227d33ee8ae35c4e786b295b8c816e
GVLiD\Black rot\black rot589.jpg,f0d966924bd955d2bb6d1159a98e23ca8c227d33ee8ae35c4e786b295b8c816e
GVLiD\Black rot\black rot590.jpg,f0d966924bd955d2bb6d1159a98e23ca8c227d33ee8ae35c4e786b295b8c816e
GVLiD\Black rot\black rot591.jpg,f0d966924bd955d2bb6d1159a98e23ca8c227d33ee8ae35c4e786b295b8c816e
GVLiD\Black rot\black rot592.jpg,f0d966924bd955d2bb6d1159a98e23ca8c227d33ee8ae35c4e786b295b8c816e
GVLiD\Black rot\black rot593.jpg,f0d966924bd955d2bb6d1159a98e23ca8c227d33ee8ae35c4e786b295b8c816e
GVLiD\Black rot\black rot594.jpg,f0d966924bd955d2bb6d1159a98e23ca8c227d33ee8ae35c4e786b295b8c816e
GVLiD\Black rot\black rot595.jpg,65182b29e14451755602b9e59560cc1365a1e27e115cc5ae1d5f4e94ccd6930c
GVLiD\Black rot\black rot596.jpg,2474c25adac84528d789ada39d7cda1e99e28e5ce3e2f24ddd02463b397d58e9
GVLiD\Black rot\black rot597.jpg,d7f17e5c2336b2c585badb7396465d708dce8b0da9cb700128ccba130957ba33
GVLiD\Black rot\black rot598.jpg,8f5b632872a0b9e7e95e61056ce2bc6ad07d2e48bc43d7811f8036e55b242a85
GVLiD\Black rot\black rot599.jpg,3257e047da9880817e3c4225129fe769150529c4ac9361429822ca93e3daf344
GVLiD\Black rot\black rot600.jpg,a778bdb415058b908ac1b7670a7a38e95a72372a3fc64b1ee30ca2b60ad71947
GVLiD\Black rot\black rot601.jpg,a424a146d2fc3ffe71ad3b1b76410a1f4efb35f13cba1e9ad1a2787d149e22a0
GVLiD\Black rot\black rot602.jpg,65182b29e14451755602b9e59560cc1365a1e27e115cc5ae1d5f4e94ccd6930c
GVLiD\Black rot\black rot603.jpg,57067cedbc49fb6e3c23458fbc43648ed5232a763e47d407987516dc6365b88a
GVLiD\Black rot\black rot604.jpg,d7f17e5c2336b2c585badb7396465d708dce8b0da9cb700128ccba130957ba33
GVLiD\Black rot\black rot605.jpg,cc5764847628efc2a6db62e9b06dea292a43a719e60a3e80834993f789073199
GVLiD\Black rot\black rot606.jpg,3257e047da9880817e3c4225129fe769150529c4ac9361429822ca93e3daf344
GVLiD\Black rot\black rot607.jpg,aff4068a853d1b1f4de2902d22579dbce77243fc282015e0038c363a9922707a
GVLiD\Black rot\black rot608.jpg,a424a146d2fc3ffe71ad3b1b76410a1f4efb35f13cba1e9ad1a2787d149e22a0
GVLiD\Black rot\black rot609.jpg,449463b29eb06fe07263757252aca9fd6c74f4e3406bb0665bb9c9ba5d8f8660
GVLiD\Black rot\black rot610.jpg,449463b29eb06fe07263757252aca9fd6c74f4e3406bb0665bb9c9ba5d8f8660
GVLiD\Black rot\black rot611.jpg,449463b29eb06fe07263757252aca9fd6c74f4e3406bb0665bb9c9ba5d8f8660
GVLiD\Black rot\black rot612.jpg,449463b29eb06fe07263757252aca9fd6c74f4e3406bb0665bb9c9ba5d8f8660
GVLiD\Black rot\black rot613.jpg,449463b29eb06fe07263757252aca9fd6c74f4e3406bb0665bb9c9ba5d8f8660
GVLiD\Black rot\black rot614.jpg,449463b29eb06fe07263757252aca9fd6c74f4e3406bb0665bb9c9ba5d8f8660
GVLiD\Black rot\black rot615.jpg,449463b29eb06fe07263757252aca9fd6c74f4e3406bb0665bb9c9ba5d8f8660
GVLiD\Black rot\black rot616.jpg,449463b29eb06fe07263757252aca9fd6c74f4e3406bb0665bb9c9ba5d8f8660
GVLiD\Black rot\black rot617.jpg,e5cd92b99019418c099e86dad1c7e49ed45d6e88739cd3bd3b0e4a117eb5d409
GVLiD\Black rot\black rot618.jpg,57067cedbc49fb6e3c23458fbc43648ed5232a763e47d407987516dc6365b88a
GVLiD\Black rot\black rot619.jpg,6d3f516f2c62d9eb7d9ec4cbf6e53893fcb8fda90c6bbad144e5c9fb78b7ed76
GVLiD\Black rot\black rot620.jpg,cc5764847628efc2a6db62e9b06dea292a43a719e60a3e80834993f789073199
GVLiD\Black rot\black rot621.jpg,3891b23996521043b45d08f27575940dff4d054ce500dd418ec596d7709b78f8
GVLiD\Black rot\black rot622.jpg,aff4068a853d1b1f4de2902d22579dbce77243fc282015e0038c363a9922707a
GVLiD\Black rot\black rot623.jpg,e57131d7a37181c2daa3d37ef19fdfb2bd4ba64680b899c1cd6a84579feceda1
GVLiD\Black rot\black rot624.jpg,6d3f516f2c62d9eb7d9ec4cbf6e53893fcb8fda90c6bbad144e5c9fb78b7ed76
GVLiD\Black rot\black rot625.jpg,92fc81efae160110f92aab075ac2dedf451838faa322ee44a53f966df818212a
GVLiD\Black rot\black rot626.jpg,3891b23996521043b45d08f27575940dff4d054ce500dd418ec596d7709b78f8
GVLiD\Black rot\black rot627.jpg,4bbfff8e37953ba5501afab495c4d80c63a4f284a5e111d55a1edfe5ce123cbc
GVLiD\Black rot\black rot628.jpg,e57131d7a37181c2daa3d37ef19fdfb2bd4ba64680b899c1cd6a84579feceda1
GVLiD\Black rot\black rot629.jpg,80b747d9f26ffea7bfd88d242069cc90bc2a07d60432eef2ec4ecd29ec9827d7
GVLiD\Black rot\black rot630.jpg,80b747d9f26ffea7bfd88d242069cc90bc2a07d60432eef2ec4ecd29ec9827d7
GVLiD\Black rot\black rot631.jpg,80b747d9f26ffea7bfd88d242069cc90bc2a07d60432eef2ec4ecd29ec9827d7
GVLiD\Black rot\black rot632.jpg,80b747d9f26ffea7bfd88d242069cc90bc2a07d60432eef2ec4ecd29ec9827d7
GVLiD\Black rot\black rot633.jpg,80b747d9f26ffea7bfd88d242069cc90bc2a07d60432eef2ec4ecd29ec9827d7
GVLiD\Black rot\black rot634.jpg,80b747d9f26ffea7bfd88d242069cc90bc2a07d60432eef2ec4ecd29ec9827d7
GVLiD\Black rot\black rot635.jpg,80b747d9f26ffea7bfd88d242069cc90bc2a07d60432eef2ec4ecd29ec9827d7
GVLiD\Black rot\black rot636.jpg,80b747d9f26ffea7bfd88d242069cc90bc2a07d60432eef2ec4ecd29ec9827d7
GVLiD\Black rot\black rot637.jpg,4b4b2073b7140a86d9ea5c4c023efb580b14f5d2be202f6a27282ad87ac176f8
GVLiD\Black rot\black rot638.jpg,92fc81efae160110f92aab075ac2dedf451838faa322ee44a53f966df818212a
GVLiD\Black rot\black rot639.jpg,c38aa99e8dc1c52c3a967fb55dc776722209d381e5d8b323842efdcce5297efe
GVLiD\Black rot\black rot640.jpg,4bbfff8e37953ba5501afab495c4d80c63a4f284a5e111d55a1edfe5ce123cbc
GVLiD\Black rot\black rot641.jpg,4cae60fedf41ec12872f44eb0d5c15466d07d67ac11fc1449ba6f9f09a8f0b4d
GVLiD\Black rot\black rot642.jpg,4b4b2073b7140a86d9ea5c4c023efb580b14f5d2be202f6a27282ad87ac176f8
GVLiD\Black rot\black rot643.jpg,2474c25adac84528d789ada39d7cda1e99e28e5ce3e2f24ddd02463b397d58e9
GVLiD\Black rot\black rot644.jpg,c38aa99e8dc1c52c3a967fb55dc776722209d381e5d8b323842efdcce5297efe
GVLiD\Black rot\black rot645.jpg,8f5b632872a0b9e7e95e61056ce2bc6ad07d2e48bc43d7811f8036e55b242a85
GVLiD\Black rot\black rot646.jpg,4cae60fedf41ec12872f44eb0d5c15466d07d67ac11fc1449ba6f9f09a8f0b4d
GVLiD\Black rot\black rot647.jpg,a778bdb415058b908ac1b7670a7a38e95a72372a3fc64b1ee30ca2b60ad71947
GVLiD\Black rot\black rot648.jpg,65182b29e14451755602b9e59560cc1365a1e27e115cc5ae1d5f4e94ccd6930c
GVLiD\Black rot\black rot649.jpg,995229257f3077a50d9038a8935899f77ed1c3f6624b0118466d8ed7e9305441
GVLiD\Black rot\black rot650.jpg,995229257f3077a50d9038a8935899f77ed1c3f6624b0118466d8ed7e9305441
GVLiD\Black rot\black rot651.jpg,995229257f3077a50d9038a8935899f77ed1c3f6624b0118466d8ed7e9305441
GVLiD\Black rot\black rot652.jpg,995229257f3077a50d9038a8935899f77ed1c3f6624b0118466d8ed7e9305441
GVLiD\Black rot\black rot653.jpg,24acc1c4218a8df48fc1620ae242ba1e775dc9e5bf339056ca51621adde7ccd9
GVLiD\Black rot\black rot654.jpg,24acc1c4218a8df48fc1620ae242ba1e775dc9e5bf339056ca51621adde7ccd9
GVLiD\Black rot\black rot655.jpg,24acc1c4218a8df48fc1620ae242ba1e775dc9e5bf339056ca51621adde7ccd9
GVLiD\Black rot\black rot656.jpg,24acc1c4218a8df48fc1620ae242ba1e775dc9e5bf339056ca51621adde7ccd9
GVLiD\Black rot\black rot657.jpg,ba9d808b192cd5a1bf3ee2b9330048aa38575bfa2289dbbb483cf7e7b0772de1
GVLiD\Black rot\black rot658.jpg,ba9d808b192cd5a1bf3ee2b9330048aa38575bfa2289dbbb483cf7e7b0772de1
GVLiD\Black rot\black rot659.jpg,ba9d808b192cd5a1bf3ee2b9330048aa38575bfa2289dbbb483cf7e7b0772de1
GVLiD\Black rot\black rot660.jpg,ba9d808b192cd5a1bf3ee2b9330048aa38575bfa2289dbbb483cf7e7b0772de1
GVLiD\Black rot\black rot661.jpg,8b313a69063a3187eb422b288956354770bdbbb83717141756a11a7e94589154
GVLiD\Black rot\black rot662.jpg,8b313a69063a3187eb422b288956354770bdbbb83717141756a11a7e94589154
GVLiD\Black rot\black rot663.jpg,8b313a69063a3187eb422b288956354770bdbbb83717141756a11a7e94589154
GVLiD\Black rot\black rot664.jpg,8b313a69063a3187eb422b288956354770bdbbb83717141756a11a7e94589154
GVLiD\Black rot\black rot665.jpg,ede532d458e69160d4a67ed707180ec1fa1266c02f1fc6025b82a3ebac71e9b5
GVLiD\Black rot\black rot666.jpg,ede532d458e69160d4a67ed707180ec1fa1266c02f1fc6025b82a3ebac71e9b5
GVLiD\Black rot\black rot667.jpg,ede532d458e69160d4a67ed707180ec1fa1266c02f1fc6025b82a3ebac71e9b5
GVLiD\Black rot\black rot668.jpg,ede532d458e69160d4a67ed707180ec1fa1266c02f1fc6025b82a3ebac71e9b5
GVLiD\Black rot\black rot669.jpg,995229257f3077a50d9038a8935899f77ed1c3f6624b0118466d8ed7e9305441
GVLiD\Black rot\black rot670.jpg,995229257f3077a50d9038a8935899f77ed1c3f6624b0118466d8ed7e9305441
GVLiD\Black rot\black rot671.jpg,24acc1c4218a8df48fc1620ae242ba1e775dc9e5bf339056ca51621adde7ccd9
GVLiD\Black rot\black rot672.jpg,24acc1c4218a8df48fc1620ae242ba1e775dc9e5bf339056ca51621adde7ccd9
GVLiD\Black rot\black rot673.jpg,ba9d808b192cd5a1bf3ee2b9330048aa38575bfa2289dbbb483cf7e7b0772de1
GVLiD\Black rot\black rot674.jpg,ba9d808b192cd5a1bf3ee2b9330048aa38575bfa2289dbbb483cf7e7b0772de1
GVLiD\Black rot\black rot675.jpg,8b313a69063a3187eb422b288956354770bdbbb83717141756a11a7e94589154
GVLiD\Black rot\black rot676.jpg,8b313a69063a3187eb422b288956354770bdbbb83717141756a11a7e94589154
GVLiD\Black rot\black rot677.jpg,74f16e0042eecbc2b3de8418089eb4a1fc7266ef9a85d9318053cecf516d3682
GVLiD\Black rot\black rot678.jpg,74f16e0042eecbc2b3de8418089eb4a1fc7266ef9a85d9318053cecf516d3682
GVLiD\Black rot\black rot679.jpg,74f16e0042eecbc2b3de8418089eb4a1fc7266ef9a85d9318053cecf516d3682
GVLiD\Black rot\black rot680.jpg,74f16e0042eecbc2b3de8418089eb4a1fc7266ef9a85d9318053cecf516d3682
GVLiD\Black rot\black rot681.jpg,ede532d458e69160d4a67ed707180ec1fa1266c02f1fc6025b82a3ebac71e9b5
GVLiD\Black rot\black rot682.jpg,ede532d458e69160d4a67ed707180ec1fa1266c02f1fc6025b82a3ebac71e9b5
GVLiD\Black rot\black rot683.jpg,995229257f3077a50d9038a8935899f77ed1c3f6624b0118466d8ed7e9305441
GVLiD\Black rot\black rot684.jpg,74f16e0042eecbc2b3de8418089eb4a1fc7266ef9a85d9318053cecf516d3682
GVLiD\Black rot\black rot685.jpg,24acc1c4218a8df48fc1620ae242ba1e775dc9e5bf339056ca51621adde7ccd9
GVLiD\Black rot\black rot686.jpg,995229257f3077a50d9038a8935899f77ed1c3f6624b0118466d8ed7e9305441
GVLiD\Black rot\black rot687.jpg,ba9d808b192cd5a1bf3ee2b9330048aa38575bfa2289dbbb483cf7e7b0772de1
GVLiD\Black rot\black rot688.jpg,24acc1c4218a8df48fc1620ae242ba1e775dc9e5bf339056ca51621adde7ccd9
GVLiD\Black rot\black rot689.jpg,8b313a69063a3187eb422b288956354770bdbbb83717141756a11a7e94589154
GVLiD\Black rot\black rot690.jpg,ba9d808b192cd5a1bf3ee2b9330048aa38575bfa2289dbbb483cf7e7b0772de1
GVLiD\Black rot\black rot691.jpg,74f16e0042eecbc2b3de8418089eb4a1fc7266ef9a85d9318053cecf516d3682
GVLiD\Black rot\black rot692.jpg,8b313a69063a3187eb422b288956354770bdbbb83717141756a11a7e94589154
GVLiD\Black rot\black rot693.jpg,ede532d458e69160d4a67ed707180ec1fa1266c02f1fc6025b82a3ebac71e9b5
GVLiD\Black rot\black rot694.jpg,ede532d458e69160d4a67ed707180ec1fa1266c02f1fc6025b82a3ebac71e9b5
GVLiD\Black rot\black rot695.jpg,74f16e0042eecbc2b3de8418089eb4a1fc7266ef9a85d9318053cecf516d3682
GVLiD\Black rot\black rot696.jpg,74f16e0042eecbc2b3de8418089eb4a1fc7266ef9a85d9318053cecf516d3682
GVLiD\Black rot\black rot697.jpg,a0279a216a733233ba39216b5fa5a53fca0081686b0583e92987b59912053028
GVLiD\Black rot\black rot698.jpg,a0279a216a733233ba39216b5fa5a53fca0081686b0583e92987b59912053028
GVLiD\Black rot\black rot699.jpg,a0279a216a733233ba39216b5fa5a53fca0081686b0583e92987b59912053028
GVLiD\Black rot\black rot700.jpg,a0279a216a733233ba39216b5fa5a53fca0081686b0583e92987b59912053028
GVLiD\Black rot\black rot701.jpg,6fe8bcc12af5809ca164caed504725a48b44c8a3bcf221201a833fdc9418bac0
GVLiD\Black rot\black rot702.jpg,6fe8bcc12af5809ca164caed504725a48b44c8a3bcf221201a833fdc9418bac0
GVLiD\Black rot\black rot703.jpg,6fe8bcc12af5809ca164caed504725a48b44c8a3bcf221201a833fdc9418bac0
GVLiD\Black rot\black rot704.jpg,6fe8bcc12af5809ca164caed504725a48b44c8a3bcf221201a833fdc9418bac0
GVLiD\Black rot\black rot705.jpg,b514c16ce36c23dd4869a9170dc7a732399f4c6d1fefef7221e76d4d1248fda9
GVLiD\Black rot\black rot706.jpg,b514c16ce36c23dd4869a9170dc7a732399f4c6d1fefef7221e76d4d1248fda9
GVLiD\Black rot\black rot707.jpg,b514c16ce36c23dd4869a9170dc7a732399f4c6d1fefef7221e76d4d1248fda9
GVLiD\Black rot\black rot708.jpg,b514c16ce36c23dd4869a9170dc7a732399f4c6d1fefef7221e76d4d1248fda9
GVLiD\Black rot\black rot709.jpg,3b25f9211b9fa8aa6ed9f56217e2b5143a11b86aa773d8edd98d71e60ba26b48
GVLiD\Black rot\black rot710.jpg,3b25f9211b9fa8aa6ed9f56217e2b5143a11b86aa773d8edd98d71e60ba26b48
GVLiD\Black rot\black rot711.jpg,3b25f9211b9fa8aa6ed9f56217e2b5143a11b86aa773d8edd98d71e60ba26b48
GVLiD\Black rot\black rot712.jpg,3b25f9211b9fa8aa6ed9f56217e2b5143a11b86aa773d8edd98d71e60ba26b48
GVLiD\Black rot\black rot713.jpg,a0279a216a733233ba39216b5fa5a53fca0081686b0583e92987b59912053028
GVLiD\Black rot\black rot714.jpg,a0279a216a733233ba39216b5fa5a53fca0081686b0583e92987b59912053028
GVLiD\Black rot\black rot715.jpg,6fe8bcc12af5809ca164caed504725a48b44c8a3bcf221201a833fdc9418bac0
GVLiD\Black rot\black rot716.jpg,6fe8bcc12af5809ca164caed504725a48b44c8a3bcf221201a833fdc9418bac0
GVLiD\Black rot\black rot717.jpg,b514c16ce36c23dd4869a9170dc7a732399f4c6d1fefef7221e76d4d1248fda9
GVLiD\Black rot\black rot718.jpg,b514c16ce36c23dd4869a9170dc7a732399f4c6d1fefef7221e76d4d1248fda9
GVLiD\Black rot\black rot719.jpg,3b25f9211b9fa8aa6ed9f56217e2b5143a11b86aa773d8edd98d71e60ba26b48
GVLiD\Black rot\black rot720.jpg,3b25f9211b9fa8aa6ed9f56217e2b5143a11b86aa773d8edd98d71e60ba26b48
GVLiD\Black rot\black rot721.jpg,a0279a216a733233ba39216b5fa5a53fca0081686b0583e92987b59912053028
GVLiD\Black rot\black rot722.jpg,a0279a216a733233ba39216b5fa5a53fca0081686b0583e92987b59912053028
GVLiD\Black rot\black rot723.jpg,d58e1a4a65108a3e82400ce9f5a5a9ff1b5f80de2176ca875615af0ef2981fd9
GVLiD\Black rot\black rot724.jpg,d58e1a4a65108a3e82400ce9f5a5a9ff1b5f80de2176ca875615af0ef2981fd9
GVLiD\Black rot\black rot725.jpg,d58e1a4a65108a3e82400ce9f5a5a9ff1b5f80de2176ca875615af0ef2981fd9
GVLiD\Black rot\black rot726.jpg,d58e1a4a65108a3e82400ce9f5a5a9ff1b5f80de2176ca875615af0ef2981fd9
GVLiD\Black rot\black rot727.jpg,6fe8bcc12af5809ca164caed504725a48b44c8a3bcf221201a833fdc9418bac0
GVLiD\Black rot\black rot728.jpg,d58e1a4a65108a3e82400ce9f5a5a9ff1b5f80de2176ca875615af0ef2981fd9
GVLiD\Black rot\black rot729.jpg,b514c16ce36c23dd4869a9170dc7a732399f4c6d1fefef7221e76d4d1248fda9
GVLiD\Black rot\black rot730.jpg,6fe8bcc12af5809ca164caed504725a48b44c8a3bcf221201a833fdc9418bac0
GVLiD\Black rot\black rot731.jpg,3b25f9211b9fa8aa6ed9f56217e2b5143a11b86aa773d8edd98d71e60ba26b48
GVLiD\Black rot\black rot732.jpg,b514c16ce36c23dd4869a9170dc7a732399f4c6d1fefef7221e76d4d1248fda9
GVLiD\Black rot\black rot733.jpg,d58e1a4a65108a3e82400ce9f5a5a9ff1b5f80de2176ca875615af0ef2981fd9
GVLiD\Black rot\black rot734.jpg,3b25f9211b9fa8aa6ed9f56217e2b5143a11b86aa773d8edd98d71e60ba26b48
GVLiD\Black rot\black rot735.jpg,d58e1a4a65108a3e82400ce9f5a5a9ff1b5f80de2176ca875615af0ef2981fd9
GVLiD\Black rot\black rot736.jpg,d58e1a4a65108a3e82400ce9f5a5a9ff1b5f80de2176ca875615af0ef2981fd9
GVLiD\Black rot\black rot737.jpg,7a94cea39adde0bfaed7a312e5edc8bd0854800d467450981fc095ab67c9ffd8
GVLiD\Black rot\black rot738.jpg,7a94cea39adde0bfaed7a312e5edc8bd0854800d467450981fc095ab67c9ffd8
GVLiD\Black rot\black rot739.jpg,7a94cea39adde0bfaed7a312e5edc8bd0854800d467450981fc095ab67c9ffd8
GVLiD\Black rot\black rot740.jpg,7a94cea39adde0bfaed7a312e5edc8bd0854800d467450981fc095ab67c9ffd8
GVLiD\Black rot\black rot741.jpg,7a94cea39adde0bfaed7a312e5edc8bd0854800d467450981fc095ab67c9ffd8
GVLiD\Black rot\black rot742.jpg,7a94cea39adde0bfaed7a312e5edc8bd0854800d467450981fc095ab67c9ffd8
GVLiD\Black rot\black rot743.jpg,7a94cea39adde0bfaed7a312e5edc8bd0854800d467450981fc095ab67c9ffd8
GVLiD\Black rot\black rot744.jpg,7a94cea39adde0bfaed7a312e5edc8bd0854800d467450981fc095ab67c9ffd8
GVLiD\Black rot\black rot745.jpg,65c2addb006e2a799166b713b015920f3cf99b31541d12f307ca33dd30db599c
GVLiD\Black rot\black rot746.jpg,65c2addb006e2a799166b713b015920f3cf99b31541d12f307ca33dd30db599c
GVLiD\Black rot\black rot747.jpg,65c2addb006e2a799166b713b015920f3cf99b31541d12f307ca33dd30db599c
GVLiD\Black rot\black rot748.jpg,65c2addb006e2a799166b713b015920f3cf99b31541d12f307ca33dd30db599c
GVLiD\Black rot\black rot749.jpg,65c2addb006e2a799166b713b015920f3cf99b31541d12f307ca33dd30db599c
GVLiD\Black rot\black rot750.jpg,65c2addb006e2a799166b713b015920f3cf99b31541d12f307ca33dd30db599c
GVLiD\Black rot\black rot751.jpg,65c2addb006e2a799166b713b015920f3cf99b31541d12f307ca33dd30db599c
GVLiD\Black rot\black rot752.jpg,65c2addb006e2a799166b713b015920f3cf99b31541d12f307ca33dd30db599c
GVLiD\Black rot\black rot753.jpg,327ba2c8a497e552e41dc793760920e1804801b6e13c88004ea456a88b9a4d4c
GVLiD\Black rot\black rot754.jpg,327ba2c8a497e552e41dc793760920e1804801b6e13c88004ea456a88b9a4d4c
GVLiD\Black rot\black rot755.jpg,327ba2c8a497e552e41dc793760920e1804801b6e13c88004ea456a88b9a4d4c
GVLiD\Black rot\black rot756.jpg,327ba2c8a497e552e41dc793760920e1804801b6e13c88004ea456a88b9a4d4c
GVLiD\Black rot\black rot757.jpg,327ba2c8a497e552e41dc793760920e1804801b6e13c88004ea456a88b9a4d4c
GVLiD\Black rot\black rot758.jpg,327ba2c8a497e552e41dc793760920e1804801b6e13c88004ea456a88b9a4d4c
GVLiD\Black rot\black rot759.jpg,3dbe6d05c71e80ff25ecdb4a49ac68d58f0f783d76f023658a7dbd315242c3d4
GVLiD\Black rot\black rot760.jpg,3dbe6d05c71e80ff25ecdb4a49ac68d58f0f783d76f023658a7dbd315242c3d4
GVLiD\Black rot\black rot761.jpg,3dbe6d05c71e80ff25ecdb4a49ac68d58f0f783d76f023658a7dbd315242c3d4
GVLiD\Black rot\black rot762.jpg,3dbe6d05c71e80ff25ecdb4a49ac68d58f0f783d76f023658a7dbd315242c3d4
GVLiD\Black rot\black rot763.jpg,327ba2c8a497e552e41dc793760920e1804801b6e13c88004ea456a88b9a4d4c
GVLiD\Black rot\black rot764.jpg,3dbe6d05c71e80ff25ecdb4a49ac68d58f0f783d76f023658a7dbd315242c3d4
GVLiD\Black rot\black rot765.jpg,3dbe6d05c71e80ff25ecdb4a49ac68d58f0f783d76f023658a7dbd315242c3d4
GVLiD\Black rot\black rot766.jpg,327ba2c8a497e552e41dc793760920e1804801b6e13c88004ea456a88b9a4d4c
GVLiD\Black rot\black rot767.jpg,3dbe6d05c71e80ff25ecdb4a49ac68d58f0f783d76f023658a7dbd315242c3d4
GVLiD\Black rot\black rot768.jpg,3dbe6d05c71e80ff25ecdb4a49ac68d58f0f783d76f023658a7dbd315242c3d4
GVLiD\Black rot\black rot769.jpg,57435d1337443c7ff4a64f582fe4cfd16cfee134a6f508551524466fc2a31e19
GVLiD\Black rot\black rot770.jpg,57435d1337443c7ff4a64f582fe4cfd16cfee134a6f508551524466fc2a31e19
GVLiD\Black rot\black rot771.jpg,57435d1337443c7ff4a64f582fe4cfd16cfee134a6f508551524466fc2a31e19
GVLiD\Black rot\black rot772.jpg,57435d1337443c7ff4a64f582fe4cfd16cfee134a6f508551524466fc2a31e19
GVLiD\Black rot\black rot773.jpg,57435d1337443c7ff4a64f582fe4cfd16cfee134a6f508551524466fc2a31e19
GVLiD\Black rot\black rot774.jpg,57435d1337443c7ff4a64f582fe4cfd16cfee134a6f508551524466fc2a31e19
GVLiD\Black rot\black rot775.jpg,57435d1337443c7ff4a64f582fe4cfd16cfee134a6f508551524466fc2a31e19
GVLiD\Black rot\black rot776.jpg,57435d1337443c7ff4a64f582fe4cfd16cfee134a6f508551524466fc2a31e19
GVLiD\Black rot\black rot777.jpg,c589c219b413e6df59aabc9e1ae046eb10805f242f454a3cc52b8e87ee970a60
GVLiD\Black rot\black rot778.jpg,c589c219b413e6df59aabc9e1ae046eb10805f242f454a3cc52b8e87ee970a60
GVLiD\Black rot\black rot779.jpg,c589c219b413e6df59aabc9e1ae046eb10805f242f454a3cc52b8e87ee970a60
GVLiD\Black rot\black rot780.jpg,c589c219b413e6df59aabc9e1ae046eb10805f242f454a3cc52b8e87ee970a60
GVLiD\Black rot\black rot781.jpg,c589c219b413e6df59aabc9e1ae046eb10805f242f454a3cc52b8e87ee970a60
GVLiD\Black rot\black rot782.jpg,c589c219b413e6df59aabc9e1ae046eb10805f242f454a3cc52b8e87ee970a60
GVLiD\Black rot\black rot783.jpg,c589c219b413e6df59aabc9e1ae046eb10805f242f454a3cc52b8e87ee970a60
GVLiD\Black rot\black rot784.jpg,c589c219b413e6df59aabc9e1ae046eb10805f242f454a3cc52b8e87ee970a60
GVLiD\Black rot\black rot785.jpg,d5762c91c22cfcfe4b593ecc4996db21c86aafc456650274e29e68cced06685c
GVLiD\Black rot\black rot786.jpg,d5762c91c22cfcfe4b593ecc4996db21c86aafc456650274e29e68cced06685c
GVLiD\Black rot\black rot787.jpg,d5762c91c22cfcfe4b593ecc4996db21c86aafc456650274e29e68cced06685c
GVLiD\Black rot\black rot788.jpg,d5762c91c22cfcfe4b593ecc4996db21c86aafc456650274e29e68cced06685c
GVLiD\Black rot\black rot789.jpg,d5762c91c22cfcfe4b593ecc4996db21c86aafc456650274e29e68cced06685c
GVLiD\Black rot\black rot790.jpg,d5762c91c22cfcfe4b593ecc4996db21c86aafc456650274e29e68cced06685c
GVLiD\Black rot\black rot791.jpg,d5762c91c22cfcfe4b593ecc4996db21c86aafc456650274e29e68cced06685c
GVLiD\Black rot\black rot792.jpg,d5762c91c22cfcfe4b593ecc4996db21c86aafc456650274e29e68cced06685c
GVLiD\Black rot\black rot793.jpg,696e6db9ce66f1c920e867c6d4b952a6e048b28d37a6c87aec5d2ebe71df3001
GVLiD\Black rot\black rot794.jpg,696e6db9ce66f1c920e867c6d4b952a6e048b28d37a6c87aec5d2ebe71df3001
GVLiD\Black rot\black rot795.jpg,696e6db9ce66f1c920e867c6d4b952a6e048b28d37a6c87aec5d2ebe71df3001
GVLiD\Black rot\black rot796.jpg,696e6db9ce66f1c920e867c6d4b952a6e048b28d37a6c87aec5d2ebe71df3001
GVLiD\Black rot\black rot797.jpg,696e6db9ce66f1c920e867c6d4b952a6e048b28d37a6c87aec5d2ebe71df3001
GVLiD\Black rot\black rot798.jpg,696e6db9ce66f1c920e867c6d4b952a6e048b28d37a6c87aec5d2ebe71df3001
GVLiD\Black rot\black rot799.jpg,696e6db9ce66f1c920e867c6d4b952a6e048b28d37a6c87aec5d2ebe71df3001
GVLiD\Black rot\black rot800.jpg,696e6db9ce66f1c920e867c6d4b952a6e048b28d37a6c87aec5d2ebe71df3001
GVLiD\Black rot\black rot801.jpg,b2eca1b92917aa7332bed74a329e0833ef137260ac245a004e5012cfef1d79ed
GVLiD\Black rot\black rot802.jpg,b2eca1b92917aa7332bed74a329e0833ef137260ac245a004e5012cfef1d79ed
GVLiD\Black rot\black rot803.jpg,b2eca1b92917aa7332bed74a329e0833ef137260ac245a004e5012cfef1d79ed
GVLiD\Black rot\black rot804.jpg,b2eca1b92917aa7332bed74a329e0833ef137260ac245a004e5012cfef1d79ed
GVLiD\Black rot\black rot805.jpg,b2eca1b92917aa7332bed74a329e0833ef137260ac245a004e5012cfef1d79ed
GVLiD\Black rot\black rot806.jpg,b2eca1b92917aa7332bed74a329e0833ef137260ac245a004e5012cfef1d79ed
GVLiD\Black rot\black rot807.jpg,b2eca1b92917aa7332bed74a329e0833ef137260ac245a004e5012cfef1d79ed
GVLiD\Black rot\black rot808.jpg,b2eca1b92917aa7332bed74a329e0833ef137260ac245a004e5012cfef1d79ed
GVLiD\Black rot\mega dataset (31) - Copy - Copy - Copy.jpg,433fd5337cc13fa463d59f228d4fe86bf7ad1f0d6a9f0925b13b91424d27824b
GVLiD\esca\esca001.jpg,aea8571dcc4fed324b6ae77dc437e451a87e62dee24e2fa3770006ba2db92190
GVLiD\esca\esca002.jpg,696e6db9ce66f1c920e867c6d4b952a6e048b28d37a6c87aec5d2ebe71df3001
GVLiD\esca\esca003.jpg,c28352b9d98e725d54059c901b29bbcf6755aa73e4fe35c04fdcd9a4a77ff92d
GVLiD\esca\esca004.jpg,f2b7f7d7cd0e5687dfc764e3bd51d923e89f00ecee279e84504664e786ea8f21
GVLiD\esca\esca005.jpg,f9ce04a56eb9d7c976195599a75b930fcea44a3937262579afea65ee244c513d
GVLiD\esca\esca006.jpg,7161347ec5a1800d86fb8cee647b758749cac3ff3d470c89d82b6869293e1ede
GVLiD\esca\esca007.jpg,b9793b6d060fa8ba9557a2995c13b9a2d7be7f41b9dc3b8534ac0c600cf223e6
GVLiD\esca\esca008.jpg,663855ce97fef4454ba79665d401b84608cceb9b1ea1b316239b60e6da25c18d
GVLiD\esca\esca009.jpg,4ff6991106ed51d491312f746ff7d7e8373c0169f6bd957c52881b2be75d46d2
GVLiD\esca\esca010.jpg,6a4d4fceb6fc439211f9c4f0d6f79172dbdf0bb4d172e30a8385e1046dea32b4
GVLiD\esca\esca011.jpg,4edc6a7782c0002402b69ddcba58ef20faddae0efee48a3812f13c079a3f52ff
GVLiD\esca\esca012.jpg,a7db2c3f34abfdfcce3611c1e1d325bf42bcafbb7e2cf62fcdfc6dd38b9d597c
GVLiD\esca\esca013.jpg,473e1abc5545b4ef506c325b27eac0f27618cfe559a5b890ecd81e826f033f04
GVLiD\esca\esca014.jpg,f6d286d04a0a230266a12a6cf4c8608981e42537825c51fc0a117f173b32e06d
GVLiD\esca\esca015.jpg,25865e79595dab6a18ef0557be5f5167832430f858d7180f218b054c98647922
GVLiD\esca\esca016.jpg,cb44b014fc916daae3d19902507a28d65b1bd9b33308f163140fce40fec82592
GVLiD\esca\esca017.jpg,1bf4c9372e6b594af7f79a8b97ad7a45cbdc02d08d68fcde3b5191a44f17e1b6
GVLiD\esca\esca018.jpg,4f2a5bac29ce333b7b32c86e6fa0eb79e7559093e54d7b06c30becbef3ec924f
GVLiD\esca\esca019.jpg,7947de15a1d93ca45658ff77336fb81b498af825dbd47fce31f153c5cb6144f1
GVLiD\esca\esca020.jpg,4b6dcf2436fc3bc50abb587b1d73850bc27a9efccb093f6c164788d3d47fffcc
GVLiD\esca\esca021.jpg,dce69634832750b475683b11099f7d7ae0a569852aecba8b9f5b67982603cc5f
GVLiD\esca\esca022.jpg,bbd806c7adadd5c5c76086bdac218ddc0586dd1799dd4842dddff9144072161e
GVLiD\esca\esca023.jpg,c3e3707bb35934081f8f8c36f52505b2c3088e7913ab8af57bd546af1b86e59e
GVLiD\esca\esca024.jpg,ea9ce40719776ff43ee22cd1f49bed699d1277abbce28bad3e2d95cb27178afa
GVLiD\esca\esca025.jpg,9623498a013f3924cedcb004dcc3b0bdc3009ab52a13cd68c938dffc3d52bbf3
GVLiD\esca\esca026.jpg,0de40ea48234a625f74d2ec22f86a2b5d1e11273c33eb433b3d04978371c53c2
GVLiD\esca\esca027.jpg,2d4e605c52c01f3ce83de6ee3de8eb3dce58ed636cf0f10ff04bf9495e5dd586
GVLiD\esca\esca028.jpg,0abd8c1837658aefc2571dfdf15bfb83f89e4f1e7fbe31e847525c9f724afda2
GVLiD\esca\esca029.jpg,af3d02c9dc638f74a56fd94ceb848e3430070f471c9c600a0c12fb0331fefbf9
GVLiD\esca\esca030.jpg,97afca572fad806fca5b3b73ea195e7d42aa6284cc20048026246e9a4f789727
GVLiD\esca\esca031.jpg,a909e1207f587bb85095f9a16a7e99e4444adadb0b61994d6b02f1c17ed67c9e
GVLiD\esca\esca032.jpg,67463488fced6e29158d4df79a46da8ef6e9cfd7c8f35718ef46bb38b16f4ad0
GVLiD\esca\esca033.jpg,34fdcc489c73c26578ebc04d89bbb95a06d540e9dd4ef488cf19fb81ab3dd057
GVLiD\esca\esca034.jpg,1eaa92ce1cda18a98fae22ca5ca7a2644568c1b5a39fff5ca70f6a2d83cccfbe
GVLiD\esca\esca035.jpg,863b71f983e370ad2b8d0b80ba299b5e1e2aa1d475798362559817ad781e6d4b
GVLiD\esca\esca036.jpg,8e2ea8587e41e89f60988699600349fcb60ef5e86156e63daabb8f4367d6dd86
GVLiD\esca\esca037.jpg,14de58ba6ed44e38ae56088ccc87d80f814689042a583358e9e0b239d9238cf9
GVLiD\esca\esca038.jpg,f1d0e43b667ebadafa87de2d78d90f2630548dd22850e1be944e219a969a9957
GVLiD\esca\esca039.jpg,b480eeaa767d37f01a8d13aeebc67aee14df88d22f72838ab8572bc51488e960
GVLiD\esca\esca040.jpg,aebb115c6d6be2b8cce9e8a3ac9d6a1546532533db286cd34bde870020828594
GVLiD\esca\esca041.jpg,1bbcb9fd11f6c9dfdfd317f83c8b74d2dedb4421d23eee643b4736a26bb750e3
GVLiD\esca\esca042.jpg,b98320003d9b445a51e790d7c99ea35eb2c0a34cdc290f3195bb9da5a9f69d12
GVLiD\esca\esca043.jpg,f6ed5e57cfcb686de34bc4cbbf3771985aeb9e69223c31a864e8fba8eda619dc
GVLiD\esca\esca044.jpg,5c77acab2741c9e6d68e413a3877eb55fc29790341a9ad8c17b5352cd845384b
GVLiD\esca\esca045.jpg,c337902d1841d259df0d4c3d51f3408083cc008ceceb02bbb5e43d4008511970
GVLiD\esca\esca046.jpg,29d94f89519bea98c37da98b778a6e83f33de23f0c91244b66f52860c73f03b7
GVLiD\esca\esca047.jpg,11af865cd28a33762c64f5b733c775e009ae7e960f8ea91a5e444e7b46f5159f
GVLiD\esca\esca048.jpg,e46b2bb0f0dceb8a2da5e3e5efae6f1f2d9c2f8a4e6bd1dee61d1d3eae0c76de
GVLiD\esca\esca049.jpg,dce2f94fa8e3aff693b6fd6c885c4e969ca394dbafb9e0fc8dad2b307d58f39d
GVLiD\esca\esca050.jpg,533b62c5ab97f1a3108068efa3aaef27cb1fa18ea5e5e6cf69b58293115631ce
GVLiD\esca\esca051.jpg,c6594513055509e0c3aa932d645112c2ce49c372f3572bd69924f0f688454c40
GVLiD\esca\esca052.jpg,e55da7d3650fa0b223def3bad324d7bbaa4430b4abe25c375d7d9fc41d1d2d62
GVLiD\esca\esca053.jpg,54c317479ea82c27e6ed71263bec30a0136ce8d08b5a5b6bcfd4e6c538c63fef
GVLiD\esca\esca054.jpg,b52fab5131f2791bac41fbf554bf5b4109ceae6654bc7525315ec3f13193cc48
GVLiD\esca\esca055.jpg,079338ea15d8be6ee7d45c4a294f41d09aaa9385eb15c49e31dfc1ba2b71b54a
GVLiD\esca\esca056.jpg,f9d2885bac1bb55dea6d0cbc4445718fd7893422092ceff2655bfb8f29275a6a
GVLiD\esca\esca057.jpg,8885a5518b8c363d26d4075e3056979bde5c90e002d433eac089999c0fed15e5
GVLiD\esca\esca058.jpg,a13a390237b623ca4c218e2df984b16120724a7fd59fe153b482b6645411eb64
GVLiD\esca\esca059.jpg,aeb60dddd016f54e9fc2cd20c437611ace937c165137b54c5c2be9ea13680fae
GVLiD\esca\esca060.jpg,9f744a8e370f98814a9242daa4075c200b238a7b0895e0f6ea2d45a9d12ee3e6
GVLiD\esca\esca061.jpg,93bfcf100b4a22595adea5557deaaf21c0bc2729de90ae29612c4f5fa81cef14
GVLiD\esca\esca062.jpg,5bc379294ddc99a2183ca5730bd9851df175953b5e9676e88f9e8fde0c6f9463
GVLiD\esca\esca063.jpg,54358bb6005d695ee6e2176a4c7eb08e253395991c9a1cecba577ad494169051
GVLiD\esca\esca064.jpg,2fd7774e865828d89d6222d8524d6e52c21ee101c592e4764fb1f2ef6cf6461f
GVLiD\esca\esca065.jpg,a30d0a72f0f4478bcbc65d77a500a5365e691134680182eae34d143abc4f945d
GVLiD\esca\esca066.jpg,4c6fa0fb2b82903bdcd0818c998ea90baee5096446edf1d19126b775bf626ca8
GVLiD\esca\esca067.jpg,487917eacb6cac9831b2e2c4241762ffdb2c734cba7084f0ce61165516956f96
GVLiD\esca\esca068.jpg,0189ed3ae974ca2e60112e59d4aca9ea63e98935c0f80d36af52a97cbc6adcfd
GVLiD\esca\esca069.jpg,0d5ebe8ea9fb4bc247955a3d8ad8d67b7809517ef7c3aec2fe3d99d9cba11fd2
GVLiD\esca\esca070.jpg,20bbb06886ecdd695f021474e8092ab6a4edd688881006a11654059851129516
GVLiD\esca\esca071.jpg,13a024bb8266c2b4bd9826ec1ded877a1737747fd8472415a654dedcce102e78
GVLiD\esca\esca072.jpg,0b80b4ef4fb6d438e23fd5ca364ce56c645a2bde42e1a19d42bf040919c918cc
GVLiD\esca\esca073.jpg,096b1fe1a511b47c03dc40375ecc6defe045bccc3c783c7490c3d411799c0160
GVLiD\esca\esca074.jpg,c513a34e4ed7b8783e7145422bd7468600d2660fba2130fe77c15d805fbcbc37
GVLiD\esca\esca075.jpg,79d30cf6f79ac5c5c38a765029d633977ac39fb10fddb107e2bc2a85e02b4447
GVLiD\esca\esca076.jpg,fc94938ddc2da4ea74401c6d9afe5d3c1fccd88126a8bd658ca08eef405053a5
GVLiD\esca\esca077.jpg,951045620fa860b7277eec764c3e89bfcc0b965b568238398f11d188afbe9b7e
GVLiD\esca\esca078.jpg,a2834c24a5f0c4f4d3b303f5e2cf72e591210a499b0bcb4dfd4dced2b8b9de55
GVLiD\esca\esca079.jpg,70e084a5f7de8f000bb266a310bb7ab6a9987a78e372fab75a37de3efa247213
GVLiD\esca\esca080.jpg,f713a201aa0208ff404788808e7322e9d4c247bf45230fb05ac39877b444cd8b
GVLiD\esca\esca081.jpg,0154ded2cb18a28629f12f4dee5f578bd86559ff734e1c755ef435172aac7d32
GVLiD\esca\esca082.jpg,1119b202988eeaf483971c9e1ec16a1048d88da3599b865dfcf4fe3fddf3ff72
GVLiD\esca\esca083.jpg,7d965533a27d1ac8788171fd8fcc5f27f36d03c835be8f68351130aff11a07f4
GVLiD\esca\esca084.jpg,7b4ea5e848e14e01db8c02ba408a949cf6babf42bcbad9518b8ad1f587dd42dc
GVLiD\esca\esca085.jpg,a1d7ded2f6189b6acd91c1c6ab30e2c9fa64ad939e12f316ffa0ccd2d19b4792
GVLiD\esca\esca086.jpg,80f16ed5ca2a973670b1f9eaf67231783d0c9d38f0249b7dabd9c873a7982c9f
GVLiD\esca\esca087.jpg,8354435abc6897335806c83303ca8584944e80efed00f2ccd843aef65f0bbf09
GVLiD\esca\esca088.jpg,e6fe6e08233f3e5af06d718558aa41d8bc81ff4cf632387f1f8f12d01bafda9e
GVLiD\esca\esca089.jpg,b53d2b244a69082fe8745bfd1f208fb58ecb6a5d16489f84ebb523dd66aba368
GVLiD\esca\esca090.jpg,4c534ea290673567856320dceb56c97e772d9a622325553bc390387bab2f8baf
GVLiD\esca\esca091.jpg,50e4c7f36c144a73f8e9e7631890db3f11ccf49996a90371e33dea4a47e54a41
GVLiD\esca\esca092.jpg,80dd00de0169857931c57a54789a70e1d1982a7fc493fa7706284187173cac92
GVLiD\esca\esca093.jpg,b1bcc94b88eb089486ca67ce40c74aaf9638a3aaa9fb4f1c695fd0374008917f
GVLiD\esca\esca094.jpg,6b96320d531da147ef2f7df8a0a5c7d586b07967b3c85a3a9715de35a1d2139f
GVLiD\esca\esca095.jpg,f66d21f2c901ecdffe160d5a912384c02bc938641c3f6a2ed09be078e5299e7f
GVLiD\esca\esca096.jpg,e47f2760559a092e06eb660c447ad745f79119194177d1632d32ab88f84304d1
GVLiD\esca\esca097.jpg,a1d0cf302ff2908af66bdce85029016410d73fbc488a77f86bf9a662ffb66bc1
GVLiD\esca\esca098.jpg,10cef8e9b23d901790d6413fc8bbb62f6737152c10b4de6a15be229e7b841421
GVLiD\esca\esca099.jpg,ab402e28a8b04278c2ff1a46c1fadadd45862f127177af3db5b061896cb3080e
GVLiD\esca\esca100.jpg,39c35208c331f23ff6aae80b9b00de196e9286aae35151541040999973284b3e
GVLiD\esca\esca101.jpg,f8ec1f46027aea98b74ed95efaeebae6cffb7ccafd03896a2aaf357a49b43a98
GVLiD\esca\esca102.jpg,6362b209a19b5ed34679072ad03eddac492426bbe6f53d98b1f957d730c614b0
GVLiD\esca\esca103.jpg,7a2134de42f91f20e7db3881d07e7cfafa3309af05456c37676e300a300c890d
GVLiD\esca\esca104.jpg,1a036fad06acfbe0036ab30042607e5080d932fb8276c21d7cc19a64831f625f
GVLiD\esca\esca105.jpg,e484694e76fbada41cb049fc49d61eeffa3a84b35e1a1a2e97da52fecb235eb4
GVLiD\esca\esca106.jpg,5295c019d5c993fa2113039ece4314611a6ceaab42260749c6497d2392ae257c
GVLiD\esca\esca107.jpg,45642a42c06c3cf9284914fb86fbbb3f628bac5a2cfc2b08a8235bdfd40a76cb
GVLiD\esca\esca108.jpg,fda4afa9846a3b6d588f43f94d427fddfe0382ca1ea809d6f1f3745454f7009c
GVLiD\esca\esca109.jpg,5e853556315fc9b26beb4e97ea50d8e3bc7ee1dc68792f16c88c335f93c72517
GVLiD\esca\esca110.jpg,cb31cb26b064cec7d03433f8be47fd8896e63e0a5d6b352797ac9e792a66ebc1
GVLiD\esca\esca111.jpg,9bc4f73ee31242ec5b20c8b14aa280c0e986185b9974eb8e02238911957ec9bb
GVLiD\esca\esca112.jpg,01c7c5e9616b33610ba33eeec45f43313bbcb54ae5555902ba6edbf53b5d324b
GVLiD\esca\esca113.jpg,dd785928d89546411dc48fed4630907797e5b6c63abacdd1f9eb19e9fa4ea978
GVLiD\esca\esca114.jpg,0c85dc145be2927cac839f59b0c210c7fbdf36701746c59afa89a387716a2945
GVLiD\esca\esca115.jpg,703d3cab0659f458c0fe8c95c9d649484e4fb13323da82a2ab60114f947abd9f
GVLiD\esca\esca116.jpg,d2c4a24dd69b6a65fb9da105378a4df04b87bd0068453cd77a32d5678930c0b9
GVLiD\esca\esca117.jpg,f07b7205758ac09c63c8a9a22a7652f9ce651ae3f283672c05d50a01a905abd8
GVLiD\esca\esca118.jpg,aabbed5677ef3bd6a25487741c412717e3f28a44a3b1e2321d0709adb3cbd026
GVLiD\esca\esca119.jpg,7be3192c2bfd7899641bc3669308593721224ecb32c20961ed8dd968392e3513
GVLiD\esca\esca120.jpg,c5040475107dfcedc02a829600bfd0b358eadc694408b5a58e54de3760caa84e
GVLiD\esca\esca121.jpg,02747f146842136fe26fcf5d1462e22a5ed3278c00ae8931d03d16cc4eb799f3
GVLiD\esca\esca122.jpg,188764777f40e1d728ed35738f1bdeea089649e1460832c8af2e6766af586b4c
GVLiD\esca\esca123.jpg,1222d766e0056de2ed23c6b04a5461e8390181bd453a1e887d7a4df08238aaf3
GVLiD\esca\esca124.jpg,31c4dd50f8fb982851f06aec9d3da5e551708919ee365afa0d1658e9a7be845f
GVLiD\esca\esca125.jpg,ffe7a840a9d9f31cc9581ebac1548ce2e57dac6973edb0ea4910ecdd691b1b8f
GVLiD\esca\esca126.jpg,236f410dbc4bbe6d94ccd61efa77d5338c4b07346cdefe70212442f4dea3dcc1
GVLiD\esca\esca127.jpg,007f3e4da46218812845d13f26a95d41f5719515a2de4b9556db49bfc0cdd8f9
GVLiD\esca\esca128.jpg,b0d26aae18b77adf80151a9dc5d80e490b528ac22d861af0853b40dd2d28427b
GVLiD\esca\esca129.jpg,4b6258f9032f5e5bbaec13249e1261b28e8b778f95f2f18448db9c842ae79ea2
GVLiD\esca\esca130.jpg,eb9d120a637e5cdebb97033d177fdc9b12f0f35c44f58fc10b3a9d6207c0f210
GVLiD\esca\esca131.jpg,8ce4e5bb5703a5221f85ad29ce907eafe4ed20185f6bd64b0da78126d409764e
GVLiD\esca\esca132.jpg,cbb1018485f8d06c32e3a402915e461e665324643e1b63256f9ec75f3966acfa
GVLiD\esca\esca133.jpg,380c7d5bb07f72fd35c2f8394b0574ffd1d68e9af5a1b5bab78c1b9b50cfdf39
GVLiD\esca\esca134.jpg,7b3cdf7bf6d41f7010f2ab06e2166882131a6942e2fce0b2532f0891110d79c1
GVLiD\esca\esca135.jpg,42bac0c8b8286bf3506f09c26e01324a3ad834317dd9c49f2af3607bfc68d1d3
GVLiD\esca\esca136.jpg,4f7e171b31a0c3707eb57a32aee813dd5c9b808e11be680f184585c702e23e22
GVLiD\esca\esca137.jpg,56302061bc088ca512f0398f9497f3436e00136d5806d5ef24010d8d53e5987d
GVLiD\esca\esca138.jpg,541297dd19146341f1801a03051a262d4d0999bee43518ddff815c50e0afa9cb
GVLiD\esca\esca139.jpg,f5105a1e6c6cfd0c99298c077cab8b396220d5cf339f5708d62fb95292640ab0
GVLiD\esca\esca140.jpg,1a93b46bc8c9ff9a5c195f7dea1e2fb78f78e0a24608a70417a6786351022bb5
GVLiD\esca\esca141.jpg,179f2960f43578e764c16525594ee832dc8fbb70462000f8b873362f01b7cd56
GVLiD\esca\esca142.jpg,f343346f3ecb2840b3b2bf3bd91277603381c5fa8843f35c25a754f56873014e
GVLiD\esca\esca143.jpg,eed1f165ca2abcbe90c6f80e9a2381ea3c26c06d4c71976320380f3ff11e6b68
GVLiD\esca\esca144.jpg,fc731b9a67878502d58afc3385636bcbaa668b70b5642b6161b31c56619427e4
GVLiD\esca\esca145.jpg,0acc37a73ab439f1e89de4b1bac9c7b52c2c12e900b95474a3bfb2c40283e53f
GVLiD\esca\esca146.jpg,24f50d2193d6a0059aeb52a973e63e7a067ad451dd443db12d695854757903a1
GVLiD\esca\esca147.jpg,6354e4796df802b520302ffd4f19f96df1b66c6574c2de6825318bfd63507577
GVLiD\esca\esca148.jpg,4cf6aca6995307a9d15324badf1abb68697fce6821e6bd5d989408b941441990
GVLiD\esca\esca149.jpg,0b477a31d860e4d998d8fa2640184a1a90679cbf312197d90f3e39271add2e3a
GVLiD\esca\esca150.jpg,e5aeb3306110a8a17668e085eb504e11b219b7137b3581ab56b576b8afac7eb9
GVLiD\esca\esca151.jpg,c17f9b6506dd58edf7b474b96979fe4516276f37cc727e0bb0afc0946c893765
GVLiD\esca\esca152.jpg,fe8d7906df7c162d2c21c3b3c692fe38c4d39c8009ee93e4b6199e71604fea18
GVLiD\esca\esca153.jpg,df4ff6b053b06b2fa1904bf03a9c9af2af53c1d2670fb4a8fa740f0c81141bc8
GVLiD\esca\esca154.jpg,1065432b9b180fee67b6af75e65c5653012a8e02e8ea8651270e37561613a1a7
GVLiD\esca\esca155.jpg,3800381dafcfb2d0c0310396542d9e287f4d519b367e4e0dc9e50814eae83386
GVLiD\esca\esca156.jpg,dcc2a55477042ad12898cd56210b28b182cdcc67205d58ef974e5442ec66aa2f
GVLiD\esca\esca157.jpg,2663a881fb8eb2fc993c41673222a7920251bfe26a6be96d11d1e8305410e94b
GVLiD\esca\esca158.jpg,d733be2f173078bd8940ae98af1182f0afce1ff0d1fda198cc5c5daaf1f9501c
GVLiD\esca\esca159.jpg,2166ecdddd3bfe4c0ca98251c0e708f6d266a3f6e2b1912cc6e3b0eeba42f7b4
GVLiD\esca\esca160.jpg,bc678033be370b530db0df322a610f6cc3353bfc585f08ce90456a354ec01c30
GVLiD\esca\esca161.jpg,077d99e5d8359ffe4a0392376f7fe2d02d435acc0a6191ea369d387aa86ac748
GVLiD\esca\esca162.jpg,72c94dcc18e547e512eade82fc5df9dfb5450ee7d9441dfdba7110a805b4e005
GVLiD\esca\esca163.jpg,52e63c5086575cd955973e3a8fce93d53ea0cc744fbe4a882eba71cc12553253
GVLiD\esca\esca164.jpg,6c679039ccb326cc3f10a08047a9d78a5c54c9d0fc60039370a4628b62b6e51e
GVLiD\esca\esca165.jpg,f999b915bd207423d5d86eac29e028ea389775fb51bc5bc800d456bdba960d50
GVLiD\esca\esca166.jpg,f009bba8e10e9ce8d8f30efffc72541a351834665973482d3b8db250969dc07f
GVLiD\esca\esca167.jpg,a2f6881551ddd336c4709a8ecaf4a1dca943f89264bf0e1837f7fe8582c9695a
GVLiD\esca\esca168.jpg,f7ced799e79a006882d8057e4cd99b57425c54a0fd9ef50cbf982c4a8660244e
GVLiD\esca\esca169.jpg,97771acfbaa615c65ee55bd67e1a129b9f8372cdd80e78b5ad974d1c216bd640
GVLiD\esca\esca170.jpg,9198e63e6099cf77483945ca0902d19362839585f6921fa5ce7d9c73201fe775
GVLiD\esca\esca171.jpg,54feb76e11b0b2cf05e479141324c36c19369b728bb0acaec1f5b0e8107b6be0
GVLiD\esca\esca172.jpg,4fe9bfd094148f5c57416d086ac1010ce41966e67ab26d361c694fee4d56b269
GVLiD\esca\esca173.jpg,8122f4548ed559615badf8e26be1724486c66ce45bd93f5f59293fdca4cb41ad
GVLiD\esca\esca174.jpg,0bb095f7af1c9139d83ac9179bbb76ea24272659aded107baf60546e3b84d941
GVLiD\esca\esca175.jpg,bb22d605869ee35e40299371dcbbd1f839f16b34b2d6af16f9e6d75024fac1d1
GVLiD\esca\esca176.jpg,802af963bc51eff0b330c0f2d259b885ab9d125350a4ccf70bbcb4e550bd03fa
GVLiD\esca\esca177.jpg,5e858d52da885283426cf88cff84dfc22566e06bc07d1cc7385f02262d48eb9f
GVLiD\esca\esca178.jpg,c6ed8469be3dfccfd1b2f7d82243d131310019e24d61c8325feec1fea3da2f15
GVLiD\esca\esca179.jpg,c36a537d5aac7542be61846d4354e99f68e41f1cae5ddb607fbbab9639972483
GVLiD\esca\esca180.jpg,3f31a57591df3d08c4a003b18b0993fc707ef7db13528e5d33b64fad1e3ce1ee
GVLiD\esca\esca181.jpg,97a64068cd674a37dc00a381f88f9149fefffdba3a450793f967a20870a245cd
GVLiD\esca\esca182.jpg,c071f7cee763c2082d37ef420f33ec2db25618995de45a005bbbadc07e3ad639
GVLiD\esca\esca183.jpg,14c8ba5dbd706a14599dfca8e4d12349c5b7688b7fdca49dbc524282d167e17a
GVLiD\esca\esca184.jpg,bc2a932d213aa4be2303c67abd4b1248544b6f0ee326d52d4f91f836f2718df6
GVLiD\esca\esca185.jpg,3919fa331f1d0e663c496cc0f8c37dac0f6d57ed182b6e0c31c88c75e2b717ba
GVLiD\esca\esca186.jpg,22ed92b6ccd65b624dd04c7f1a57c094aed56dbc499c75bb1128ba61ddf3d766
GVLiD\esca\esca187.jpg,ecf8547bdbd2b96a21dbfde426705c6b03f6e4f085e6750c65b8e73adaa290cb
GVLiD\esca\esca188.jpg,e34f347cdea7cc5a50eeda5507179cc186f7c8b1e9630c2ae67674551e76f16a
GVLiD\esca\esca189.jpg,031ea866b56652cb9d55047fd698316c40602fa387bf020ab05ff0aa1c42053f
GVLiD\esca\esca190.jpg,84f656fb31eba271f81a3cacb35640fe00777c6b0cc62efdacd8301fe7d957c1
GVLiD\esca\esca191.jpg,9f58267baf17ba7f6c30e3688d79ec0ec5ae4b61bd2c280fc929f992f7f6da92
GVLiD\esca\esca192.jpg,d59edc8e736bcdc1b3f5d13846752418358459f90732597763980ca0f73aea89
GVLiD\esca\esca193.jpg,1603e8b113bbbf7f151c82ac7568c20d46815e84665263205a206db24d97374b
GVLiD\esca\esca194.jpg,fb343aee765f50eced1162562652c4788bf760fc18a1cbb20b37b702d85105ad
GVLiD\esca\esca195.jpg,68ab98928c9ad22b06f87c0cf154be17e91171952321bd9781963352f839c9b3
GVLiD\esca\esca196.jpg,5d9a1eadc24a51ccbaaa4f2121af57b5686651ff1bbc056a2132b624d255ecc9
GVLiD\esca\esca197.jpg,1c19bb89f711fee0c72d39af6aa1daa5b35772e82c6709699182eb64528c360d
GVLiD\esca\esca198.jpg,0ee976e5af962abefac633275dd5711efe6b96c1d34cfcad18fd7b3f271db220
GVLiD\esca\esca199.jpg,f8e6f72230eaa94a4a0d4c2965b9a722146dfc3699694de132a0ddd1e9fb89b4
GVLiD\esca\esca200.jpg,ab4bdf01f2af593817d7ed9c2a2c7c3c0e176f3167fb88e9bc5a1b819b6cd284
GVLiD\esca\esca201.jpg,cd96e37e5643350dd12393096041fa43c28ec41b8682187c1b4e17a4b5c08761
GVLiD\esca\esca202.jpg,8e57fc6a6c4a73351182babbf89f4b689985232dceb393333cf2831aa91a2f7f
GVLiD\esca\esca203.jpg,9db4ae47391225d9c195150ae550871ff35d56e9da5abc368bf74d127fcfe369
GVLiD\esca\esca204.jpg,d55fdf1ff0324aa93cd60847e2596b283966073df6bec4d4c7709fd599dad57f
GVLiD\esca\esca205.jpg,5175ada813e3e34fb1ff601864933b90fff2b1accc44cc280805397fc9a52bee
GVLiD\esca\esca206.jpg,d1647edec0bb1c092320ecd4330eb8c116d784ad11eba95ffa6c9659e4f3b12e
GVLiD\esca\esca207.jpg,2dcf1b93ed6ebb564042758fda173d08f155249475ab8966357955a2ac899f64
GVLiD\esca\esca208.jpg,35b42852cd1bd5b1fe2f2a48d14bab51a8a6b5e00ad44d4978da9100bf964bf1
GVLiD\esca\esca209.jpg,3fedc63381215166ec7a032fb06e6e7e83f3bf230d4c9221bcb22207d064de93
GVLiD\esca\esca210.jpg,f4ab99fd46ac130d93efeb6a606962d4ac13dd219106ab4bc24805ae0a551deb
GVLiD\esca\esca211.jpg,4f3e3ab92517fcd05ffdf687ffb0cd6aa85d20aa78754e1bac871c0d3e0e4da4
GVLiD\esca\esca212.jpg,d28f4c7d562b11bd3b8de115fd9d3424b9e9deacb05d5120cc104981c19c962b
GVLiD\esca\esca213.jpg,6aa1d1ae42f98c15b19a907e9b873bb9c2dabecd56654cc838e277c1bc9d8c30
GVLiD\esca\esca214.jpg,a9785884d0ca397c55fdfe63bdfaca605647c61be254d314d3cd22a4195eec91
GVLiD\esca\esca215.jpg,6d29d31b378282418ac736b663cad74b7aeb0c7f761c8122b9d54a597c7f8806
GVLiD\esca\esca216.jpg,fc86d32a914ddec3c01ff45d2116fba8201ec14712207dffccba9a692575e1e2
GVLiD\esca\esca217.jpg,febb08eb0d8ed41f9f1c9915b0b8080f6f5b092de5593ba34248aec5f95dd14f
GVLiD\esca\esca218.jpg,ffbdce5161aaf2cd23b373450897bf50d748d9643c80e18971705f5e651d0de2
GVLiD\esca\esca219.jpg,cf6469736dbd7fa827a51ffefb0c0883f2b49dec4dcf6b16880e0a4342f3c9a6
GVLiD\esca\esca220.jpg,8734c7a3cde844f9fac8734a22f52ce8ac40b4e89cc365c20d6a3f28b2e706ab
GVLiD\esca\esca221.jpg,64ac6025b10e7b45c8a4db9370e42be1d95e30ae905956762b8b2b57624d5e69
GVLiD\esca\esca222.jpg,18df737e2e1beb111638a724e94dadfc379c605b4cd104865a6a85c5079cca1b
GVLiD\esca\esca223.jpg,ad5e18818ebcd1948fb5fb5c6e4030b3a51c1706b74577d237c76be18a3c0f1f
GVLiD\esca\esca224.jpg,d107d2eb64366717888c250222e7bc3dc19036b133f39e051fb792cd3386e636
GVLiD\esca\esca225.jpg,97cc60d21a76fa5888be84d8c9f863b75a430b481b450c0d6025dccbb567bee3
GVLiD\esca\esca226.jpg,adbfc7b6512730627a1618700200d8692bab5df2cec97f91d10cfe968c6e868f
GVLiD\esca\esca227.jpg,62d1fd4851d5a55aaf1f905ad5a8800169b16e3ee882504fe425d44df9687ad1
GVLiD\esca\esca228.jpg,5ab405e4090a947925b834ee026ca32020bc8047ebe42a888c965baee4721ee1
GVLiD\esca\esca229.jpg,6f2a54d69f43b8c0bf84e82533a8d90a4ea0cada4432fee7bd965dfc4df06581
GVLiD\esca\esca230.jpg,ebd7757a89475018422fd74e66f90b271cf4f9ee243e0125104a4b9682bd496c
GVLiD\esca\esca231.jpg,ce6a775965546236ed31e02612b2ca73690cd5a73149ceaba249319c2b79aabf
GVLiD\esca\esca232.jpg,dfe2f19dca894487cd8f9fd25d6fa978351d3700a783ca391bc264b8fa3ea7f4
GVLiD\esca\esca233.jpg,b6a98540c836fab5b27201315cefe9c83663b5191e1c54f09df93caf8b8dbf27
GVLiD\esca\esca234.jpg,eeb27d5a46ca187c2e66420d95472cb53db4a7953a8245807c4cfeefad0bd3b1
GVLiD\esca\esca235.jpg,23b926006f8b4c7c8edb425e97c2cd49892ab95e418f841ba069cf17bb2a1019
GVLiD\esca\esca236.jpg,abf5da14dff90a1e1dab3f5b081b03e7fc2799a7748c64c06e220b1b3de24cca
GVLiD\esca\esca237.jpg,03878630ffb0eb116456769de02b1f33df8c0a048f2b86f6e4b7a43c90b08622
GVLiD\esca\esca238.jpg,15a48b002f2cea4080878bcb522add674097742362ecad79c5009429d8c968d8
GVLiD\esca\esca239.jpg,a7277e9c14a2cc1c76006e9dc8103097f857f347986aade54ff78a04a2983a4a
GVLiD\esca\esca240.jpg,09d554c4ac8eb0b3fce944f5c8cf321f0bddf20fefb443000b3a38b369c79495
GVLiD\esca\esca241.jpg,efd42c8bde1ec893f8f4eb87f92ce3863f164e9c0c84219761af6771e6c45c3d
GVLiD\esca\esca242.jpg,bd5b8bca2f0317180bd0449aef1348c814fabfaeec54942dd23649b5da71cc50
GVLiD\esca\esca243.jpg,e53cfc7e794b8ac5a4b01ddee80b315faf4b9505bf8b31567a4d68be5fd044e0
GVLiD\esca\esca244.jpg,d237fefdbb079019f0b4de2cf5d952d143e02d28522863d114b7b249dcea3d2b
GVLiD\esca\esca245.jpg,ed5ec48ffc7da35dd8e35e34b71503ae6a1e63f3c5ee02d0dc930b6c741c2813
GVLiD\esca\esca246.jpg,a57cf8b55223874a45e8f426a3b2b07e4d388763bf7137ac34e17d62216b37b4
GVLiD\esca\esca247.jpg,4248c2584ac1aca6c0ef55dbb5f290b68b53e6cc5c666aa542e184a10cb21812
GVLiD\esca\esca248.jpg,b2eca1b92917aa7332bed74a329e0833ef137260ac245a004e5012cfef1d79ed
GVLiD\esca\esca249.jpg,c60e3229266547bf6fdeccac4c00ddcd76fd4648e1c08eb2f3fb7665c1880e41
GVLiD\esca\esca250.jpg,07ac7cb92d6aa0cb6f2b9734acc24dfb76d8327053e91c32345f65a2d0cfe7cd
GVLiD\esca\esca251.jpg,8017ebfcfa63082248a515b603e16781d0246b52a39dc6724b0779610c0768d1
GVLiD\esca\esca252.jpg,889e481c8ef254dacbacd1293b58d37fd0960ee49dd2f322bd08e3decdabd731
GVLiD\esca\esca253.jpg,4b7639c3ed271977b4015df99826a29de3093f25d2d1d51b812c93b67e24ba32
GVLiD\esca\esca254.jpg,ce7f17970633fa41135f8f5c9f8850f72114b3a7ecc2a585eefa1107cc358b1a
GVLiD\esca\esca255.jpg,b2f5c3647b8ee0201b7972528019b089b8933594e3637b243bc67ec1ea24ed01
GVLiD\esca\esca256.jpg,1153ef47c44eff3bdd8d22ee5186cdf25f467973ee632716a1e82111a515fff8
GVLiD\esca\esca257.jpg,3a7602d07be1d10543075ff3668e4549b4fa686f39bf511ca79d9cd43288d594
GVLiD\esca\esca258.jpg,c09a44fd33084980c0efb37584197cb93846a2b801275ec71b24a4b291c5b1f2
GVLiD\esca\esca259.jpg,4d3d0a24ddd6dd29530612b9f557a91cb3a4987640707675d518310bd8d25e92
GVLiD\esca\esca260.jpg,d0a3b03d66b7cdc6c12a328a991305dfeda2e0b51779c31e2b63f9920947b502
GVLiD\esca\esca261.jpg,0c0e7b0cc840a08440a003d211bcf5e5a218d246172c0785c29c358e7a9bdb96
GVLiD\esca\esca262.jpg,209489908b41fbfa737f024d491ea59d8d814770d21e17665b60e4ce01dc1a95
GVLiD\esca\esca263.jpg,95681564c06f0c135900e6cdd259b62f3fa49e0ed4f1e83137cbcd0eecc45c91
GVLiD\esca\esca264.jpg,edc3c340236befdcc807927efd627fad279af7f70b0f886cd09c673602521bbb
GVLiD\esca\esca265.jpg,89cf57c7564529c9cdabf4d1ebf4a44e0127d97e77351df820d38d46a7caabfc
GVLiD\esca\esca266.jpg,294dd6d7e7820e73a320835bf481d55c8472ddb2370b1b6cc882134ee8b461f6
GVLiD\esca\esca267.jpg,812fe5c543a1a6be9183c26f0c2b23e437ea8e9110af33b2a2dbee2fd52fcdd3
GVLiD\esca\esca268.jpg,e741df546d8a1bb4d006a1db99172b137a3f8d2d427a718fbe2ec2da8d00ad1c
GVLiD\esca\esca269.jpg,798e6db2957e3b2353e915210d0862685b5cd0a39a58ce79170538addc485605
GVLiD\esca\esca270.jpg,b7d86fcbad3af09f590120b0d2e281e5051d1b6091c7d90d16dfef3a045e5414
GVLiD\esca\esca271.jpg,63c59b70bb18bc48835e15ad27784b2785955aea32f680cd2d71f365797ae0ea
GVLiD\esca\esca272.jpg,4d0f8994190b1a6ba9d6598bf552e87537317288745cdf2b63619bc17f1721d0
GVLiD\esca\esca273.jpg,b0ed3ed11e6409846ce13e41ee19647755109e687767917dc00ca72213580950
GVLiD\esca\esca274.jpg,72cfb966b163b1379039b3f2c6c82c86bfd3d804fc6d600242155a63c276abcc
GVLiD\esca\esca275.jpg,85ccebb2b010fe3da1a9aeb98f8f3e2ea64ae4eb776ce8a7f0a69f6ee0e6b8ae
GVLiD\esca\esca276.jpg,cf2e10c966242d40853dce4aa61d9506a76917ce7474df45535ccc89ced42324
GVLiD\esca\esca277.jpg,6e7f2fb4dc7eb014c52d133a789d81102016d5de531a26d5ad6771e13a540b96
GVLiD\esca\esca278.jpg,be3cfcfacd2ab8b99bc83f52b0d4869ece253dc1cd6e601d55be2b457353ba30
GVLiD\esca\esca279.jpg,56b03db55313dfb460c719433020e1e6e5eeff3725a41185f3ef56a5159782ff
GVLiD\esca\esca280.jpg,914be0854d6b03b3b2cf0c92b2d91005c87fcd0cbd85e294c211b140131e0558
GVLiD\esca\esca281.jpg,029686d4d46c7c5c705eee96f03401d61e83627f3924de77e90da43040dd1204
GVLiD\esca\esca282.jpg,0f009571f58ea198bf839d96e06214594167cd424b8c54887afe7063e7d52d57
GVLiD\esca\esca283.jpg,f9205f2dc1aa2ba37b55e05373e46c31e8e89cab3cf9d773555d4144a0cb71d7
GVLiD\esca\esca284.jpg,00fe3ba89db0cc6ae95f16d72fe17952b1f7a7135d1ce7a6bcedc925c7e90da9
GVLiD\esca\esca285.jpg,10f950761bc4b3000adccad0efc3bd7ca0780d568838f846736c3794667ff55d
GVLiD\esca\esca286.jpg,fac65d40f366b5ea0a205556a23ec02764b36d5168706a6f3bb9732c6c984c23
GVLiD\esca\esca287.jpg,12fee1a3f0eb31ebeb37a31979810df38654bc9d0af0641a861d885c6352377a
GVLiD\esca\esca288.jpg,1e747e9a8da3e3386ff40029d11e713a8c4597cae8a47beefeee3a3708a1a265
GVLiD\esca\esca289.jpg,940b3d404ee5bf4e1890a7fd94431ccbd448cb7cc0f03b8e18d1ad6d7cc6f0a9
GVLiD\esca\esca290.jpg,9695d9bb58798a8f5e831ac582f126376e6bccfc56985b7aca09cd4d3dc8e0b4
GVLiD\esca\esca291.jpg,7eb67584ee7c6f022603d2af5276065f214e0874a9ba4cb054a275aea596e83c
GVLiD\esca\esca292.jpg,3fac25f02af7e026b06bbf056bc8020fa8c4681b4540ecf211d92c85c03c6b34
GVLiD\esca\esca293.jpg,0037969928c6aaa44b9e4408817224fc3fff8a73d85930e3fbd6ea475df8d968
GVLiD\esca\esca294.jpg,89494ed4e0082885827368230e7031bd570f0c23315d7404c0374d17c6da9060
GVLiD\esca\esca295.jpg,f9049fa9b0e0be7fbefd7da218353c5b2ae24d1834681fb485941c8c9c45dd24
GVLiD\esca\esca296.jpg,ad5d5f860fd00ed068854ab1f32025cc15a71b685b25ce0ad2f1b576d301da82
GVLiD\esca\esca297.jpg,4de4fbfe8e1131813c9abc931b2a7060f1571cd71cf2d334fe53e4c1c9b26eb7
GVLiD\esca\esca298.jpg,b72a138e824843484d95b3e00a4a882e8e362077636848a08d900fa78fe8e209
GVLiD\esca\esca299.jpg,e6b555a0bb42a14663cb35228e16496f3a2959d4f4fa5bd4d4df80ee26ab14b2
GVLiD\esca\esca300.jpg,3503ed4287103fd47018573996ff2301be3059ead7df101a53a65817a819eb76
GVLiD\esca\esca301.jpg,30bdeeb0997212446d26bb4d6f6f625d0b696d8b25ffd07c84381b30e60cb175
GVLiD\esca\esca302.jpg,0fdb356632785f8b2155a9cdffd816e6ee26b98fbfe88d3b45731160fc33de4c
GVLiD\esca\esca303.jpg,58e18a3ad303faf49d54555cb4937292188c6922925547b844d0781404ed795c
GVLiD\esca\esca304.jpg,be2f56246eb940c96b2fc0c157a0ad46c687a582b0bf3a825cdc6c98fff23efb
GVLiD\esca\esca305.jpg,93ff1675a4056b18a0e62acbf1fcdbc820472287feb2d0613f4a1db0da960b77
GVLiD\esca\esca306.jpg,7e6da42da12b5f1adcc1055755d5b1c790504e3dc01611a21bbbb9b3ed034c67
GVLiD\esca\esca307.jpg,7ac8a55d925bdf9e7fa73fdae4c51fd7c01ce9d9efb81b749ffa07e65cfdfe4e
GVLiD\esca\esca308.jpg,c42dc93566c0f5a997b1c0d5c3671167faa18de298ae90e43fd4d62f1b933762
GVLiD\esca\esca309.jpg,2685e512a2eb848707d9a9df8c9ec7d9cc9cdf286d6687b845dd369701e4cc2b
GVLiD\esca\esca310.jpg,42eafccd430c3f4ba0ecc5601fed5670b238204c59c3ccf3eb20e1eda30b5291
GVLiD\esca\esca311.jpg,3145e8e745e0d24eda7ef33246b686acdea61beb982790f132a5d29218bc4011
GVLiD\esca\esca312.jpg,13c9f7ec7570683b85255045da3f41e2bef76adf38ec9cc7766476fe05783de5
GVLiD\esca\esca313.jpg,aae24ab334ed28dadf9dd976a7c0c35543787028e97638a7d174d82194a66da3
GVLiD\esca\esca314.jpg,4d6960419c539aa9b334d5faed58ca162229acc346e246834fafcd981841a397
GVLiD\esca\esca315.jpg,b62792fafc57bd08868ec53de282ce85c51b197aaa8f8ea51b4cc95cb7fe9a6f
GVLiD\esca\esca316.jpg,13c213259f8b540f9d3992a42a9b8506626412bc93629ab6421417247af32ded
GVLiD\esca\esca317.jpg,88f3d3df22c5543403f2c430cdf1b07007f87dab66b603726c787f47989d173e
GVLiD\esca\esca318.jpg,9e9e001157c07ec7339f5bfd3820a234ce2dbef17953a6f0d427b9c7e2122e18
GVLiD\esca\esca319.jpg,b1371ba895b2904b888ed244b835215e617eed50f65f9e818583308207d5df55
GVLiD\esca\esca320.jpg,6bc7496d241f95f435bfc603cd06e8f5c992d3dd0028f731fc917510c8d31cee
GVLiD\esca\esca321.jpg,3e3407183ac686663aefa3e64c5597e4db5ec9a22fc3122f4419cd0ca57f331e
GVLiD\esca\esca322.jpg,f48125ca78cd2d0f673ec40f5c0d6017b3c64d96c66b81731c8d2ca764dbedee
GVLiD\esca\esca323.jpg,cf99e99ddfc039c69329e549e7bd12dbe8e9b314305e04b5ab639619de4480a8
GVLiD\esca\esca324.jpg,d67e0fdc9a465dc08bc537eddf7a2bd5919f1022816b4dc01fa092977ab89d9b
GVLiD\esca\esca325.jpg,a323b41f9246f89db2224f62e9dca84eabc07c45ee2c1c72c98d72b3a362fdda
GVLiD\esca\esca326.jpg,d65a9531ce2b5871a12255b399044ff4e5994dc81eb98e523872a6278094f3aa
GVLiD\esca\esca327.jpg,bfc54776e93ecc29cf2bcbacb705022d9ecc8cd05257a231c454fc63751c01b6
GVLiD\esca\esca328.jpg,c9ba49d81c6c8fbf5c7ca2e8d85f13b208e59f82a171ecc613e549aa7ad47e58
GVLiD\esca\esca329.jpg,c0961fc2905a007fc85fb063ac5659b69540fdf83ae9a174fc88f8f57bfc0b07
GVLiD\esca\esca330.jpg,c6640dcce68e56b1d7038021d3ecac2fc5df127a89a5fdf0de3041ca9ba45fc7
GVLiD\esca\esca331.jpg,81abbfb14d3c85ab182b3baa88dd1e6a6ed69ca894c8fba3490d50a6675325ff
GVLiD\esca\esca332.jpg,849ab621e2911340750b29e432ccb0130e6a4ad391814f8d9ff8c16690e86855
GVLiD\esca\esca333.jpg,7bd270e5beb6acc6e5861f9488115305e193f1e9f3f031dbba5b03402cc3df84
GVLiD\esca\esca334.jpg,b850f780d36bbdc83010a4807f3a350ee438cc4203f05c54b9ee9ff8598e7c35
GVLiD\esca\esca335.jpg,72f2393eeaeb1e5deb472ebed03fd834e540e18f8ee9f16322e6d727a01dd6c7
GVLiD\esca\esca336.jpg,873ba34223c379b9239c19b2bbfb8d91adb74becb3b3fb6ef0d5947c895f5f82
GVLiD\esca\esca337.jpg,681cea51d969b1af652f535b13dd72e40600a9e0c790e8dc32fddb66e52fd53b
GVLiD\esca\esca338.jpg,2fde37ea77b659d7c04b16fa8ea8b645a3ebb2d8d657954b73f3027892890bad
GVLiD\esca\esca339.jpg,bab397a9b861b254e99dd6e723a81019ecf0c1f2ee47f1c6c3b87644a87890f0
GVLiD\esca\esca340.jpg,a31b4c77cca642d2fbe1fb55c9de75dcb2d188fdd9988541a1017819365a53c4
GVLiD\esca\esca341.jpg,3e3b56445aadb1793a074edd72b0854b1963ec338c4c744d7ffe56c3f7e4f7d9
GVLiD\esca\esca342.jpg,526f0d1b6bfce503de5c9d1473d8fd40355cce08631489bc59a23aac9f0033b4
GVLiD\esca\esca343.jpg,f4bbdab54f9a0f24934f9d944a3211b51e2ee1c18019bbf78c584753e04145fc
GVLiD\esca\esca344.jpg,e536a41e4f7b881316654a1b90c2adaca4b82ab7348911f6ed0d0a11c300ff33
GVLiD\esca\esca345.jpg,c0fc175400fc082de369d3838f5739c675b15c3a038f8cb9a9c7f82708ab3321
GVLiD\esca\esca346.jpg,041b8b8cdbfb807ce609cc8b85fa9e4c4bacb38e208fd41422a8fee666e00603
GVLiD\esca\esca347.jpg,3ce539b03ad71ebaa76dd2cdda1b273c2d4fb32b89e010a504bb3376b9743d9d
GVLiD\esca\esca348.jpg,df526e8bd8b9997f8dc5b2ad3919c76d9595467bf7ed69df1870104d5641ccaa
GVLiD\esca\esca349.jpg,1d2af1828c770248a6fbd4be196bae467a5f7ff173b1167d6b770c26bcabf9b4
GVLiD\esca\esca350.jpg,83108e23f9750db67737488778791a446e682cdcd6a2a134b50fc94f6deb0800
GVLiD\esca\esca351.jpg,5828ab3711937705bd603997d5366759ec7928af5aa054e90814fd6c410a0892
GVLiD\esca\esca352.jpg,7fe12b9ce87470cf8cca9f311d3a1c83b8cde4965cc5bf27ab954d1a6f467d61
GVLiD\esca\esca353.jpg,569508889871fb4574b2e29a9760ed053778c45c18c9cf6dd6ece77f50e5cdc3
GVLiD\esca\esca354.jpg,239246d2c0dd55239a685d9cf8dc804d564055a9f10f1ea738305b9ecaaf82ce
GVLiD\esca\esca355.jpg,fea01d6236e0c553fb11dda825133ef83ab38b47377f942dc22504e23e6d015f
GVLiD\esca\esca356.jpg,8e0c32cf22cfb2a79f42ed47464acda1b4f8ee96967adb64d0338b7f23522db9
GVLiD\esca\esca357.jpg,65b8d4cdc895908a704a06d3e3480815916ccb0287ca7c857e71fc17c5de193c
GVLiD\esca\esca358.jpg,eb6bf51040aae2b470cdb0c96161d2e8876fb374128dddcd695f777339a4e1e7
GVLiD\esca\esca359.jpg,cc10f128cf3b8340b512e438373414c8c67572da8453e777f7e0af37e9a502e6
GVLiD\esca\esca360.jpg,38ef078e5fabee9275f3d028df0aa5ba4fcd577e556cecfbf2d3e4974127e154
GVLiD\esca\esca361.jpg,ef90115873db4b5c4ed761e4a4a210951a6ecfad9eaf0836277943ad5e3db390
GVLiD\esca\esca362.jpg,683c8799b39ac143007a84d07fe31e3a778bd3c5455742532975d9c32f4cfb72
GVLiD\esca\esca363.jpg,59bed5eed0e19d26732105bace35fc3a2a6eaa276d478ebedb49e1cb71b1102e
GVLiD\esca\esca364.jpg,094235c4ce436e44de5aa6e0625c132ca149336b856e0b83b22ab3e349550951
GVLiD\esca\esca365.jpg,5a5193e0b3428a761121ec0620b9add1bb5cf8bbf9dbf95ded2c2df36606f599
GVLiD\esca\esca366.jpg,7b38b8aaa219938207a477296eb1986293af5290ff5be2e243ac480df96faf07
GVLiD\esca\esca367.jpg,ca80190aec2d803e79c1699c8c86c48352d90220d8a46598de307b427cb22a6f
GVLiD\esca\esca368.jpg,82ee72fe01fa0ae5766d77e26483112673cb9a73202c110e33f0bf0f4501ba10
GVLiD\esca\esca369.jpg,5d8d65f1e7485505790db2e1f7bf78daad8986f0fde183abea0e84094402467d
GVLiD\esca\esca370.jpg,bc220ce4a756495f727bb73a13e975ac9146354a0c0e5364f49369778b8db16b
GVLiD\esca\esca371.jpg,42f36c076c70ce9ae79034bd57ddb7ea91447c7dab4797614247a7a72166411d
GVLiD\esca\esca372.jpg,538516cd899ec73a51999d966c2583dc70d56e6779994e6138fbd4ed7f4db76a
GVLiD\esca\esca373.jpg,10eb2df7a5982e3956d1db9eec847ec36ac089c91c2c0418e16c23e454db3a96
GVLiD\esca\esca374.jpg,4421ab78cef5ada5c0d9783837ad029e17f15ca2513ac5b9b508063caedeb532
GVLiD\esca\esca375.jpg,5557fad14296e02c428a681a4308c0102f63c071e2461c877a773e74f5cadfb3
GVLiD\esca\esca376.jpg,1f176a1ecdea69d93cb946cb1d7cc4978c0f416744625dc2c1811844dad5d326
GVLiD\esca\esca377.jpg,655f99e4602aa25193f09858d1dd156678f4097e4423a0600c3442914b42cf54
GVLiD\esca\esca378.jpg,451db8cfbb4c993154d5decd860b0aeba42b1ed626829e7a24c363ab1e7627c2
GVLiD\esca\esca379.jpg,eaa2529c01f41a4c64e24ad873ea0354c75d2c33e1ddb7256ec679ccbd421f5a
GVLiD\esca\esca380.jpg,0d108cd27666ecc1cdfbb050eebf26668b90a6a4b5f69537fbcbbc17b96f8057
GVLiD\esca\esca381.jpg,d1733e4045bb3c1263de180df69f9cd77582dab023e20de5a261ca87f272077f
GVLiD\esca\esca382.jpg,e6e074219c4d0cce527ac11950e4bb8769509b174a132ed3d72f6556436170c9
GVLiD\esca\esca383.jpg,265ff2f578cd706a6b2c87e86af06b3cb04a15c40ac21e4820df6a651bd36be4
GVLiD\esca\esca384.jpg,832be9b07eb47fc0a77a40c21069a2c1b93e89b9d14ccf1f1e73e47bda129bdb
GVLiD\esca\esca385.jpg,ebf4493522bdbdc69994ace3ebd7565c56b5c1bee7c47b3647d32e98876c0eb0
GVLiD\esca\esca386.jpg,f0db4c6850c0e18ea774ab6f4e2191b3f3e48e5e5f0b4864779fa39f1f748477
GVLiD\esca\esca387.jpg,c646846930eae945875ac6430db88950dedda99ac6e3a6a3e38f3a1098cedead
GVLiD\esca\esca388.jpg,51fbf9758dd3527e7d62a9617c112c137efc684916af23da8c2f23067292c233
GVLiD\esca\esca389.jpg,7a7e07006d66ae480bd5a9051149abfd338e9b1c08f0be5f8c6be033c19bd9f9
GVLiD\esca\esca390.jpg,f0b38979c3984d24ebdb420b800d54da5abbaa4d020ef361b999a5a2929c3f83
GVLiD\esca\esca391.jpg,6b7bc6793649eff0cebb92c37ea693d9d4a28d3b35d7607c0c818a7bd712ba16
GVLiD\esca\esca392.jpg,e441186373d083ced37e982ea46295d1e5cdabcaeda3a6763cd2f7f4ae102189
GVLiD\esca\esca393.jpg,e0c0751fdf2d4acc8365975de7adc73dad359269e296870f132b15a9a07f3328
GVLiD\esca\esca394.jpg,15ebf8e8f2656800665e454a0de7c8f6b551ef714b65086146968fe31cdaa597
GVLiD\esca\esca395.jpg,046d0c52471a1dcf3a7e514049af6d698cdcf099b801120762cd862d5f710c11
GVLiD\esca\esca396.jpg,2268c2c4e1acffd4a1ce8cb6068932ff39de0e4ffe3765c04fe5caaeed5dcaad
GVLiD\esca\esca397.jpg,acdf20e92bd4d75ad883c09a1a671bc5b31b1cc3ac8a6393b6e32c8590b9e741
GVLiD\esca\esca398.jpg,11cd9325bc31e18f391897cbe989d7c57f38335db123b6db2d2523e410254568
GVLiD\esca\esca399.jpg,27c7f59b2e5015510162fd1aaf095576ae06bad45d76de35786b93a91d471f80
GVLiD\esca\esca400.jpg,73fd48ff7bf8a9c0c8c939c5c48a97d2fa06743719d20810e3f33a30f620c99d
GVLiD\esca\esca401.jpg,d6ae3ffac330c2c6f6f9f0219adb988cbda78535b8645fef9478b872e9e230d5
GVLiD\esca\esca402.jpg,cc810f56badd7483ad8165d6389899f33261b0ef13122d701e6b3eb2faf5ae51
GVLiD\esca\esca403.jpg,10d9a415e90d86a0f545628c6434187ed695121fd68bf61c0648d257ec349afc
GVLiD\esca\esca404.jpg,dfdbbfa0076b2b5fd96078d2435c0c09ce0131ffb34337ea9e91b310ec2b9993
GVLiD\esca\esca405.jpg,7cea0e169c346046547a701831e5e7312d8f43ebd71b2cb49e71f80512f202f1
GVLiD\esca\esca406.jpg,4b968e0b6b238d744852ec9212500617655c74e4dbde9d0b511a17c92796bbb0
GVLiD\esca\esca407.jpg,ec739d96dcf5a29051a178e0b87a38685410e253eb21f27d8859d4113f686c60
GVLiD\esca\esca408.jpg,b3985a26890bd9f81652cdc99c1d8d6d6ba301d5eae84ae49d35f6c2a6c174a1
GVLiD\esca\esca409.jpg,9c82a1d09efcce9b5bbe8b11ff7e1f6ba8279d998d045706b1d8921f21dae10a
GVLiD\esca\esca410.jpg,790153e9e4784284a6d7676de10da00c6fec8adc7f3562d02352dfd45b5055e9
GVLiD\esca\esca411.jpg,b8e7c8cd73632437ce5855ef1448dadefec3903389448ff2ff59f81d530c8bf2
GVLiD\esca\esca412.jpg,89a4f7b50c6ebd2b18b590607b801fea92853eed2cc83a5dbca1721a1e12746c
GVLiD\esca\esca413.jpg,f07e68db4b2cc908d3c67f76ee2b64b80b37498af5b6240def52d844b8aeec73
GVLiD\esca\esca414.jpg,e96acc6f049702c945650be8337a6f4497fa2b41fff7373f9a82159938a8fc52
GVLiD\esca\esca415.jpg,8f3b6d512cc8bda94dfa7486c62875e2e3773afc8c8b84516f7c29f6886e0ed5
GVLiD\esca\esca416.jpg,40e9524231ccac54325f248590ec685a642d967dd1dc869500afdc17f886b377
GVLiD\esca\esca417.jpg,10b43376416a6b7a9b325f3ed427d85595f2503d71f89fc2c0e1470df5ed7d37
GVLiD\esca\esca418.jpg,2eee750474c1eeff3cd98f73363afaa4ec577f88a7c2d991f25459461a6a5349
GVLiD\esca\esca419.jpg,38835296c954ffe19135a92f3ca7d0ddc79de7ab62a8260d4ff947e690afbc4f
GVLiD\esca\esca420.jpg,6a3ad783a9e03a0118a9cd3340921cfb1b7e80e3c4a0bed26b11bcfcf7a381b5
GVLiD\esca\esca421.jpg,95859b5b5c00dd51b00cc7cc9519dc4d86224cc17444a536aac122ecccc03132
GVLiD\esca\esca422.jpg,6574a045ebdf5fe83655ccd744d8d38da493cf9de842349f01a65cfab6f12603
GVLiD\esca\esca423.jpg,7e4f6cc127b70aac4d1cd5c2ebe8342dd9259741433f3be95e3232461511012a
GVLiD\esca\esca424.jpg,72ec6b415e032ed3fec80825270fbb0f29ce3d174d829062a533cfe06fde34cf
GVLiD\esca\esca425.jpg,c8a7eacce00f587a58e202e4160ecb25498a6309b844491a1aee028e85f72e28
GVLiD\esca\esca426.jpg,b87e8f0df7565d5d184ed0b1899bdc148de0145ddeacddfc445cbc3b9d8f8a24
GVLiD\esca\esca427.jpg,dac02120e8b5643db6885d1e403eb70858c44890a14e0b97538f3326249c85e5
GVLiD\esca\esca428.jpg,7cfa22e042730a756567a2392d2bd9dbbc6fb0099583ec7bb0ae66a643f8cdca
GVLiD\esca\esca429.jpg,6f4e2d60e812ec7190bfb962f91e1e7bcb71b43b938315f7b1d5d4dc5e5063b4
GVLiD\esca\esca430.jpg,e76167b93f05235a53d1810008da94ca010d0c61d07f6918d2da8280d9def81c
GVLiD\esca\esca431.jpg,15aaae2ad9c5e112709f28d17f2cd140d88aab0d656b4d92bbef870c634cd79d
GVLiD\esca\esca432.jpg,56e05f31271c30b619f1f1f7ef94d19642ecaeff7ac667c8d9d5e9ef023cfbd5
GVLiD\esca\esca433.jpg,37f0de9671a7c656dc54dd88fd909fcb5f2626e258d929f1e019870cd4fb04ed
GVLiD\esca\esca434.jpg,160d26670baf5ce246bb5cfb92de68a7eb84e55beabc972159acb36bb82f5842
GVLiD\esca\esca435.jpg,820ff969f595dc6895efcc33dd29349d0516a11b87554fdce235807557e7c5d1
GVLiD\esca\esca436.jpg,8f36629e25d9d013f355a83882a3c78729230bf23fa5a903ec1791511865afdc
GVLiD\esca\esca437.jpg,a8551fbdd87ff3a6fde58e38b7b601c5ecb7622020d4246bc36f374157bfe96f
GVLiD\esca\esca438.jpg,9c33b90b631271aebf353715a3873c871c3bb5153028f41ead0fb359b75635f0
GVLiD\esca\esca439.jpg,f77587dd14c526020bad5c7a96c13d16a6d6e2b64db013c279ad37c533cc3275
GVLiD\esca\esca440.jpg,5cf37f55bde1e04bb120e4f653507ff89ab8199ef1e0cc7fe1da054bd152398f
GVLiD\esca\esca441.jpg,ddbab13b5a809f0977edf6a79c2d88312936b9a24f752dbf4fea6277134b784b
GVLiD\esca\esca442.jpg,38af4244f50292ac0bb2343b9f9e15f119657663a4cc13aa3942bbaef67fa879
GVLiD\esca\esca443.jpg,f380c992edb7131dc45bc514c6455d1bc816f3f871090d7e24e6ccc092e90d9a
GVLiD\esca\esca444.jpg,9aecea91a737f9f7b991d1290a6b79280ec9b7f233aeaad4c4860662826e1135
GVLiD\esca\esca445.jpg,d574a66df22ccd006875eaf43ac763215736faa30b825a1d1579e9b8a475df83
GVLiD\esca\esca446.jpg,f94ce3b571e82ca6bbc54139eaea40864fe081da129d00b107acd5ca7b806f32
GVLiD\esca\esca447.jpg,a39756251352cb536d90905b36a2b78878a65f18ec06c999582c960dc13cb5be
GVLiD\esca\esca448.jpg,c0b6331a1d3d2eb7f7942fc8619508cddfb4255679d137eeea94571be6792056
GVLiD\esca\esca449.jpg,02c7c4357cbee7fcee6982a2ed0994e21f5d637cf442a0d49968dde479d14002
GVLiD\esca\esca450.jpg,014894d8c21ddf11d4ade856da4cdac96104b87732ec639778bc0ff7a47ea0a2
GVLiD\esca\esca451.jpg,a8c2057aa125d6254ba33cf42bfd5103a488595cfdc43a3e4c9949c1d51f00ab
GVLiD\esca\esca452.jpg,65e1afc1f4a0e10273a95cb970d127c4c525a8baefb444a91e5d0d2a1f9e3a9b
GVLiD\esca\esca453.jpg,4db18237dddd180b4aa8af4e6db7e190c3c042e4b1016d641788ee2789e02b2e
GVLiD\esca\esca454.jpg,d1b417d106c407dee831089d65fde9c1ce0750d82d96f35a21cac9f2d095be26
GVLiD\esca\esca455.jpg,654b296ef1b8f38a4b0c3592cf2ee4d63a1d0a0ba4f4cfac2e8fd0b7f0a4baa9
GVLiD\esca\esca456.jpg,0db4c92467ea8645565b9ede82989aab8825b79eff653300324e6a0fa6450ddf
GVLiD\esca\esca457.jpg,3d50e0a266e6f9f685a37813e22a37d06e5a2171531ece547d765892c524ce15
GVLiD\esca\esca458.jpg,762c2609a13fc2ccc5ebc7896376d74404d080d451128989df7dc524c1b752f9
GVLiD\esca\esca459.jpg,3e40ddd7940a2740621e15c0e3880e23b153d659addb101d105865fa0fa33cd4
GVLiD\esca\esca460.jpg,a7f36e7278d134027a0bfd8a641bfaa6ca4b60e95a8816f5409815c3e737cf45
GVLiD\esca\esca461.jpg,42f73bbe9a8cda41cdda1323fcfc5b5de4ded8a667f307a54c5df4bb835860e1
GVLiD\esca\esca462.jpg,8e01f58a8d79d7549e4c68c7686c77a9543cbb97c82a5c124f0d3dd004c1862a
GVLiD\esca\esca463.jpg,0d68833f40bef91550aecbc3eb0847575a9b2bc723e6c1db155dc1648aa20011
GVLiD\esca\esca464.jpg,4e9e323f5c6ab388c017a5d1834b615f5923cb4d61b3e6cc429f6ca0659761ef
GVLiD\esca\esca465.jpg,de9889fd02912cabb8445fd719deeb16490c06cce54c57ab01c75c9cbc6b34e8
GVLiD\esca\esca466.jpg,39a6362bf165038780708c5e328090b3a48be96fc0b368aed6934cf20c4b545d
GVLiD\esca\esca467.jpg,e099a8377b229c56c98b0209893d66cf54ae7ddecaf8ceba31b40cc5e3752124
GVLiD\esca\esca468.jpg,c196868d78a162a3bb8d33645d161fe5e757c1f68b1326b077380d88bcaa7da1
GVLiD\esca\esca469.jpg,1911060d6bef9c24d4c989f15155698467514832819df60754bb34130d38f529
GVLiD\esca\esca470.jpg,a1ceb644b38a67fa0c9a8764f4e20166faebe12bd3a3b7239fbd2dea134c3f52
GVLiD\esca\esca471.jpg,583b28be590b2b7b8eab14b88191eaac3e847647992c41439d144ce66ed3cd73
GVLiD\esca\esca472.jpg,b4fc6078844c80e62fb3669ab776e598b6bb5041b204e93abdfc31ccd7f20472
GVLiD\esca\esca473.jpg,a0182e6d8b48653c7fc36e16c9077872739025c1fe8cb0b5b7dc229ee72c7f66
GVLiD\esca\esca474.jpg,065e121c865cabfb675fe273247d60753aff0a9b9729a6aed748d7efd20c3d87
GVLiD\esca\esca475.jpg,ad1291a0ad2d31028bb584026e2175652126fe1db7c82f1df17fe5cf9162c767
GVLiD\esca\esca476.jpg,c52f99df390abfb2ba28328f0aa9cb5e58b0cafe150c8216f439533d0a8f08a8
GVLiD\esca\esca477.jpg,e289506244b036aa4d6211f5eb995f5bd12d8793476ef50d385c3100bd0f00d3
GVLiD\esca\esca478.jpg,9420f4b023b6c47743f0aa20321b097a897626b140f8be40929935d2453d508e
GVLiD\esca\esca479.jpg,ce99c64cad7e17d4061fa0bd4b42d0ee7cde6e4a0c2d4dff7b3ca12dfa50f69e
GVLiD\esca\esca480.jpg,1626c0315bd2a3e114511493417d0eab937d0a3e972662e335edfff9f23ec773
GVLiD\esca\esca481.jpg,e6fd856483948c0ee5b40bb36282db92db8bfdef9a8ba2a36fb04baf70e24272
GVLiD\esca\esca482.jpg,46ad77a77f080244966c6f025e6ee553fd8753ec1a53e740aa0e1023e541d3a9
GVLiD\esca\esca483.jpg,fa748fdf612fe45302c7640480be0ea279cd317b7193113173df67abdfa33ae8
GVLiD\esca\esca484.jpg,24b18bfde2807d54b12d3ab5e6c85415074a8bd69df91a227ad4566dbb2b9757
GVLiD\esca\esca485.jpg,cc9baaad750a84445e28ffc5c0b0c215ed80c4d4214ff9598b4995be0b6e6895
GVLiD\esca\esca486.jpg,5cab1026ecf7d2419d08cd42f71ed682881be0bc67c90b70613831d6bbeb3f56
GVLiD\esca\esca487.jpg,822693d74447f339c9eb72bacabfe4d1e860f280eb2ef95ca83dd904d3ae0a60
GVLiD\esca\esca488.jpg,8dc4d8f344d7bec372947e5ff7166ca668cda480ad06d4316358262295733cc7
GVLiD\esca\esca489.jpg,afb6b0843bd75535c7f872ca7b797ce0e1bd217497f4eda6ac60e25afb1b12f5
GVLiD\esca\esca490.jpg,db4cd7c25c79b47c1242c49d6b3b06f9dff79c0b39508f7049f9e77756e8e9e4
GVLiD\esca\esca491.jpg,36bc2c80dba6568b276922a6418984235100d2eaa9bc93868b4b24cd71acfec0
GVLiD\esca\esca492.jpg,447c0a9cae64b793fb9da2d19fd7cd691ed0e931a02fcb70800de8f295eb4cd9
GVLiD\esca\esca493.jpg,ef96fecf7e7d22d3710c36eaf91721d7e714ea5135a333fa38842deb30d5503d
GVLiD\esca\esca494.jpg,5a9d535bf6817acb06d5eba50919d879e8dd4f97e0d8663611ba9c9356b3f8f5
GVLiD\esca\esca495.jpg,d38bbb839b337fb8ddde88d6a5af1d6986367388e37c09624b6e58b03e123bc4
GVLiD\esca\esca496.jpg,227293f60b8cf1f476d0c53c0dc323de9208408a776439e7e20560d8c0a9fbdc
GVLiD\esca\esca497.jpg,5c6a8eda6d6b05e5ca9a922f35d2b1c97c770494f9fa2b66a392240aa15306a9
GVLiD\esca\esca498.jpg,ddd794b28eba35297012ac850cb21a0dbfb1c65852d3027469fdef8b3e9f412f
GVLiD\esca\esca499.jpg,9f427f3f94979dd6d4eaa2dc61ebe272b8cda5c6dbbaa271e49af263adfafe0c
GVLiD\esca\esca500.jpg,8f7a029d5e2961840921cb274449ee885596b337b1c6564ccde495eb5428c36c
GVLiD\esca\esca501.jpg,406916ff79b0ad13e65f2ed48030adda2130d85b05adf71467a13d8c4b591d0e
GVLiD\esca\esca502.jpg,e3b11649df36b23816f11e1b2d1c36dc148f392687d26bd57f9dbeb20cc7441c
GVLiD\esca\esca503.jpg,9b06e1cc64328d89d2e13875ac10bccbd226b9c9bcc86abef6b9a7b89e718d00
GVLiD\esca\esca504.jpg,7cbb01c25b2152e4864e6b0e619d8b395d343d583f6a814b1d48dd8a53b23df4
GVLiD\esca\esca505.jpg,6d6ed8980e1968ef0baf3f9edd89a204cd0a57a370079c8b0d50a9cba4bb630a
GVLiD\esca\esca506.jpg,7fc922f5c3ad8dba1ddf2ce5ff25ca23cd6fa7a8cc0127a6c1c5a9aa02f26788
GVLiD\esca\esca507.jpg,8b033ea2d976e61d40e5a8b2cc16939d8e023cd60bfa00dd4177ff37dd63fe4a
GVLiD\esca\esca508.jpg,339c8ff481905cdd0dd8b04ec5cde2161bca1615f5d7d55e71a791cd163c72df
GVLiD\esca\esca509.jpg,7e426b5545d88d631ad9f5a1570fb1d4f111de2955d3feb6ce4fcd765024f634
GVLiD\esca\esca510.jpg,9c1bc80a01729efb2f38892d6b2e1bf3045c350bb705eae909d7fdafe6d5ded8
GVLiD\esca\esca511.jpg,c49b86df4c30936803dae16989d49dc2587e4c01ed833ce75a0bdef4d8920ce2
GVLiD\esca\esca512.jpg,790c6f15f4dbd9850f14d63541cd45f5fb0f0035f1c64fa6a61904d89c32ca3f
GVLiD\esca\esca513.jpg,8b6448f30f327cae8264e6c96391c4c7bc3a8fbdc8b71a7c2c4c94810e6c367f
GVLiD\esca\esca514.jpg,6f17cc38b2d7f64b12eadcca43864a5fc1197b2c1be9272ebcfb109d5df8cf70
GVLiD\esca\esca515.jpg,a9a948b9fe098ab88bc8497d0efd78242e07e9f744e436e37ea5ec4e00949b57
GVLiD\esca\esca516.jpg,57f184f1017c3086f66a0df14f1447ddd2d365f1badd35bcab830de1843497e2
GVLiD\esca\esca517.jpg,995c306124305a2cc23c3c67cc823f5104ccd9968b5aaf2eda8ba3e65ca275e0
GVLiD\esca\esca518.jpg,abf9c12278d7579273c1cb50b6f187d8c1a78cf209d7d408310a9a31e7d7b4c4
GVLiD\esca\esca519.jpg,275f391bbd2094c84fbe01dfc4949409158d89e4141000b725f5ed345628252a
GVLiD\esca\esca520.jpg,0bee25683e7ef96302b901e2d0cb894cd8e0201902303db39d6ef2911e421ebe
GVLiD\esca\esca521.jpg,179d8dde2ffd8df812bcfcdaed0696ed8624101af42d2a6e353660a8325581f9
GVLiD\esca\esca522.jpg,0db13f58032aeacdc244d8062f3cf9242c947317e3aee2d0812518dff35fb194
GVLiD\esca\esca523.jpg,f8616251d1d170e83dc17bf8dc6fd13e61b70f984baa41678c600b3f4c8cfe8b
GVLiD\esca\esca524.jpg,2dc01fd9ce4c8d84121d5801a229d1dccda492f41423234d057480746e555b6e
GVLiD\esca\esca525.jpg,7b5daa5e3c200048b53b43862241dbb3d6cb9e4ef87f111a858a986c33ba9c03
GVLiD\esca\esca526.jpg,9d8586f67d29d5c560a0c013cbf4a01bf0a5b36c9ac0ddefd1914b71e32807fe
GVLiD\esca\esca527.jpg,3385dcb00d5fcb6d8b67bcec46176fdfef6052f73bd546f6a99038ed63f7f8df
GVLiD\esca\esca528.jpg,7705f5ccfe42e36e1a469312568eee0a6ef9ddd7e0035ea558a1eaecc6fce42a
GVLiD\esca\esca529.jpg,330df7bdee721001f914d04d54b3e0c1a88764f3cc6db164af8435cbb62190b1
GVLiD\esca\esca530.jpg,1f4820fa8efa2730356b6fe14f70d13c9e3f27251284be32fde125c0c74e17b5
GVLiD\esca\esca531.jpg,ca53fa2f99452657299ba5c497eb03196b16116a9ce98d1cbdefbebee3aea53c
GVLiD\esca\esca532.jpg,9f3b646773b14a5de884993cb8240ccf6d68515e91df709c4b1746c94b137bf9
GVLiD\esca\esca533.jpg,dd9d8d04e1bed6f672cadcae4bd5bca8679dd3b2d041cefc746e76f34a8e4543
GVLiD\esca\esca534.jpg,530c57ba9e26ec0df9faad171b8ec03ffa098ff92f1d1757e5ebccff92163286
GVLiD\esca\esca535.jpg,6af14e50ee96a78ef153154e93b0b635d44c6b2f6877065cc5c26f0d230ff2f5
GVLiD\esca\esca536.jpg,32b8b0efd49bfcd04baa34c90fc19dd5fc63578505ec2f768b96a955e37d3190
GVLiD\esca\esca537.jpg,3e760a4f230e0760abfaef9eeda72f761121dc35d22493cc1bae213a35fe51ba
GVLiD\esca\esca538.jpg,142969c77da1b11cf4c3df86cac9403bb4313fa13de2a05c7be7760558d1d03f
GVLiD\esca\esca539.jpg,533f35915b98998ec05d560394152a93fc4b3ff19db8b15a06eb3c6ef17c545b
GVLiD\esca\esca540.jpg,bfba63f2efbfc6e267cff925e136771e4ec45c8510d91260da1f2adc94df0113
GVLiD\esca\esca541.jpg,ecbd1f7cf356fd9431c9fc10534789bda367529852959826eef8fac8855e419a
GVLiD\esca\esca542.jpg,d878fa819956fcf11a17b8419bafe92ee4e863b1ee7bd4435c3e43c007e59c24
GVLiD\esca\esca543.jpg,197c3d3180590b045350209f86c0b64c961bfff8747a9d9f92de2ce9ab822075
GVLiD\esca\esca544.jpg,13ae653131b6fbca149ac0c487c125963819b21efadf76b9509afd66ab2b3cc5
GVLiD\esca\esca545.jpg,c0c6024468afe3f93a620c4132d8a93654049a60035eb2839f7e207dc0175741
GVLiD\esca\esca546.jpg,f48f9424665380b33a1e426ba21d53e7fe92e2ae36f8b9522938251769ae0410
GVLiD\esca\esca547.jpg,2c2adf9c89b2ad1b1073809fcd1a2175b172f3c7bf463d886dfc9e3161a6ae2d
GVLiD\esca\esca548.jpg,3093feb76acb8098f30debda701b18fe55b783c87078949073f4a5a4c826d7d0
GVLiD\esca\esca549.jpg,d3d0981d8b7119ab913fc3296f2a08fbc1fb7ec387d8aa6a84b7ac098741df3e
GVLiD\esca\esca550.jpg,d33cbad5aff8a779f1ed2a312d838b004083f2583eca52b0f988344c5641c02a
GVLiD\esca\esca551.jpg,7ca0f9353c8aafa349009904b5c65416f55d12dd1ba7fb7cd6290f34fb4b610f
GVLiD\esca\esca552.jpg,32d142c1c628c29b7c79323c5695fc01aac8813e882b55ad206e21825daf6332
GVLiD\esca\esca553.jpg,0320a2671e93c815792a3c3f4121ab1f3cc3d069c4c45383affff4161b7a0e12
GVLiD\esca\esca554.jpg,1b9ced678aab2af27155fe6cce9bc9daa85c1ca00e2b77887528a41c9e50798d
GVLiD\esca\esca555.jpg,c5656139e0a8c05f5e9ce55b259812db4c50ab52197cc82d3284c04149b612ad
GVLiD\esca\esca556.jpg,de7d026b08e1483f52a12e5bcc9db6d7adc3a3a7e178ef5322e602dce77a1606
GVLiD\esca\esca557.jpg,215adc30060fff50a9deec79cb67dcaec505428fe5bfcbce8c27ac0caab41370
GVLiD\esca\esca558.jpg,9e19aa8b74e9680f008416b757405315f53c9e148b1c0a3772e26a8e326bd922
GVLiD\esca\esca559.jpg,639f42f2db8b845b32e46150be26a905d6f36831afea43f9d4ac15dd11270f82
GVLiD\esca\esca560.jpg,b73a3b7810f6bdcda0c9d2bb7c4be095de23f5a0acbf72b234e22620e92ef709
GVLiD\esca\esca561.jpg,946027e6a7b0c36bddd21897777c122b5b3105e9014a788bbf9d50225360b040
GVLiD\esca\esca562.jpg,655efcce55fb3e4a0d773aa624517c015632eb953b0a8b688904ee20196fa741
GVLiD\esca\esca563.jpg,59cfd8f6a497c477beb658ed1b4ef097d0dcaba403257ccf18913978f640c872
GVLiD\esca\esca564.jpg,7bc400d26288d6aae3b24017d0864e7110ccc71f5973bdbebdc330599a329467
GVLiD\esca\esca565.jpg,5d3edd2d8d31a20021d8131a9700c7faf0cc24e24ba61e3220462fa1cee4dc40
GVLiD\esca\esca566.jpg,30ae1a48da72965ca2992224a22348328a2e9ac4db38c2acb37edbcad89ceca0
GVLiD\esca\esca567.jpg,546e959ab8558c034d32e03ce235f3d2d3d73d2d82b2cfef37a8621e8a16f7c5
GVLiD\esca\esca568.jpg,1e19ea526a66019dfd73ceeca888901468f44cb90e085db5af754da03802a78d
GVLiD\esca\esca569.jpg,a0d2f229542bf3f87704e73746d938dafa9e1ec8ebfe28f9db7cde55fe37cfcc
GVLiD\esca\esca570.jpg,81abf14049d7f02a0fa4fa23f742081ca69de918ed5669e1d7a156cb0bc6c4ac
GVLiD\esca\esca571.jpg,4edce138556be3de039d4ebbb532aac18ff798f5ee5d18f33f849d98831a5f1e
GVLiD\esca\esca572.jpg,fb0996374269ab281933d54ed08e025e3578d986a2ebe6d27a5b8ac6203141f6
GVLiD\esca\esca573.jpg,5b6b9b9409f4391f9628c044623f2cfcf41652b29c5bfdf27d81992beccde57a
GVLiD\esca\esca574.jpg,51b139441eb6aa6ef2b559c42efe1e96a9c2cae8814b4a16532637be7d25bde7
GVLiD\esca\esca575.jpg,f19e88834b5123a87ac338d7f4fd229fbcfc03f6dc916022c704b0b198bb90eb
GVLiD\esca\esca576.jpg,6bbda9d49ace09959dc423066db4b219a836c8b999f2d6e34c1ec2d423672d08
GVLiD\esca\esca577.jpg,467b731553a90d2a41d65198676056b01483cec73bfae235cf4cdf2af289f0d5
GVLiD\esca\esca578.jpg,461972e8ccd1e28d14521875bee12cb5ffba4e5713fd39e131fdeb687f09997e
GVLiD\esca\esca579.jpg,19d34d9727bde3a7ea8bd80d68a3f84b7a75005ec388b14047c8ebc177987583
GVLiD\esca\esca580.jpg,27e89fce231a2124a40568844948e6ab979b7327c144cfee73de65d22d8a27e2
GVLiD\esca\esca581.jpg,e8c30de04a54cfc4f2d8d8e20b34d7e0a5b3481fab0ad32226e92507a9f29cf9
GVLiD\esca\esca582.jpg,1578026cb4b86a14bd5c1922c7979aeb4b0722c0aa4180ec234f3a56b22edefc
GVLiD\esca\esca583.jpg,95e32a5654c6ced3bf7067aff6cb15260846f067c46b7437427b7880742251c1
GVLiD\esca\esca584.jpg,cebb1de1632e52cdfe0caa96864093437657ccbd9544af3361eb67b4b0137ab2
GVLiD\esca\esca585.jpg,fc74e2aefc64e0b38e3c0d3365d9097dd3355cd52217221fb46b0dfd4111d71a
GVLiD\esca\esca586.jpg,19cfb7a37b2dfcbad25b548168148f2bc84741061c968ab4eddde71039d21cb4
GVLiD\esca\esca587.jpg,b5ef386844b13b969ab94e54f8e1023f2898bd297b7fa3a4fc86fc2a53c6e5f0
GVLiD\esca\esca588.jpg,3e7dacebbf3f0f796d77b183ea7117eb550c3f66d0b91b3f16fdb2b7059a9a65
GVLiD\esca\esca589.jpg,26a6e3b799531ab37523d4ea7c1cd5668d5ab00671f4f8559fa95400ca4d2035
GVLiD\esca\esca590.jpg,6af642e640f051d1caddbb9f6dcf18f33753bc8cc8fbccffbac977755bb5e073
GVLiD\esca\esca591.jpg,cac510bba451574c39113eae3db527059afc8982d806544c4eebf5ad2ddb0ebe
GVLiD\esca\esca592.jpg,57b8e275418031a708c8be9797d9921f0dc18e538b6bf488c006753f0058cb2c
GVLiD\esca\esca593.jpg,666dd81a115457c77d7419fdcd63d632f5133ed4b2fd6dbadbb1ceb6b88adaea
GVLiD\esca\esca594.jpg,86a92fef543724fb28bca68fadb1d8a11edc76e1cca88f94f70145e9af4191d6
GVLiD\esca\esca595.jpg,054daad104aa4ed72c33b67a1e1876d2ed61b12a006a6c74fdbd5dce59efeb36
GVLiD\esca\esca596.jpg,b822d29d929b67e9d23f8862d9165a099ef03df631ac707ac36e6caf94ac7a5c
GVLiD\esca\esca597.jpg,3dcc28d5d015d423180151aaae266c66fa753e769ad652c5fcdad65eccf3072f
GVLiD\esca\esca598.jpg,0825719cd30acb89daf9fc9066051c0a1fa0567e1634e474e5fe331b91f1e49d
GVLiD\esca\esca599.jpg,0249c2cf5c52334d6d6ee1fd16ad30087a76816fa42ffafda7a974a134cb3e03
GVLiD\esca\esca600.jpg,2fc372713e34ab8fdab39800f7de8f2271bf63256fcc9e10c138520280197639
GVLiD\esca\esca601.jpg,b4f8b5d6b9d1ec306f78bdeb06c34f14488b7f5def598111403de14d1f992780
GVLiD\esca\esca602.jpg,7f40f1ecb26842b359b56ef989bcd64c42d9e464c28d8d83ecce9a1c4840f6c1
GVLiD\esca\esca603.jpg,ec0c50255614dc208ea101e03105dacd5abd89cf7aa61f87d83e45a522a92ffb
GVLiD\esca\esca604.jpg,438e65c2c4ed2452596781bd9bae5f49edef2d628bdeb5e471d68ba8f242c789
GVLiD\esca\esca605.jpg,5d6cec02e49786e2cd3579299e5457b945dbadc6852594dfdf2d6a814586fea5
GVLiD\esca\esca606.jpg,9c0b54b9f0a783d86264ec9a6e86532a8034114c07dc769457ee3eaaa34b9447
GVLiD\esca\esca607.jpg,c0bafb6e476579ebb1687c8e96d3e93ab91233bd22080927bb31d6d71abd2719
GVLiD\esca\esca608.jpg,95f7d398824ed48187fe419ed142446ae375547363e3abc0bc201a7aa4b1509f
GVLiD\esca\esca609.jpg,7bdf1887fce46e745cb8faa08b6ad54586487380b5e4559606b02f3e6e3db53c
GVLiD\esca\esca610.jpg,acfb73399ffc6442f7973b1328a7001dbb4b323fb2477a9516bbb3edd8580c78
GVLiD\esca\esca611.jpg,5dc2f01511b4af75e8b15ff184a5d69cfe3ea5d4c22d4a7c72d064f4f6be8737
GVLiD\esca\esca612.jpg,7520e1a19558636c9beb9bde5c4d76ad52d0f6145279eebd9b96be1ae250c6ab
GVLiD\esca\esca613.jpg,797f26f46a3fecb370f916f1c50549c534991bafb725e38cb3be6d125e6c5a39
GVLiD\esca\esca614.jpg,d5eae0a34d9e9aec3a0f6786767959d3c0ad0c607fe5cca12fb9b6b84347db21
GVLiD\esca\esca615.jpg,e25487f087a51a5bc1e909e6abda5bcdf11b5152de749c6d52c0e150f9678873
GVLiD\esca\esca616.jpg,59c32d110290b2dd2eb72595ce1a1adc879135e558fade5f3a25c0755d87d80c
GVLiD\esca\esca617.jpg,3bc8c02c86452db4e7ce8dd1833a122a802274bccd79439f8c5f5ab96ce18199
GVLiD\esca\esca618.jpg,096e48b1787b1cd8eb95e0d992e83c1ab617558a653caa35665561e17d1df1b6
GVLiD\esca\esca619.jpg,29ddeedd178ae0d7b526b8c2205e52eb799ca183f9de888a9395efa2f74c92ad
GVLiD\esca\esca620.jpg,768236e7f50e675b82891c6f5bf014fb54d5be5fdfd151c1748e587638938596
GVLiD\esca\esca621.jpg,eab456c5509cdd70ade166c12d96653a342d1f27d062042aaf2c5dba8f80d09b
GVLiD\esca\esca622.jpg,9f86fc3c0b820cc6cb450061a13ad33e8a16c34371d7d7a0009a72b846c09f42
GVLiD\esca\esca623.jpg,692934bc82b485ecac5177238e76cafc21b3eb96b9bb1bb7433ac0ad4069fb61
GVLiD\esca\esca624.jpg,e9c53a95d9fd6a9f198bdd84aae5b8e1bd0e33dc763140cd46e1adb8c714e499
GVLiD\esca\esca625.jpg,93c9d3662c77419c8276073135eeba081c71554526324b5c4e04c072534d255c
GVLiD\esca\esca626.jpg,7aff3a3c694a184145ddadb1e849005aca85a68aca69d26d1f1e8ab1535b8167
GVLiD\esca\esca627.jpg,830edcade026f09d50505fe1b035a329fdbc58dadbf042ec26b3f846622e8095
GVLiD\esca\esca628.jpg,6b70f446d140c052ddc1912b11c810c533d1564aa3a896437a7a6fd02ccae6a2
GVLiD\esca\esca629.jpg,2d9ef989074d9505793cbf0b8b97e086ca3b95b22a67b0c8f8d70de3a0b14020
GVLiD\esca\esca630.jpg,e5a8a5fa4d7952041b9f6b2c80a8baba22920dcdf293246436e654e53a8932a9
GVLiD\esca\esca631.jpg,8d98ca512c6dea0b24b74c53e7e9b8eb3984d90eef205ee2d4627b9645f79ee7
GVLiD\esca\esca632.jpg,41de90e22c12cca2664d5eaee56f916bfc43a5a67d5369de16fdf0e76fb1aaf8
GVLiD\esca\esca633.jpg,63633a74bf3f8e0aaef9ee8f6ee671ecb4b1fd2137db8d9c6e3cdebeb3abcd86
GVLiD\esca\esca634.jpg,03ea1a8f5b458c93ee66d3a952fefb4c6bd283961729d59e059e3add67e93887
GVLiD\esca\esca635.jpg,dd02851190b80d8ff011be6f20f8fff4aec7e47e7c6422d9e37bf230c58b5aa0
GVLiD\esca\esca636.jpg,1e7ff7c1455d444902307b07991d6003fba83a33f5eee1fa9143ac22e45a7097
GVLiD\esca\esca637.jpg,789da5ec397881f41fe4d34d2682675451b4f121d80de614441b683c32d1d11f
GVLiD\esca\esca638.jpg,f100b49ade7836ad7b38212bf503ac3747dac866a35265aa03886c6982aa6c5d
GVLiD\esca\esca639.jpg,881f3de817ecb5469d681adfca925fbbdce7d2fd9485c5658b3c7b9a752ae99b
GVLiD\esca\esca640.jpg,cf8d891b31ec8753477e42df7338f5aafd7ed8876df567c3df353ef9c5c1c91e
GVLiD\esca\esca641.jpg,60a7d9d617bfa7d86985e753a84b113f46e6988d76264a6296b830c9b3e36847
GVLiD\esca\esca642.jpg,09d317019e1bf206b5a68916f545aed0cd6d79eb92d835a9177cb74b9a65838b
GVLiD\esca\esca643.jpg,a988f4fd107d63e06afdf27f2fcd7da33e3f3e5b4ae45248c5b086bfe95ab4d7
GVLiD\esca\esca644.jpg,b6bf48f35877b8372ec4551954b57dfed98212bc9df73073420914a147b46349
GVLiD\esca\esca645.jpg,d04f69d794693f4a3d21489f73dc854ce4239cadf2b2aea4aaf74806a46d22c4
GVLiD\esca\esca646.jpg,5b613253fe6996c40f361c082fe35c55e002329e4e64d2c91152a53dceb64c91
GVLiD\esca\esca647.jpg,c7fb964f59a958ea778504a4d620d7cd5b105fc0ef3b08da5264e23bd1e7cbe0
GVLiD\esca\esca648.jpg,6df17486f16df8fd18dcfa5f892763b263eb72c4e2866fe26125a8199f744c29
GVLiD\esca\esca649.jpg,fadcc95cd34cae974bb6e63cb8b2e494f6031c8122ebc364073fad653ab6ad9d
GVLiD\esca\esca650.jpg,8729631f65b4349c6fa580366f56472646681a3b12bd20ed405ab3f8e454fc06
GVLiD\esca\esca651.jpg,3d89d08a05c78b5db13b02c46c4ed5c4342c4658a646dbad2f7a555c336633cc
GVLiD\esca\esca652.jpg,c18e60c0a984df8926a938e3171545df72df18da7adb65e43846ffe22857711a
GVLiD\esca\esca653.jpg,6cb7a3b8a1afd2cc6d504c72c77f818f7a1c3498d8051401c3de4670acbad44d
GVLiD\esca\esca654.jpg,7f9dbfe8d36de64c6121340448044b870c4ef75dd7f8c57ab044ec211064fce5
GVLiD\esca\esca655.jpg,d7601e382b95b6390c140d89b320a8a9ee7031d5108e25a80636673abc54cdd1
GVLiD\esca\esca656.jpg,2bd8ff4acde180fae0d450c5a325832f2282cc4452c26cd6b73b12e5b7f7103b
GVLiD\esca\esca657.jpg,7ceb86cfa23a359b508de11b63a428a6a4b1ccaa85b05c78a55e79ba2ce576dc
GVLiD\esca\esca658.jpg,24ea1906c8d72b715d578d05b165709ff09a555339e4c4f3b65cf130124052ac
GVLiD\esca\esca659.jpg,2298135130948f026496047140b31e0f4f7722060b48c561677e86c6c76368f1
GVLiD\esca\esca660.jpg,8c0e7b864338fc1b5c4f0dbb68c27aa304a230a032a68d3c1391b2bcd0040a0e
GVLiD\esca\esca661.jpg,e5c57b15af547614b94fa2b607264e9377c53fbfdd4475c149f265170eb16feb
GVLiD\esca\esca662.jpg,2ceb01ce1278bb91ac98aff0cc9dc297db64cd7156d698b63af2f419646721f9
GVLiD\esca\esca663.jpg,ca8847c5ca8bbf0500e3f6bdbec6261508f5b8a311d61dafae7d0ef46e6c247f
GVLiD\esca\esca664.jpg,a56163b2f20767db50c00fa9b90c39b30cf119756ef6b87ebfe947946f5a6bea
GVLiD\esca\esca665.jpg,dd60076a72282c8001b1e1f15bcbfb213c8db9a6826d8cd409607ef3e8054716
GVLiD\esca\esca666.jpg,6fbc39c1fe2c68d5154baef6b81d0835302fa5e9785ae8670e5a49f9bd2aa143
GVLiD\esca\esca667.jpg,76a34db498f2aa0adb0a61c02d4f55ace8718815e1979a896c713b83bf9e307d
GVLiD\esca\esca668.jpg,ea97155523e7831bc98da134429db124993324ca189c36d8a02c1f374abe6382
GVLiD\esca\esca669.jpg,61eb297b8d7202b6df6132db3f55792f688f33b40a7e8383c0d5b9dc9d9fad08
GVLiD\esca\esca670.jpg,dc9e4f4aea5fa3431b46f25c1faeb2054a0eefc3c1db4831fbd1cec06dbd53cf
GVLiD\esca\esca671.jpg,3b609dcdd5840055137ab7308e8bfe8f28e65934c77e20e4ce743496212214ff
GVLiD\esca\esca672.jpg,60bcccc48f731f162526af12e0d202ed960cba8fd35c9b021181e04dc07aa682
GVLiD\esca\esca673.jpg,422175673df9ab57a43aa5eb6b0d72a4a5c50d09b066ff45db0e5de65cb17fa6
GVLiD\esca\esca674.jpg,5387e3bf632f308153c6130bccd00b697d65bc9781b094e987c421555b0a7c3c
GVLiD\esca\esca675.jpg,f2486b88ab87fbceaf327f7ae0ff24857e1a4d3d012004072d0e8a7569e066d9
GVLiD\esca\esca676.jpg,91f58570e87d5b0b2134859e46e0dec308b5770876aad95cfcfb449d40cbc823
GVLiD\esca\esca677.jpg,3a0d2535104f8d72a70464820cd24d0563b22ad5d3ca4818aef7cfe54e9089d4
GVLiD\esca\esca678.jpg,6c46729880281aa039786bcf70d4df1863b2eed9715dac09ca62137fcb8f52ea
GVLiD\esca\esca679.jpg,6e9f2bb62e9812435ce166c3a4256fb89a9864041526fa011825d622cb7ea587
GVLiD\esca\esca680.jpg,a4313288df642be8adc88df940e912678df88274c7a8817667f507fa8e6fec14
GVLiD\esca\esca681.jpg,566216d5eff7348b20a3bda0516bdd8643024ca75b78c3b0c3a9419137eeb9d8
GVLiD\esca\esca682.jpg,e7a853d759d93be4aff8711fdac137956c151c878362959c7c02674f39029ac5
GVLiD\esca\esca683.jpg,e3b2c4ec691d1a29b19485c84e1bdf2742a74ac076c48d1419b9a62d40114346
GVLiD\esca\esca684.jpg,6633953ace18b6bfffba5382d972a80029d0aed210994f947ae4394f6e44c92d
GVLiD\esca\esca685.jpg,84e98f5a95f2141f6ae69e4cb5c695afe2d82d437f2cd2c86c4245f55195f72b
GVLiD\esca\esca686.jpg,b5119d1e372cedcc60f7ac405aa8f7bcb89516e1a1085e66443988dc662f408f
GVLiD\esca\esca687.jpg,555eea11598103c47fd7165b2bd34913156ebf9ae081cd9dea45785ec04a08e0
GVLiD\esca\esca688.jpg,2d92aaa551daa6c9a317f5ec6cc1b181337f3209fb560219b79786e6ca9d89a6
GVLiD\esca\esca689.jpg,3d9f3da79fbb983dfca60273ab08f2571a61b3ca3cf6b85266ace8e5d2baf040
GVLiD\esca\esca690.jpg,70abfe71742891b64a85149820332771e6a36d776e15779c671a8297bbf4e6d0
GVLiD\esca\esca691.jpg,258a4d089b0289130630665700f8dfe37681a00308ce2214c1012fff5d260ccd
GVLiD\esca\esca692.jpg,662f7059a982c9a1817e8670b8a2565a4cf4f2fb193ac78d0a6964c6ce1c668d
GVLiD\esca\esca693.jpg,d173bdc179aa8962c84812d2e8971437650197c50b9e3a9f2655155bdbf910bc
GVLiD\esca\esca694.jpg,f602fa760ed95c71240196ad2ca04643c5213c785eb055bedd2d2e2f6efdc818
GVLiD\esca\esca695.jpg,564080cb418c69223ce443e74ea2eacb9731afef2411327696d6029a15339036
GVLiD\esca\esca696.jpg,2084c642121a42cde7989b81e55e77fe653f351d371e10b13e9624c3597cb174
GVLiD\esca\esca697.jpg,dd8601c3fd46325196a36b665e97fcbf2d76c77ee99ba914d53d012cabe5ec3f
GVLiD\esca\esca698.jpg,3393801499aefbc64b5d360f9502e99ac7598b60e08dadf495be47f12d11925b
GVLiD\esca\esca699.jpg,743f756df92826fbd783dc4bc5254d6ae43e0ebcc86f35f1f04f39c1f1871d48
GVLiD\esca\esca700.jpg,0389ac9fa6b817d09f0057675641390fe3f85fdb90f265a8a53dbc250a5c6665
GVLiD\esca\esca701.jpg,88f5115715a0cd1df738167f5c1b50cd31b1bc340ab059ead439c4184dc0eadd
GVLiD\esca\esca702.jpg,c2f607e1a9d0ca6994995b0cd44fd94c604b80381b2b70812ab5f3b1733ac6b3
GVLiD\esca\esca703.jpg,f0eb5cb5619fb22f9707c0e7d60903a208129c91036f3407b4cc3595f74a5820
GVLiD\esca\esca704.jpg,61b8b2a803eb11cea5945f34f4f31246bac18d09f92db985d10c09d5cdc7b1d8
GVLiD\esca\esca705.jpg,3c39f80ad2feee33d677293b8fecd06afd275060aa04a4499bcf56ea62f904cb
GVLiD\esca\esca706.jpg,740c55f73ff95a3d8302a0993f20f7dffeb49761287c7d866233cc8feb52fd60
GVLiD\esca\esca707.jpg,d9845a94be2c026f8c709b6dc18083c7d0c6fd2440cfd5ff5c782370ae5fab8d
GVLiD\esca\esca708.jpg,4710fcc1b4d0c2e4d3a9de6777f56781ea9e0bae3084ab2da57e427996093bca
GVLiD\esca\esca709.jpg,d5e486c47a5a97b2a61c939b874f17c08343ebbb4264e3a59df7036b4e8a2ec1
GVLiD\esca\esca710.jpg,a7f7d1863ddbe9684a8cb5c35bf3d9aa2ffbf91a4d50a82954363f0e550659d6
GVLiD\esca\esca711.jpg,d538fa723dda8e0a77e0780330c2d4d438e69cbddc3a243fcee2b9f32177f5a3
GVLiD\esca\esca712.jpg,ecaa4623cf10d95f18ec4237e2ab6d6b4d9e22bc8439eadf6c8fb524cd874461
GVLiD\esca\esca713.jpg,efd38e90819454787bd9be638d8174f3602438efb0a5553b92aaa2aa92d93d55
GVLiD\esca\esca714.jpg,0e5c438d14bb8f41f4b245a390a763c377e568004e421f865d77d766b7f04999
GVLiD\esca\esca715.jpg,450f44a465047777c8d02cfc46105519eaac1d52b7f45b33454eddac6c713560
GVLiD\esca\esca716.jpg,3f5b7655e40002f7fa8fea2d6bd8b29cdbf2138c5e9b16d3a1cb3a9d253234f4
GVLiD\esca\esca717.jpg,9f24685c6b759f46d7fc57de182fb5a3cf8f7de81b06a27b5b2be82727ba178d
GVLiD\esca\esca718.jpg,ab82da7ec86d1b5ef97d975092c288ecb04832c9e6642d76be184c4b8d391580
GVLiD\esca\esca719.jpg,a87c1b4bf1ab6813994638e356249bf5e4c0698145b7f54343ee0c0e0d4adc21
GVLiD\esca\esca720.jpg,3aa1e7cd24a46e376362c39e2983f39e6218191aa2846020fa03453361d3c1d4
GVLiD\esca\esca721.jpg,07aee893092e3314b4ca2305128d60a71617ee3263a3c857a92807382d08abba
GVLiD\esca\esca722.jpg,d1f81df700adc8d6b5b253936938b921b734a6ee24e0643864c6e639f0cfb980
GVLiD\esca\esca723.jpg,e7dfb6711d7d4b6b6b247ba5dccdffb22c43aca13a12259d5ee878352af1af6b
GVLiD\esca\esca724.jpg,f07eef26c430c411cc1f3ea7df3ebbb8b107d9379bd43955298af145beac5d2b
GVLiD\esca\esca725.jpg,c218e3e1b52264502adc5fd619f65c1388407b06bece2f65ec9afb759c6e61d5
GVLiD\esca\esca726.jpg,4058368a81a074f04f25047b6083381f38a23f22c77f8dd077d7816597239262
GVLiD\esca\esca727.jpg,19b0447056696bf2c63b78c897d3c56dcd35d87c780aa56e36aa73fdb08fc9d9
GVLiD\esca\esca728.jpg,f9ec26f4840df7f1935d1f986fdef28c1ef0e4048a730954c3dc5ad8a1d053a8
GVLiD\esca\esca729.jpg,91b5e6c8c724d5c875a7124a4ab37c2f553c58d33ac1fbc6bbd68b5980d88f29
GVLiD\esca\esca730.jpg,1d3674c9f7cca28333689af0f106f1770d4aec0ad9e7c2e8fc7f9d4e2ce0bba2
GVLiD\esca\esca731.jpg,660d350070c833a870883fe142fa5d51a52b1894dbbba2951f694f6b3fbc1e9e
GVLiD\esca\esca732.jpg,685b996e15ca6c702b71315da8594d71899ed6dd49608bc3fb1f927b1282fd48
GVLiD\esca\esca733.jpg,8a9422c8240b3ec9d77dff3a8d5c01fb2d08afdf756a2f00f30608a6349de238
GVLiD\esca\esca734.jpg,1a4a3bc572e9b07195a0a4aac70ff5ec6b74ffe9a25fae457dcc8938476a8812
GVLiD\esca\esca735.jpg,76463446502188098bfa28a88a87a51cb9a41790f6ff675dd693ea2fbe4837ad
GVLiD\esca\esca736.jpg,303379d942473f082fa9e0b09148696823c69146cc1c25e5abca55c99d75aaa3
GVLiD\esca\esca737.jpg,c5deb58c4d346b4b05c20205255363956099f3df4a507c151a3a16c9687bfbd6
GVLiD\esca\esca738.jpg,fe82b2e334b7b4d87a9542124b89d260685cfcf104ce549f2d7c4cecaebe8672
GVLiD\esca\esca739.jpg,980f3055a2d278a3bd2a8572fbe4c75a8b878298c194bb018346d8a340f1ec11
GVLiD\esca\esca740.jpg,41f8a17d679717e570f44fc40e1a683a9af74b908abcf7090bb897baa84f2021
GVLiD\esca\esca741.jpg,bdf4ebbf2561f4c1668c38f740215db7d100f7d90fb39a2e3c7dcb5f2b09163a
GVLiD\esca\esca742.jpg,dafdb91ae34b55f3a6f695d1bbf07bf28bd9e729e8406ac10ad0fef69b0273c9
GVLiD\esca\esca743.jpg,01c8e6f655d9f37ffaf51f7f5aed7136c6ef6c1a3acade7d7ea2ec78380fb854
GVLiD\esca\esca744.jpg,ee5cd9fa0d03091a9fd373023cc5460a525fbff73dc0187926a9768a07ce0f2a
GVLiD\esca\esca745.jpg,61818b401c48a40dc82b262adb6b31b2c5f62c2aa63c595dafc630af2174f702
GVLiD\esca\esca746.jpg,c683c7c8b04f69245c06bd6810ffa0c85ab9733fd39bc9974d788b7368b88073
GVLiD\esca\esca747.jpg,49b202592ad4519d53d04a5bc2c2005347d0281769bd23e9805362ec1b753287
GVLiD\esca\esca748.jpg,2f905106f121cce090ad4f14213544f1617c7c7d3f232ce5ef5e917455fbaf33
GVLiD\esca\esca749.jpg,407b94adcfb04c8221e9c432eb53a9bff022460a9b4e432d2bc4eaf8b20e048c
GVLiD\esca\esca750.jpg,935636cbcca960439a6d138165bd059880fc73a0613ebdee3f52061f2d9ec62d
GVLiD\esca\esca751.jpg,bfc38e828c5d4a598fe7553cd13e24d3550bf556bd6dc93ca29d6b0a2ae441e7
GVLiD\esca\esca752.jpg,fc686d440b772b1bb67cb5a44463ff6fd8ae66f84fc448ed3e38e0b3d6d88728
GVLiD\esca\esca753.jpg,e7fdc78a71e906504bc80cc4d14205c62b15d20050e363bf64ba2f3eb4743e31
GVLiD\esca\esca754.jpg,bd8c5c0af3847843b99cacfd14bec2bbd1a2913c63ddf86549999b47256d93de
GVLiD\esca\esca755.jpg,6ffd218002050842c07c940bda1b2aac6b099dc1cdb9f3eee2330be17b2c4c4a
GVLiD\esca\esca756.jpg,9fd362076253113eb206167d9359abf52fcaa332e0a48b0425590c8ccd44aff2
GVLiD\esca\esca757.jpg,f17d06e1688cee1db1c5dbf74222e6e5ea5785ff08b09d583502693bf800dd76
GVLiD\esca\esca758.jpg,f1580856265a54c0ff9896d445b0fe1076421cc49280f126d5692a827ca580df
GVLiD\esca\esca759.jpg,a75034518e05f81704d62aa2f3933359fe1e65d46edd409c447dca1222e517fb
GVLiD\esca\esca760.jpg,914040fdabcea7db13139c5247e534d82d1be267015933f1b806b6474041c2d9
GVLiD\esca\esca761.jpg,c28392886f5ea2c895b80b52dee295d9a12e18df72494d7ce283bae7bf2892d6
GVLiD\esca\esca762.jpg,2e18c8c373548d1d9c221bb4b0e6ddb5ebc43a9605caef40cf3c84b2d4249de9
GVLiD\esca\esca763.jpg,086228f191c4ed7b8f9e9f43a26f3bc7b8669acffb0bde37498d1bf617d0a801
GVLiD\esca\esca764.jpg,0cd7552ff2b75a3e94d6aecb3f3c6af598680d8c47d2725261add25f96f8bb10
GVLiD\esca\esca765.jpg,8f1d76e431fadb441bf9c199171704550f3f8bb704d3e6752f097d77d89b4b57
GVLiD\esca\esca766.jpg,8255975553935ea30a3ddda94e6a446666b3000ee2e8b8685a472821cf6f5795
GVLiD\esca\esca767.jpg,00d3a5180a4d5873cbe07fd6b6d06ced8f11ea3f0419478f28c34e7f05bbfb6b
GVLiD\esca\esca768.jpg,ae45c8de51200b51c8554c69f37ff53adcbe6977e112572d1655be296a3af755
GVLiD\esca\esca769.jpg,c0223a47f4078d1981650739356e610831853f71ba91f3cdb61bcbfebb2fe371
GVLiD\esca\esca770.jpg,e81788c90c1121fae0e1c3a4a6ed5f5600a853771201f8e279be76303de4e330
GVLiD\esca\esca771.jpg,ce55e517d5f105d38749abd890dc572ed46e97901ff2f5ff76d9b7196f207b09
GVLiD\esca\esca772.jpg,ece85bd929a38cb003ab9fe493bbce7f8343e0713131c6a0e301362c6419644a
GVLiD\esca\esca773.jpg,f84dcb0e57e31d529f10f0b2b017974c540833fac821dd406676c362b362ffba
GVLiD\esca\esca774.jpg,8d42cb167ea227d27f0b8375501cca3dbc583d6410d487b8db792309270bb097
GVLiD\esca\esca775.jpg,90a98acd97649b0dd2016ed50cad7055df7049b2e5042be9de8eac258c90c6e6
GVLiD\esca\esca776.jpg,1ada1f0919c59659b7d36c70f2da55300523437ed8108f0332b48f34ac7fa18b
GVLiD\esca\esca777.jpg,f195f2697889deaedd2d8e17b17d6568993317ae1a2a5e1c6d58787da563efa0
GVLiD\esca\esca778.jpg,5820cddf27204ab778860c863bdce09f204df30f5472145dad00969a7e662e42
GVLiD\esca\esca779.jpg,d5e2137fc88d62d2a98dd3fcf9bb4bef85df8e4fc039e730c2ed33d476c3f084
GVLiD\esca\esca780.jpg,d1857ea806aabe9265dcf2113e2841a32b6669851f4bcc5d67afb3ba7296a67a
GVLiD\esca\esca781.jpg,9fd16a5fc6a72c13d0fbc68725b709bc46a828d9e42ffe583ea2d92c21b4b7fb
GVLiD\esca\esca782.jpg,f76346893a984f7c8da1a8344f42581d60809a1ae221c76b13f5ff093f75e2d2
GVLiD\esca\esca783.jpg,05de53e487c00a8be4ac2b74eb1e08957ab01a9e7efe16eed2c2d8b55cc851d9
GVLiD\esca\esca784.jpg,40485d9728d19f6bc252b4e3e4079dda5b11b934aa28a95e40976676172a4e88
GVLiD\esca\esca785.jpg,c291490b782949d0e31ce20ba18a4e8c9bb1c0e3a26243b93afd784b13a257c3
GVLiD\esca\esca786.jpg,4b07dea8ac3e39d1d2780e2a229854cd1e62caff0a88caaedd198fd69fee2d73
GVLiD\esca\esca787.jpg,a46f770b8f50ea76aad4281d1a60572d07cf302227ec6675e1d65553c6924c66
GVLiD\esca\esca788.jpg,5a7c06a39a7b5bbbaf85fc1bf7a060c0048cfd8f72c9f9b87ee0d53fdc556684
GVLiD\esca\esca789.jpg,ed602e1573b83c9cded5b48fd6bc71b47c07f2ed88bff37abac0d01e2e63f107
GVLiD\esca\esca790.jpg,298385a587db036f41a531771d732706a7b47a1f4753ea7113daa3e4dda28290
GVLiD\esca\esca791.jpg,222cba9ccb67031ee2a71f5f675eb0f56cc43c3d1979601c05a8d97109805e6f
GVLiD\esca\esca792.jpg,6c114e6a7332381c4698541ac951642b553bc07210c2177f0528ce38b3c55fdb
GVLiD\esca\esca793.jpg,842bc68c54de439f2d5c093ae9ed1e4f2499d9564a26b1a04ca0feed5f18939c
GVLiD\esca\esca794.jpg,77505c582d5de129faf56f5f3b21d4be0871efb94938dbc177aca7ff62018aab
GVLiD\esca\esca795.jpg,e195814de2039792dbb1448978f362b83a9781d4e488ce94c401c61ec9fc9885
GVLiD\esca\esca796.jpg,69ed9b0e3f32f14e84b8103f4353925c8e7f73dbe12c611884384acdfbba95fa
GVLiD\esca\esca797.jpg,0b80a47081e1956fe018687ef3d2e6f9ea5625c715eee4587032ef8cf3dee07f
GVLiD\esca\esca798.jpg,e02704efec583fa97c0c137f8ecb080d362017242fa1f429c9c82141aace613e
GVLiD\esca\esca799.jpg,d81b45afbb2d701e2fbe32d8049d3ae460369298fa78cc1b75f3bc2992a7c007
GVLiD\esca\esca800.jpg,b86f6722fc04874890febe13bb65ca0ecca73a7df19a2f64bfaa1f3a294d3ee7
GVLiD\esca\esca801.jpg,bb8a6a966328182f12141fcb6a603844ea9646596f2bcd16e3dcc20e6cb5dafc
GVLiD\esca\esca802.jpg,720c4d2ee5c042ae3faa5689405008587c6f24ff27f3a9904f0bfcf11d0905a3
GVLiD\esca\esca803.jpg,b74b63cab2b6741408a82da3332b7c65aa1d5e8884b50bcb734d8f3a59d68701
GVLiD\esca\esca804.jpg,6e7b4f2f203204cc128d467b892b4ea881ad43652030ff2c29ea9e9946bd9720
GVLiD\esca\esca805.jpg,b496a41c4e0f02e3a8ba498958cd880f52330f57d2680d94ba73350f88d74a85
GVLiD\esca\esca806.jpg,7ad6adeceb3c18b7eeaf173d8bf3ec6e2df018e110d318450714bd2ae12f0949
GVLiD\esca\esca807.jpg,79ea13e97c9c80a9963f7c7a0d2d41dea0e02b235f0906050aec2c4dd1e6f8cc
GVLiD\esca\esca808.jpg,00dd139f8bb07ad205befd5add7e3f792e47b1864372b9ca022cdc27b93c56f2
GVLiD\esca\esca809.jpg,21d921bd1814f2a0bb032106753d2da6f085b07aab23fbe741d29fd3cb63ace5
GVLiD\esca\esca810.jpg,e5dfaf6bbd7f3b6abe25d74c75f86e21e132816c17bbcb49d3a9c8e2f27c7e06
GVLiD\esca\esca811.jpg,29fa2ce388a425978e22a530090e0368c34f5ac8ceddd17cd6454264da8ea323
GVLiD\esca\esca812.jpg,0ed7f8ea2a14abdbcdaaff6f73d73359bed08dab1ae8a9cefe4d30a31c4bc9e8
GVLiD\esca\esca813.jpg,10b883d4937e9204a660235d736ce3515c76f37e797feaa327423975932a36f0
GVLiD\esca\esca814.jpg,85e3341ca5a3478235be297d9a74c795eff9c38adb064ee5817e506fe5921137
GVLiD\esca\esca815.jpg,675d43015051f7d4bb18261450ff6e08660d1c5d161327ee2b58011b24458d12
GVLiD\esca\esca816.jpg,48053e6e3cd9d02c506dcc9b6116d8f6dd63a6452ae62729a80e54afa69e0cea
GVLiD\esca\esca817.jpg,50f07149c7bbe2dd2adb89b9d35b6da4cc6ac37bf1325a23ce0e3b7c6e5971c8
GVLiD\esca\esca818.jpg,7ab6a729a2169409ccc9a124261f8d1350015bb751145fe455a2595764f24264
GVLiD\esca\esca819.jpg,9ead16bc665314e238dd0227ff317575ca2a525cbd375f74e57aade16b942c73
GVLiD\esca\esca820.jpg,d5ff3796597fb632274679725e2cef9cf96546a933d50d5591c6061c78c78da6
GVLiD\esca\esca821.jpg,4ff81dedb9aa00b234549970a00a7ebcda87ce28dec70835e177ae4852ff5aa5
GVLiD\esca\esca822.jpg,0ec4524c99ed02d3baf869b6c96f5328b05b3ab93cfecd39909cedf75d3f1d0c
GVLiD\esca\esca823.jpg,9364df142a4854b808e6aaf949d460f47117e7e16888fb27b5ae554af747221a
GVLiD\esca\esca824.jpg,20dff1ba65b3c8b82376894e5cacd9c2ba6bdf349ab0f80705c259efd4473326
GVLiD\esca\esca825.jpg,2541ad08b7a421178484676d5788bdf481000c1dd296d792ab247cc011cae858
GVLiD\esca\esca826.jpg,41bd567e30845d775f9199ae35a32ce4751fb787b54ba27044384541121ee333
GVLiD\esca\esca827.jpg,5d6df2b076e37a91b164f08c1922138f963866339464f9292e90d64cb1bb2727
GVLiD\esca\esca828.jpg,1296faa7f58370f5f9e2d9a809e85c250ffba71136a94df58b32f213eb8d0085
GVLiD\esca\esca829.jpg,d069bf9d407b07edf74d0f8d8c6af42286470bc15746bbc34026339aad405573
GVLiD\esca\esca830.jpg,88a4fbbede20ce5a52a417bc94fcb61d925bc271fa187f95b65940117b682f39
GVLiD\esca\esca831.jpg,f01107688b8c5d9988bf7252a02a0f5143eb1ea47240aff9fc9a11c3a126e0bb
GVLiD\esca\esca832.jpg,08c9e5c1fe8e896899688d7b118c3f2b2f51e2e60618c9e4bcab9ab6a08a5f14
GVLiD\esca\esca833.jpg,1ab19c9505911864a58293460d76707246839dcba49b07ea61f8ac310878e1cf
GVLiD\esca\esca834.jpg,56abd70af5d1077e54f0ec6d87b83a7763a95b4284c646359965266f8591a511
GVLiD\esca\esca835.jpg,5d999edf58872ff15166f8b74416f508f87026adf730d523530a94f25a235cda
GVLiD\esca\esca836.jpg,f0ef3f92beda39e6169d9e9a59fc5ef46e7cb57b217b1b7f92c686bff8799629
GVLiD\esca\esca837.jpg,8c63ff657bb0862c31cfe8a3e7e6e2573c21374df944550fa3bec2e80278ee6e
GVLiD\esca\esca838.jpg,0317f493795f11677026815280d7de66a754bb48fae2f0495bad72263fa4c778
GVLiD\esca\esca839.jpg,0a0f258bcaa7c2d344a1bbbe49086eae983ca34025f602d5ca6a29b4e05bcc71
GVLiD\esca\esca840.jpg,704b4514a52cb0d5dc871624c900db51884101b1b8e6b80ffe039e5bc1d64e49
GVLiD\esca\esca841.jpg,4c7d62007495c192c393b2acdfb9e08870ae3bade2d39912b6d75c1b662e3d23
GVLiD\esca\esca842.jpg,2d571332fd92e923777774f2ae850f45e59d3f4492bd9417940e1ac54c0d9edd
GVLiD\esca\esca843.jpg,cbfb1a52b9789fc312712429dcc93fd233203087f1bd2661e3d8d95e72eb37a7
GVLiD\esca\esca844.jpg,ea28aa0c0e0c89796211fe477ebabc56017f9c692ed099b9723550f99396fb54
GVLiD\esca\esca845.jpg,ac5ee8decf95ea17f2b7b5a1e17c5b82918c0400f4e9b2923e16bf9b3df41e71
GVLiD\esca\esca846.jpg,036ec92f4e5c7eef7db9d7f5d80eaebf6605bc80e0a8b0db3541a4b93b251d33
GVLiD\esca\esca847.jpg,731866072967eb6d18d0e0abbec39aa032962aa34481ef4437e097ad7bebefa3
GVLiD\esca\esca848.jpg,5114d9e38222ae3b910537604f5216811b2ce342a81d17d61b445557073a4ef3
GVLiD\esca\esca849.jpg,e6e8c7d532d7734313b02a27344375b32e3b3dec3269a68e92db9b8d1c6354fd
GVLiD\esca\esca850.jpg,dd5f2b5572cb1838050a216c0d38cf53030a926bdf63f9921d9522f455fe19f6
GVLiD\esca\esca851.jpg,65016f46fd7b327cc22b8d5fe56c306ca5a708a9576b4f21f275ca8bce18496d
GVLiD\esca\esca852.jpg,e8b2c80a3378f242981b91e201a427713cd7ed33ee239acb687375d61ac9a16d
GVLiD\esca\esca853.jpg,935dfbc899bb75b0baa5b043642bcb7009dae0a41b565ae707039342b562383e
GVLiD\esca\esca854.jpg,22495ec8488a7f8115c0803c586df5f3eae13c667b357bd62dbd2b98e0807d95
GVLiD\esca\esca855.jpg,9710bb2db248bcae18984d34ffc67dd998f36775a6704668f919087b973af695
GVLiD\esca\esca856.jpg,55b353b2794a505ce09ca7b66c86241ce6321732cef1bf6010644d6decce9655
GVLiD\esca\esca857.jpg,d559c12ae7d9596b02b7619932641c25ba15d0c88695dcd36a726ed1d7494991
GVLiD\esca\esca858.jpg,bbb6fd15911294be8ed765cafcc83a614ff0d0f28251a75f23b188fe1b7e6c9c
GVLiD\esca\esca859.jpg,3fd50d973ee4157253e3e8dc80ed1d446762e425b7fec96b51ba76b79db1171c
GVLiD\esca\esca860.jpg,8c060c397e81a8a4b6ae93257024f345e00f63e4770b2d73dc7f5d5e81331811
GVLiD\esca\esca861.jpg,e8ff5a70471fe711458547917c6b8867e1f3c10b0c8f43967abb6ea986e7e41d
GVLiD\esca\esca862.jpg,10835292a4e7be3f16a04bddc47878c0d62a5e4247e8533b2adfa3c6f29550aa
GVLiD\esca\esca863.jpg,867bf1ce33936053f5a6ffad8e4e9c11b2111b183eec63118ff5759a3c16175d
GVLiD\esca\esca864.jpg,1288dc4d48bddfcd8229bd11f3c0d5ae636efe188edaf226efbe01ae50234c1e
GVLiD\esca\esca865.jpg,77c8d8af6a4da5e1424b07390a313a732eea4ce3a67de01a633c00b5f12c1b93
GVLiD\esca\esca866.jpg,0dcb794623240507974db3fe96f71994c1f6ddbff96cc6c134f704b62ffdbfcd
GVLiD\esca\esca867.jpg,a354faa261962629a561484705534f58a24c6ee260587684395c32e69a6048c2
GVLiD\esca\esca868.jpg,12d2e4074173d3391a5b2b63d0ff85dd82d5566db07c10d509bed2bd21fa00d8
GVLiD\esca\esca869.jpg,f4b22b494e2e50f15e5e2795d7e736039d4d21a22d3ccbe04a26f4b020f84377
GVLiD\esca\esca870.jpg,3fc4adc43783ad750da16153d45c074882dd308ed91a7b0c973b6296ee563640
GVLiD\esca\esca871.jpg,76f39b8885a33828f0524b979ac66658459d322f8d05ea531b16ef8ee3e3f7d5
GVLiD\esca\esca872.jpg,cf12d63f4401fc4903a2ff745af475a488ba7ec8b436be44ee05dc97e4b6c15e
GVLiD\esca\esca873.jpg,f0f82a57442a6d3d543f31bffeac4f6616f482001044920a74bede2c0912dacc
GVLiD\esca\esca874.jpg,5b8ed603df00441a3939e87f15487c285018ad142bce98a82c21d4cf89851590
GVLiD\esca\esca875.jpg,3eef95c19a5645ab5f861e8d8c303c76c18d73d2f0214899131fe4cbb2acb7a1
GVLiD\esca\esca876.jpg,e7fa889fbbb4e1d9c2e73eb24aaa19c6aa4ee63d7509e60f514840ff19ebf0df
GVLiD\esca\esca877.jpg,4eb3af79ce46fe55e9096b35bf9a783981a63831f9e21f2c55f40371ce9c61d3
GVLiD\esca\esca878.jpg,0856535d67e58b9d016180e6ddad7c13d3fd43e699b69ffaad08879f0be7691a
GVLiD\esca\esca879.jpg,c810dbf1f0267d582691c58c3165535439350947b6a652b18deef9e54dac9bc5
GVLiD\esca\esca880.jpg,6b7b348479ff46241ecf75fbc86c1052195729a574f8600b3fe47f51abbf970d
GVLiD\esca\esca881.jpg,643fb6af4246357a8578def28d4305259a0f37c4d3020c081fb74bfa33454a71
GVLiD\esca\esca882.jpg,2b76bf5612882ae7720b9e11243e9738d599287c532f8fe69bd372c7a9d82637
GVLiD\esca\esca883.jpg,41ed2134d33f67eaded0e859f54557ee5a3544d4991b9fd21cad0ce834e9a102
GVLiD\esca\esca884.jpg,ab6a21f30c85f5ad40abeaf8b0481d71c8ac3d870022ea4a53a68d698d3cefa4
GVLiD\esca\esca885.jpg,0457ca9716c36fb1394e32b821c9a4d142e494cdb26894e37cdcb7a4c82c1297
GVLiD\esca\esca886.jpg,92807235dbacb41d35f6a02ceb2ee54ba4871d68d59c0c01b8007452dd44e77d
GVLiD\esca\esca887.jpg,bb611086effe9d91ccad1b4948c7bec1a82fbacf200eb628e2ad7f8f83620833
GVLiD\esca\esca888.jpg,56e791892bdb459f339b1e975fdbcc6af10271017ff85e3a55e7dc457a154cdb
GVLiD\healthy\healthy001.jpg,f68b6cb42fafdf1663329e5a34b4fdc479c753a6b9292315a2098d2ca8c42f02
GVLiD\healthy\healthy002.jpg,8c36850cb3b80b45b78fb7a355faf3deb2ac11466759b9dd88ad388dc95b6921
GVLiD\healthy\healthy003.jpg,201339cc7433fc07905b7683c2c4efecbdf8f3212e22e7cf05012cada1b1e80a
GVLiD\healthy\healthy004.jpg,1947873166b8233c589c4f54e90cf9b9cfab453830ca94e55724c38098dc7e7f
GVLiD\healthy\healthy005.jpg,92e4d253f6230c7a6d8214e4dfb2004354c3410c3caae77ecd801c9a029f8752
GVLiD\healthy\healthy006.jpg,b34b56bf42a34b3cb0b440033ae0ec741728922f1cbc687393a56ca695fd51d3
GVLiD\healthy\healthy007.jpg,a1896f76de933227c0b70a598df29e159e14b397439468b1e15c265ac361df51
GVLiD\healthy\healthy008.jpg,3b4497388c07e24ffa4af50d3fb840d74311e0a31374c5b17218b5cad729d44b
GVLiD\healthy\healthy009.jpg,97a128213a566a9b217570238729398b57e5e4efa2bae824188999d718541ea0
GVLiD\healthy\healthy010.jpg,1baed3758a728d060f5c9b16e13525eee570fad77dcdb391c1205c46d34e2e16
GVLiD\healthy\healthy011.jpg,a6467d8b32a5ed63266510b314f9674976973183a81d8288855346ea0a6ff0dc
GVLiD\healthy\healthy012.jpg,d6881e080067c6f1d44304124eb57c173a07303eea03d4d98acecd653895f939
GVLiD\healthy\healthy013.jpg,466eb42439be135d30512695dc93cff409fea4fbdf883cadec2a245bf7dfe695
GVLiD\healthy\healthy014.jpg,75e55e5d9ef6a524e9be5a16db2bf4d06737752317fd9dc5d8dbc1da92e7b31f
GVLiD\healthy\healthy015.jpg,717c30b66d7ac2ce94ba1d53d9a39d20df11c32f5ce3dcd2627ff05f142aa930
GVLiD\healthy\healthy016.jpg,e80db192579857d4fc210f6b8f941897a9d257a456887d37fd12323d37c704f4
GVLiD\healthy\healthy017.jpg,dc4398d511525acaf91e12cd61faa80caf2963b0824d83363243a4ae4ebdbe75
GVLiD\healthy\healthy018.jpg,12469fef0610bc72210c5ac760329ac73d4187199b8f62e27aec554abaa4ed3b
GVLiD\healthy\healthy019.jpg,bbedf87ac4e62f37a8e47b5a10a878a2c3393c7ed4bb47480de912513bd021fd
GVLiD\healthy\healthy020.jpg,564940199b44510e99639b7a063c295f9ef0b3a3fab681fdeb3df0fb900e8e57
GVLiD\healthy\healthy021.jpg,21aec0cfdbe01324622956100db22b0b19e80a9ff2c445bbb633250f555b5255
GVLiD\healthy\healthy022.jpg,6c4b6317ccf8a8007629b09a7554652146c7d84fe9c91327cd804e244955139f
GVLiD\healthy\healthy023.jpg,1505f81a05ed8dbf74f9a4dfc1b8b26c0e48e0c3b42afb37e71d8b38cc8c2321
GVLiD\healthy\healthy024.jpg,98b147df7839e6b4ba8f2c9bf843ac81ed0e618f808a206396f1a83fea2258e7
GVLiD\healthy\healthy025.jpg,778c02faa45494fd7f0753123cf9d57a25d2df6a9ef355e87221d5b96295c76e
GVLiD\healthy\healthy026.jpg,5eb29e7d9e90b8af15de1759f6619eb8cc7ea14dce51ced57e553a107924cd2d
GVLiD\healthy\healthy027.jpg,19cb352bf2c18f997352bdff9b35b67d3d95aec63653eefa4238c038946f3a89
GVLiD\healthy\healthy028.jpg,ac6375a024a14633b265775c33f74c4771002211d40de1648fae9b61a19722ff
GVLiD\healthy\healthy029.jpg,e608b22d66dcb8dec232afbd60153b11681644707c5b47a348c28222e9ae3901
GVLiD\healthy\healthy030.jpg,744924b811f5f0f2b393e5945bbcc4fd60508ac0383158201f31e46fda7ad6e0
GVLiD\healthy\healthy031.jpg,a5c4c910e48200d7c76ce83857f5ec187ccb7a02feed356a5abc7b7eb01f288e
GVLiD\healthy\healthy032.jpg,4fa96e524c8a1cca616adc747d43e4ed70226f620813c9f91aa345743dc7217b
GVLiD\healthy\healthy033.jpg,749689631181790bdb52d8fceee7caadc23d1dedc600a717e98d4e1af42b7269
GVLiD\healthy\healthy034.jpg,9d5b45a9e7d458a164c8e77fbaec0f38165e9fbcb1904e040a3b0b18002f8d51
GVLiD\healthy\healthy035.jpg,1f815d212ccb73f3712d4323a0fc2860c5a0bb656d77ad6d832c7d88cba97518
GVLiD\healthy\healthy036.jpg,24adac0cf7523ca76370e85c99694f0db354b8bb6794c559d468ddb57cba51d5
GVLiD\healthy\healthy037.jpg,039bd65a6b9c5523c6a9ec3ab29731079240377a1638c77ac30f4ca626ed9d11
GVLiD\healthy\healthy038.jpg,f66dcaebcb4257ece17a0b009d99bb9612591fc11313d131cb7d49b8f7bb77c7
GVLiD\healthy\healthy039.jpg,81536cbc4e91f249c64138ca02620fb3a5b1aa4ad7f259d56c0a8450c5757e11
GVLiD\healthy\healthy040.jpg,e5513bfdae34401f40308fe7aba589dc51bb60f54677e382eae3dbe47780dcd8
GVLiD\healthy\healthy041.jpg,2b53941f2947bb0ea4859b031b01e3231ad29b9763ec035d8ffb04be72e92f6d
GVLiD\healthy\healthy042.jpg,0f1d44c9a9d84451294ce714ede3631a46f3f097e9301f7691834f6cfdefc895
GVLiD\healthy\healthy043.jpg,d8e390e3d4b549edf1f8e26c288a8cb2b8aeed8ecced32b429f6844b2877cc25
GVLiD\healthy\healthy044.jpg,196b4aa6f7fdf5a283ce1927e43dd5b73a6ee3a7cd39837096ee333aa65866de
GVLiD\healthy\healthy045.jpg,f2392fbefe00a1e117d5f86c50b7e52cb59c7838e8b620e5b679fb9a67819cfa
GVLiD\healthy\healthy046.jpg,4fe9aeac5cf04abb4c2bc7dd635468fa6cf31c5b74ff4831be6211a20074b237
GVLiD\healthy\healthy047.jpg,c434d889d1abe0ece0efb15893b9c35a2c452ebf10d44ae14e507c01daa4c64c
GVLiD\healthy\healthy048.jpg,0a0612be94c9e338b9b2d1ea04aa68506e665de19fe7be0f7a6abfb1570c7e9a
GVLiD\healthy\healthy049.jpg,54e99bae9c993437b2a2c1e330e30ad5852d3269d5b4a73d0b06f513cbab890a
GVLiD\healthy\healthy050.jpg,840f9c9063ef83790151996d9c48d5ecb824c03cb941c513723c5dbf190d635d
GVLiD\healthy\healthy051.jpg,5191639530b3f4748cced5704e9cd3847e84926abdb80105e5af78bd932d50d8
GVLiD\healthy\healthy052.jpg,453414fd87b625240fe8120570990b1306cc3529ea6c6940ba254b3509668d18
GVLiD\healthy\healthy053.jpg,558342224644c8ae52051b1957259c0018fd8eefe432d0f65c305dd0661b9106
GVLiD\healthy\healthy054.jpg,516ac28c809622031f507919623c46c3d60462b2741fea6efd8023229c241952
GVLiD\healthy\healthy055.jpg,95f00143da0461427dbb85da58aeae8f569d2dbb250fc5a597070632c7ffa40d
GVLiD\healthy\healthy056.jpg,d644a958f6c6370b6a706e4774ba07eb2fa7556b50faa6ceecfcded504d417a8
GVLiD\healthy\healthy057.jpg,03c301cd4e3048b17b0a25a90eed5f35e4d15a41f741c0b28be815573d9b238e
GVLiD\healthy\healthy058.jpg,89211941d8cb57f379b9af9ef310d51e76fe7185eafb8d8903cd8ef6f378b527
GVLiD\healthy\healthy059.jpg,90f808b8bae910c80fceca0e03a73bf3bc06175b47c9fa9c4088d8a0c105c595
GVLiD\healthy\healthy060.jpg,4daa2c1400aa74d5ed2b6c119199813ab21eb891d29095622c56f7da30a9bd9a
GVLiD\healthy\healthy061.jpg,01b1c85903ac86c6f25f223519b67333203579a0fe24ec866351e1ed1d269dfb
GVLiD\healthy\healthy062.jpg,80e6f2e0950b0bcba06e2e2e0f6af6040069f9383e3e3cc5f0df2a4036533e55
GVLiD\healthy\healthy063.jpg,317467159c41676448fe402e31d585d755630ed2a20467c6d6b58d90a0118768
GVLiD\healthy\healthy064.jpg,08d870181c8c16a0955be78851f230e10e25f413233e391d083943bb552eb0c9
GVLiD\healthy\healthy065.jpg,ff891246d6fbed6fa50708097d6a60538782e164b7b23457976fd1624efffc97
GVLiD\healthy\healthy066.jpg,a56b048e4d1ce616c80727ffbb8dcab15164e858a899c10748cc2a9db9459da4
GVLiD\healthy\healthy067.jpg,8c1cb77ce107778fc56165e7027f5f5af9da0312897c98b350293499f51b9bc8
GVLiD\healthy\healthy068.jpg,0a98f46d57e55192de724f645ac754a2046f08bbd9d94a9230b4ccd7f8a2c9c7
GVLiD\healthy\healthy069.jpg,aa0c2c4054265364b6ccdb3617021254e822fdc921b1b6b24a6a995941eaf185
GVLiD\healthy\healthy070.jpg,fa9f674202436407aa7eb8856c6318e4b869e2036125fcb68324b1bd4aee59d7
GVLiD\healthy\healthy071.jpg,712426bd022b14bb39a6d79705194afdf4fa83662cf6c37ac8de7aa3951bfab1
GVLiD\healthy\healthy072.jpg,09a3714e38d70ee45ce82af70516b586757339b5d32d4c1ea164fa6653b25953
GVLiD\healthy\healthy073.jpg,06386bcf1f14e43d11f53309d30c133a65f19f329dd6e0332d3005a182b10147
GVLiD\healthy\healthy074.jpg,abbfe1103ea5bf7f50eef685baf8f7bd14926222d6448d1848fb238d351af2d1
GVLiD\healthy\healthy075.jpg,0c222134b8ac7796be96974ef22f39bf59bb3a5080ddb98d1176732293e62c68
GVLiD\healthy\healthy076.jpg,59d29050ac7674de43fb0bc01f0181c8ff1701cbf75a1179c8f4f1ed859efae6
GVLiD\healthy\healthy077.jpg,53759f9349384d9e2dbef664e672f0a8641cfbdbc8398e7ef253c8c4fffc9686
GVLiD\healthy\healthy078.jpg,1f03f1e59b7780fc15bec20a7d2615936035f7290eab3e9d426e3ccea24c61cf
GVLiD\healthy\healthy079.jpg,e7716d87c92627cdb3ac93123bcec77fceb77a4b9220b3c12a9dc3f82ac44baf
GVLiD\healthy\healthy080.jpg,4ca487515c0c20cc4c5cfd0327d568d4b6541e7e7d3c09cff1cc5c4926297eb0
GVLiD\healthy\healthy081.jpg,03f52692baa747b999256004cf300de3a099255ac63231614c3adfbe5ff73c02
GVLiD\healthy\healthy082.jpg,b41f8e3759a922fade7a3204641cacd9b722ffc050a72af92432f277001e611c
GVLiD\healthy\healthy083.jpg,32ab213cee03a9e604ab54b760317ef240619b328fba1453e206675362f7e397
GVLiD\healthy\healthy084.jpg,0f41fe5515d7c6ea20f7e9f8680a3c45673a5f455b3d71d98886cec324019a94
GVLiD\healthy\healthy085.jpg,50b4fe98a746963c80d485924e47ae6b13f140592a47aa2659b57e39a7c7d63f
GVLiD\healthy\healthy086.jpg,4d443aaca69738f95608a5f71c8647e6f3a719c861f2e9c8d423a01db6d27e52
GVLiD\healthy\healthy087.jpg,f9220c54e2581d7603619c9aee72904c220d802d301cbdec77bd0325b6a95234
GVLiD\healthy\healthy088.jpg,48a43cbe76367fd2a6a5af30f17731209c3f26b24ba55dd30bc5b25b3528ba7d
GVLiD\healthy\healthy089.jpg,c7b08b5d8e2ab4f76a8b84ea365850267a75eb5c18a2d81e2adc1f757b5d72e0
GVLiD\healthy\healthy090.jpg,b9af42b7b5c21c5edac96278a78c07e0f8071427313d42b2688bf189cd484013
GVLiD\healthy\healthy091.jpg,cd562f8b66644970e1c8f8078d68f2942ba6b7125b77bcbcd3b0785a792df155
GVLiD\healthy\healthy092.jpg,5ca289f36a8bd9ddd6372b88644ca29d22cc9ddbb4fe157acc4d7c04945719c2
GVLiD\healthy\healthy093.jpg,d5e327db3ebb6e34b8c7a892978b1b628572834c181ce2dd6d7ba24c7077636a
GVLiD\healthy\healthy094.jpg,2af440bb0688e6e805f87443b248fd5f5aa94e56f7c1480c62dffc4b456cef26
GVLiD\healthy\healthy095.jpg,8d76ceba8d8e75e91f50a91267edc18961d8777efd2fdabc444d93fb55af1412
GVLiD\healthy\healthy096.jpg,3d864c7b1a36377089baf32babbc592c7637d607be27584b1f1ab15e1a165577
GVLiD\healthy\healthy097.jpg,87c9975a4b252842516975e7d0ae5b196f938c7c878715a68478370211f9dcd5
GVLiD\healthy\healthy098.jpg,e2b04fe598ad2873317b02fdacc452baf34e328ed0c6dc5521f71e9b526eaaeb
GVLiD\healthy\healthy099.jpg,e32733a3cdb5bcda395b49a5df1d3d70e17007a306dc20756e909d8d8a2eb499
GVLiD\healthy\healthy100.jpg,eec0b7d54c851a3666ba00d3078cfb710878a75f4f738767f23a63ca3555024e
GVLiD\healthy\healthy1000.jpg,809bc3c79204edad9dbc05cf0c80dde1e18a71051b78140a9c57719ca9479e51
GVLiD\healthy\healthy1001.jpg,78dc0dba3ecfb02f2fdeecc191edfad89ace129b6af1473a962831b195fd822b
GVLiD\healthy\healthy1002.jpg,7969259c910f1eb791f6ef9732beaf8ec76640d0571175432bab27070dfab134
GVLiD\healthy\healthy1003.jpg,d5de472f17110f180fc9ba130ccee1091408ddd554cd128df459303e93142c9b
GVLiD\healthy\healthy1004.jpg,125e8b205717add243d1a115e8d21ee5d1e2b0621298f07e0ab2de94b6641adf
GVLiD\healthy\healthy1005.jpg,a304083d31e99780963df5887444b1fa405bb50755982adc6b92c12815067783
GVLiD\healthy\healthy1006.jpg,3658547e26341779e008d35eff98e371402be69778e46a59f19feb336a5b2300
GVLiD\healthy\healthy1007.jpg,324e5ffbdd1223e66d90f849381eda5a034ccb04bf778efd0b42977d88c99ebc
GVLiD\healthy\healthy1008.jpg,b82a33203734caaf08478a84d168c5e8c0fdf30140f027ddfe0583c4858e875e
GVLiD\healthy\healthy1009.jpg,c59a6fb88436e10aed5b60cd8d03ec44b3344af16a6c8a57adbc83f9830babcf
GVLiD\healthy\healthy101.jpg,ff7e2ba436c30592a9ed4708625f80520197b1123a3d1447085c29ea99a8f60f
GVLiD\healthy\healthy1010.jpg,5573416ec5fa195c9ddd497f540b09a478a49dde93900fbe7eeb0f247b7e5bb9
GVLiD\healthy\healthy1011.jpg,2db187c61bc5f1613c005d82bfffb5f7bd4d2483a45028e4fdc57ca36366ef25
GVLiD\healthy\healthy1012.jpg,11fd5e89ba5f17333b1f4c16e20591bde109634f433564ee1984c71ed67b0506
GVLiD\healthy\healthy1013.jpg,263d9c72408318271309e5ecca17be1f1736a08c3f0f23924755914ba8aeb644
GVLiD\healthy\healthy1014.jpg,bab258354e730c6a09fbe74d555b16bd271f53c309d5e15b6355e023f3248acd
GVLiD\healthy\healthy1015.jpg,ab7885f816f5498adbb127abb8fcbef0e8963497519e2eb9d842a7c8d3acd751
GVLiD\healthy\healthy1016.jpg,b5735fb4d15ee8444649d53c75f1ba3dade59966109e91be4bafc476e1dc6076
GVLiD\healthy\healthy1017.jpg,5c9a36c2472fb6ca938296be7a27f01b8f012b37eeb7c5ffbbb37d5dee28c432
GVLiD\healthy\healthy1018.jpg,22366c19779e68aaba64820f78d36c8deada79e05aae55c399a8508bdc28d650
GVLiD\healthy\healthy1019.jpg,59518e9ca9d18cb7a06a99c632c96e8f0d732be3044d0c7a18d2a682d0a3a5ff
GVLiD\healthy\healthy102.jpg,134a68ea860d248e6447021925623e1fb710f11a2e98c05f747f0972b479b7c2
GVLiD\healthy\healthy1020.jpg,fa5987daf5b9e5978b3ae6f8b2fd548e711cdf4ed6283a1670e9790d80528be7
GVLiD\healthy\healthy1021.jpg,caca493f650292ea8afecfa82f0e3a4d270128c642898f39682dbb2d94b30178
GVLiD\healthy\healthy1022.jpg,f8545520e1a87c15c029ca3a7080f582506a39b47d8815360c7330630b256825
GVLiD\healthy\healthy1023.jpg,7f31afc80243c27ca78cdd1dcc389045996f841b581862d54a4ca1977464c019
GVLiD\healthy\healthy1024.jpg,49c49f58f62e4fd7062194b4d8cf19a5e55ddb6c3b9bb70c2a0fc5df62250004
GVLiD\healthy\healthy1025.jpg,eb9ad12a36099d757118ed32cb19d9ac782aa23238b7a24e91f7c8164fc9c569
GVLiD\healthy\healthy1026.jpg,d207eb0c28f51f3fe80b9dcf0aceb29840358328a66dc82fb7c2463429911eb7
GVLiD\healthy\healthy1027.jpg,3c76a90b4a5fb16655281c72d4a57bad957530428befa76ce40531c50cea5679
GVLiD\healthy\healthy1028.jpg,ed4aa164dbfbe64c5798ac6972f24e3627661e0e698a5eb68a388369842e3bd9
GVLiD\healthy\healthy1029.jpg,d94446c4d93c265909b763e8a1546251ee47163ad176fca0d21b7e0f251981c5
GVLiD\healthy\healthy103.jpg,adfa4166d981208fc69335d5fcae9a4e5c7f51bb16714c705ac862250109c8d2
GVLiD\healthy\healthy1030.jpg,107e4c673c551ddbd0daa2c17c7a5c00c7c0e742166b53f050b53f4befb5b0a4
GVLiD\healthy\healthy1031.jpg,afb6ed2450a4c7a90c8005797dddc89fbc7ac1022662a78f92b2e80a2b86ae6f
GVLiD\healthy\healthy1032.jpg,03f2f420f2745c37b24851eafadcec24e308ad260cf17171c483051b5a8ad97f
GVLiD\healthy\healthy1033.jpg,f7ef8c0ce7b196565514443bf677474af9f6fd5cc5e09f9dd2c30ec6fb026b41
GVLiD\healthy\healthy1034.jpg,90be4e6b23dff65be5f8665521dfa13d8e63535912f829a470da38453bed8c54
GVLiD\healthy\healthy1035.jpg,ff47544d685d4e6b822a62ea9f2fd3b540aa2099f5baf27ed8e91ff9e2b69c40
GVLiD\healthy\healthy1036.jpg,8a6d88e3fb149b5bd124dff2746be8bcbdd084a5945d2b291232ff379365e49b
GVLiD\healthy\healthy1037.jpg,37b0579d9e6fc6ccec5804d8a6b78d30cf340eea93a4cb2643535c042f3b4956
GVLiD\healthy\healthy1038.jpg,ee306a83d56260b1f18e5265cf887073d77d720fb779a11dce4edf29ebfee031
GVLiD\healthy\healthy1039.jpg,e8c3cd1358e05c2576e18bf6314acb3e1e0aa272ec7bea09f350cf79e076b419
GVLiD\healthy\healthy104.jpg,ffdfeb803468d1c97556972e16ded620641c65995901ff1b9ce3d82fb37ace07
GVLiD\healthy\healthy1040.jpg,8015fe83c0d041580f594bdcf2ea22a9cb3079f8304fb3eb821c5fc73f1105fc
GVLiD\healthy\healthy1041.jpg,0cd0f3a6a3266d2aebe18337f64e3ee0004c2682d287d4998304188351919866
GVLiD\healthy\healthy1042.jpg,93fe97b86433a51b76e35967de7426f14438be6af97367b2334712e0bae29e7e
GVLiD\healthy\healthy1043.jpg,109a2818de498ffe9803f8f458f48ab817e868cc1dce947b58686857809dd43a
GVLiD\healthy\healthy1044.jpg,be7860a997dbb35a228546cd2dffe35d5c4db0652ed0a606f8651811ec59b12a
GVLiD\healthy\healthy1045.jpg,46e3327d9e0b9ce4236d4182b6c205391da7057e1697274180d7a0c7a6b51a42
GVLiD\healthy\healthy1046.jpg,c19948bf58f45b09c6f2cb8518b6993ef176d56394e242437dc28d7b94f452bf
GVLiD\healthy\healthy1047.jpg,a246d970bf6e54b71b9313a3617c3bb1318f111206126e9c220ae7dfca7b8331
GVLiD\healthy\healthy1048.jpg,2f38a2e91b3dc8023ba38cdc42c156ed9fcb439d7f31fdbb3d213a21b75dae87
GVLiD\healthy\healthy1049.jpg,e64381000f45192c631ad9a9509f93c4034036a9272ffb6e8aacaffcb8a9e655
GVLiD\healthy\healthy105.jpg,cebc3a182989d64652874681f885a10bcabb2e5f9d8ca4c5347274094360dede
GVLiD\healthy\healthy1050.jpg,96298ca2e448b4d041e962ca04dc7a3e7fd5c15a2527f0d9866c47e745cd6f35
GVLiD\healthy\healthy1051.jpg,86040e556337b5964643c4d14784b4d6e416f847a459d5b0b8dc827379d1d8ce
GVLiD\healthy\healthy1052.jpg,0254b636f6c3aeec4d23b473ff20351abf62cf3b7fefebac3ff1d9426dbb1683
GVLiD\healthy\healthy1053.jpg,066d759ad2f17ae78de1886cf7b6a69c926509e20f83e1970b70990551495b94
GVLiD\healthy\healthy1054.jpg,5959ab180f967487a066f3f9efefa83f2be2bdd81189ac6d99418caf1c55b02f
GVLiD\healthy\healthy1055.jpg,3df6a303ad5bd89e856c2fa4a95403edb1ecbc825a6fdb685e7a7b018d1d7c4a
GVLiD\healthy\healthy1056.jpg,1942bf7f999dca7aa772e3385faec4d3eb67333408dc6f6a2fbaf7740ef64f62
GVLiD\healthy\healthy1057.jpg,d38d3c8c0bee1bc8f053b60d2cb894b2a1da049a32232bb4916d2b52c8e36fdf
GVLiD\healthy\healthy1058.jpg,2d12e0f2e07c29c0e136db4a812efc0e147048fbf7f146063f2751350ae71199
GVLiD\healthy\healthy1059.jpg,570302d9a4682a04da2a1ad807ac830eaef81aedcd594b650d73978eca4c1ca7
GVLiD\healthy\healthy106.jpg,ebda53d718f52b20c1a017626a0fa422d52c0c74e7d5943d0947479190179b11
GVLiD\healthy\healthy1060.jpg,f3c49413a4ce46f3f81556ddec64c227737a1c7f8fb1e35e1a309b8b8607fccb
GVLiD\healthy\healthy1061.jpg,3e87c01f32505f753739ba5532c752383eafddea89691014850b83661951c50c
GVLiD\healthy\healthy1062.jpg,c33fa804d9d81d00fa6e68334d18fabe013b35d6749fd987867bb5c0e46ac3df
GVLiD\healthy\healthy1063.jpg,996bd76834509fb842117dcc9ca763c046217f80d159baca2981f28f38408485
GVLiD\healthy\healthy1064.jpg,f8f90879051f288504bcfda47806e32dfa8865990f457f87dbbbf562b4e8cd71
GVLiD\healthy\healthy1065.jpg,ff0893e53287a2a503390cee5b242adf679216104687f4e95ecd3d5c707716ae
GVLiD\healthy\healthy1066.jpg,3c8d580d0db80818289d4a2d6ab5300380efd40f185b93622324298fe23162cd
GVLiD\healthy\healthy1067.jpg,002b04fac407b3f23ab0de7f67ef458f48241e4ab0749ee5d3572f18dc61b662
GVLiD\healthy\healthy1068.jpg,0f947a0cb163fc7bc1ab877de2fe47ba3f4d522963564d99cc27a9ea04397984
GVLiD\healthy\healthy1069.jpg,a677def86563f2f933a44d814d3f5fe7ae6a52bdfebe7d014ae58c650acc009c
GVLiD\healthy\healthy107.jpg,e0e8d664d82e6d1e1b8df5988e8c9ebeea1655a5f9f9a351895be122a8dc8d7c
GVLiD\healthy\healthy1070.jpg,adbc81cc12461f1c8d60cb2ef06c4b46d16278d9d7046ce47e2e3db6667f3b16
GVLiD\healthy\healthy1071.jpg,2692b74c945baf539d67659bdfbb87fd36d1ae34b474022041167aa352fd014d
GVLiD\healthy\healthy1072.jpg,c6df29ad3d8241e57d0eb60fec3ea352dcd7b4551c12df0dd5ae23a9800d040e
GVLiD\healthy\healthy1073.jpg,e037b0c1a0f4fd0664ec2b7c155d9eed6fc52bc4dea2c4349757d422ad799775
GVLiD\healthy\healthy1074.jpg,b8389568bd3861e8e9fab3f9f65553ee831be808ac2d123eec96dd442eddc041
GVLiD\healthy\healthy1075.jpg,6e32974ac184b6b6290f114835519a911bf80e58a2ea23d1634857ca429d2892
GVLiD\healthy\healthy1076.jpg,ee8a9c41d8dbdf21243877c43c0f4c43f42a608b785a7c71423bb6c6e42422e4
GVLiD\healthy\healthy1077.jpg,9ef1bd447e9b14380a693801e42d7bbdbb2dc575443c9b6d5d2d11f6654484f4
GVLiD\healthy\healthy1078.jpg,117b02ed94a1255feee8c5ea211491f602d9e945d0033f4fb6ba9b2717175204
GVLiD\healthy\healthy1079.jpg,971b6a4424f6d231cedbd4ebd67e2993a8044790ebe6a0d5d1095107343b91da
GVLiD\healthy\healthy108.jpg,1bab063eb352620de445040c72fc06a6b54292990b250c5f843892ff5fb0fd35
GVLiD\healthy\healthy1080.jpg,e9e7d552e5f15f516a5264e5f15a59b6244a6688ef31e126cad831b4da48165e
GVLiD\healthy\healthy1081.jpg,50df7d66a918cc4b2582fd5a08e5a30a2db62c3832f4f1dec8261724c6ccdf30
GVLiD\healthy\healthy1082.jpg,49ed7db8c5c6ad09f3380fdd2111caf16a9b08a53bb803e252c7f16fd88a3365
GVLiD\healthy\healthy1083.jpg,d902553325b1e73ac47ec8065bad46cb39b15dfe44619b6f14721f392ad4747f
GVLiD\healthy\healthy1084.jpg,443d7892a0c70cf561ed0f2e8a64d64bff823b4fc49352169e1830eafc5cb9c6
GVLiD\healthy\healthy1085.jpg,5b2f638f72e9cbe288171e0be91fa85ebfba331bac4fbd186f1802c42613f4dc
GVLiD\healthy\healthy1086.jpg,39d5cdf71afa5a61b8064b0c397b7f6dcec0a302296a79fb63a1128cd3b926a3
GVLiD\healthy\healthy1087.jpg,f36572976ee336b36e12ae745065eabb029491118f004c7ff3f0b715f00c3d34
GVLiD\healthy\healthy1088.jpg,b663ad63b9f872a707adc094ec2ad01262acf708ff583b8a6092e5ac0ab4c829
GVLiD\healthy\healthy1089.jpg,39b997e4003fbac6bdeb7220496f91c01572d53415d2036cec1b118fd090283e
GVLiD\healthy\healthy109.jpg,9f4beeb6b21ce9bd4b07190cc2f042675abbd8b8d86fffc8e9a6b7e4448cdd3c
GVLiD\healthy\healthy1090.jpg,e3bf9069666ede778e5e524087c746f5b7814ac80cbf6d29b4560dde6ced52cf
GVLiD\healthy\healthy1091.jpg,c3e8289cdc63754d66ad77ced2107dd164f9c6954d8bfcdbddca271185f0a45a
GVLiD\healthy\healthy1092.jpg,dfec079ec0ca9fa585e9f4bf6fed52c0c76fd9225e13680bb739b303d5ec921d
GVLiD\healthy\healthy1093.jpg,38b22e97ce810f862a48f0667801777cfd0e32cf25fba40a089b5f2e03b0da77
GVLiD\healthy\healthy1094.jpg,0a0a40933e0b260d453bddb95c5cac679623c0057f3df9ffb1012acaf6eb9dcf
GVLiD\healthy\healthy1095.jpg,68acd283c71d6fea2f8ca322431528ff3e1672fe1cb5177ce2bdc19e70ec7fd9
GVLiD\healthy\healthy1096.jpg,8c7574a10cffd6173a58819e77659e6c2cb57d12fc30ed91f080fd0b6221e479
GVLiD\healthy\healthy1097.jpg,c02079af2bda89c4543c9c1f06ddc16b458fb97dad54455fb52a52f36ee1efd9
GVLiD\healthy\healthy1098.jpg,e4daf52f30e171510b5704ece2a528e2a1d725751f99ea97838c15b14ed51bff
GVLiD\healthy\healthy1099.jpg,0498813f813a0bbfd6de35c58715b08c99877ca2dc6e78d45dc621c179bf67a8
GVLiD\healthy\healthy110.jpg,2eafcfd75e4581f3770c5e9ebcd23b5a427aec905c6e0c721184c681a95fdd07
GVLiD\healthy\healthy1100.jpg,28b73919fb0ecf895e1fb7bec6e9703e78440595f00b6dd01c0ed00e93fd0f12
GVLiD\healthy\healthy1101.jpg,bcaf1776b6f5f21d05c5520e2c5965c01303c4e8e1815e9f97cb062de8b094ba
GVLiD\healthy\healthy1102.jpg,1a736d36e87080cc8bcecb0fc8828c2fb30edfe817bdb94f3083d45561b68b9d
GVLiD\healthy\healthy1103.jpg,246dbfd91b2f77e20f31ab5c5c6ab96f883c78f9d4338637eea5b5e442a2eb37
GVLiD\healthy\healthy1104.jpg,53c46849513089ad89210ee073ed8c4af005dc75acade3640fa0725927c65b87
GVLiD\healthy\healthy1105.jpg,c27cbed0ea49650b4d20a0a4c0e99a5eac2138872b9d2525f2d237d2eb5edac4
GVLiD\healthy\healthy1106.jpg,cb7105eff97b37a769b2fa632a9b44f9936eb757df5b46192c18f69786991111
GVLiD\healthy\healthy1107.jpg,3a3d44ad16a3cc79d68a31af3d0f681b9d137d2aabf107734dc5d133017a074f
GVLiD\healthy\healthy1108.jpg,246e76e108a50ad3d139af50d716317caacc82f793ebd52e51821d0926075fcb
GVLiD\healthy\healthy1109.jpg,7ee54609caf6a548f7015c57e74510bc803ca06cd06d4de5923061ff2a107238
GVLiD\healthy\healthy111.jpg,15455697e23c59b215a00ca2a9aed46826bb0e5f559b357c751c2cfa1d876814
GVLiD\healthy\healthy112.jpg,57a660fad457749bfa57d15035545ce6e86e2246280b97edada38bd3c3379962
GVLiD\healthy\healthy113.jpg,ae54cdad7712dc75c66f097211d45db5c39593c080c2df846ba856f8634fa162
GVLiD\healthy\healthy114.jpg,ceda6e955dad4e354e4be61f503a6147b9c1b513ad67d820f27d639cf0f5f66f
GVLiD\healthy\healthy115.jpg,973c80ccddb20767484a3939a9971d6ed2becbaa1d921c0fa024a71fed8fcac7
GVLiD\healthy\healthy116.jpg,a4e2ba5dcf816471d52d6ec1259d05b0bba336f7664047db79b76a7f7267276d
GVLiD\healthy\healthy117.jpg,f743f3e4577cbb3e41323ec1788622fbe76c3f599e26e9727715d4b3b5d3eae3
GVLiD\healthy\healthy118.jpg,34d443bffb4803022161e78dab9222600ddefbb37969adcc3363197e7144da38
GVLiD\healthy\healthy119.jpg,1a2b8e32cafd47e3da54df3d2bf6cf69c142a28c95860d8e7fab84e9c8035404
GVLiD\healthy\healthy120.jpg,59d1ae1f527e6bd361a4b5345a375ca7b2bc71f253ca4d0633ec75d114926921
GVLiD\healthy\healthy121.jpg,2d6fa45e9f525f856411114cf0ff8d580b07124925dc805f1c1b3c7ea38899ed
GVLiD\healthy\healthy122.jpg,1de908e3efad8732bcacd34d4c87ba9fcb287355fa4798a49abfaddd1bb3ee0c
GVLiD\healthy\healthy123.jpg,c8c0b1878fc265769f5ea7874d2b0cc9124a04278c29cd266ad562451cc6f1a0
GVLiD\healthy\healthy124.jpg,c148e6955c46d5faa69ac05ac8876d5da265c117e38e4364f10442ec297bba0a
GVLiD\healthy\healthy125.jpg,7811a07f61596112a0e93080721b5366474afe8cd3266c5f87ebc2aeb5222959
GVLiD\healthy\healthy126.jpg,27e293f8ec3c866f79ec4034b2e1c26a71e57a066ddfe9b30e847080067e5b7d
GVLiD\healthy\healthy127.jpg,f707422f7ab3a667b44fd3f9f8ed9ab17b00918c9202cca35500b3d95089330e
GVLiD\healthy\healthy128.jpg,50df223d1df955a81de869eda22f70bada886e00f53d26bd6a894fb17865c773
GVLiD\healthy\healthy129.jpg,02437ea33121dc579e5749580dcdc491a6b3cd5cd644c13f3e720d88b805c15f
GVLiD\healthy\healthy130.jpg,3f6d324abaf329616149bcc9a6545bd75a8b0c671bccf522866e512807555905
GVLiD\healthy\healthy131.jpg,c30151dff05566b767ffa9975c438a61608816b5b8b6d6b3854621c31677a75d
GVLiD\healthy\healthy132.jpg,834f91a555f1435f3ee605c688573b3996bc191abaff5a521983c6bada10b7f4
GVLiD\healthy\healthy133.jpg,2cd48e89688746594f9bd5081c58e7302d798e1940e89b4ed26df967515e3152
GVLiD\healthy\healthy134.jpg,95b4d17aaa9caea9a03a547cd276344353894c2cf4e1ae0bc2e8a337f707f052
GVLiD\healthy\healthy135.jpg,ffe81e73fcdd1bd944313990f6d0b409f10b98f7d392d352eba41890c59cf5b8
GVLiD\healthy\healthy136.jpg,874ab163489e2c902209043f78091d5c789275c91e9abe9c22a0808530a94747
GVLiD\healthy\healthy137.jpg,c7e9169831ab367797d1a340100249f698a89edf31a4bef51526fa039b84403d
GVLiD\healthy\healthy138.jpg,c148668fb0a24b77f7199b4cdc855afb5e87141d79af663c22c175f6d1d7bef2
GVLiD\healthy\healthy139.jpg,2d97e1c7244fdcd1b1e740f8ddd32996296aa1af57a966a7594fa17ee0226088
GVLiD\healthy\healthy140.jpg,56b4cf857b2a7f1e6c2c8ba37c64ba54dc3789ecf3f512e4b8ab6e14972c93dd
GVLiD\healthy\healthy141.jpg,7de1909e210741689b717bd245c02fc9d8a0a19782c513b9232b1954f16de6e2
GVLiD\healthy\healthy142.jpg,f3a42a5acef7e31c3224c7168b048d48dd404bcfe25076b5a8fe801a761c822e
GVLiD\healthy\healthy143.jpg,0fdd059ef6ccb1aa12be9eadaafc92b393d7118562377549f72c6d551aa1648d
GVLiD\healthy\healthy144.jpg,d641ea3bcea10db4f60fae0f0d2c55d9b0ca1c8f78ada7a19b4fa0eb240b0c64
GVLiD\healthy\healthy145.jpg,7014a4f459f22c3fc77336259595504e11aa50b19d69405ce9f520a08cd2edeb
GVLiD\healthy\healthy146.jpg,dddac8f8fddcfa5ebf0caf444919288be1526a8631968d5d323e135a15e7530d
GVLiD\healthy\healthy147.jpg,1dd7f294943319aadd0d8ccb70ca11f5e8fc16fcebb5a9e4df934193489cd4c0
GVLiD\healthy\healthy148.jpg,6346e4fd0233beb1deec17f90a1b298bad6f06030827bb9397b25498dcb4e1bd
GVLiD\healthy\healthy149.jpg,07ef0f56d99376d4a1ca3aae1aa27bea39433983106aa58643aa44f256343676
GVLiD\healthy\healthy150.jpg,bbd1d6e94316d990f7da948815ba96eb34353e029c6d02fb9fd4b30e79abf5bc
GVLiD\healthy\healthy151.jpg,7f7bcace97d9a7f7ae2f0c0badf679a88473c2cd63276996296d2ec4f85188b2
GVLiD\healthy\healthy152.jpg,7242144e5bf052d6c74e917743abfc908b31ff8d95fc4c312ea3c6af209b6a6e
GVLiD\healthy\healthy153.jpg,6b3a2f6687e7713ffc7c8d7de085f632411b309733d163f81213c677d13e2de6
GVLiD\healthy\healthy154.jpg,f24fd705fd60ca9e327d6fb1e962d0d80978fa7cf7b6cfb43a3123a617827fb7
GVLiD\healthy\healthy155.jpg,65db96a21a7c9a5ce46034f351d62b291efe06155a6349c7a6f6ca85d4d73781
GVLiD\healthy\healthy156.jpg,5492e4eb2e56c2b3f042311450ff32d407678b873a3c5236ddae9318840fafd4
GVLiD\healthy\healthy157.jpg,5c01c05b6d8fd666109793a9145ecaf5ad9ef21a359c49866c21170d82e14de8
GVLiD\healthy\healthy158.jpg,198b51ada4e60244d284fd325e0737a18af944244fbfe4cd31e6e6ae45f0af8c
GVLiD\healthy\healthy159.jpg,94c88a7c3351becb188493e29487b1a987cfebfea2547285c021b2144a1e694f
GVLiD\healthy\healthy160.jpg,e7c1bc68dd61fe7b2d6a3693d26d718768eb98253832e0c39f4333a39549521a
GVLiD\healthy\healthy161.jpg,a2dcf4d48015745ab213d02016f681eee65db0c9204ef4440517f120c52a37f7
GVLiD\healthy\healthy162.jpg,ef3eebcc740043502a57d6ff8d2b026a4a20da5a82386199872ef6eefd11ab7c
GVLiD\healthy\healthy163.jpg,9c14262a97501cc754328eb6d48451ca98303de73833ddd6adf0ec1a15e6defa
GVLiD\healthy\healthy164.jpg,716ac5d0702664b47f5e8556a74928f9d832b2a376b39f01ee86e9c24fd2a25a
GVLiD\healthy\healthy165.jpg,cd8f1e92b08614c7b33a10123f9b6b332c9066208bddc29ac264b79c7662e049
GVLiD\healthy\healthy166.jpg,aa1a688e595ab92686612a46bb09a8476d952f4e21187bc8d2f52f2abe080bf8
GVLiD\healthy\healthy167.jpg,19c46612b8a4dd6a9a0e61fa4c109461193e42d3f345f389b88033872c72b5bf
GVLiD\healthy\healthy168.jpg,61602fd33df45044580acfe86c649b369219b13df68f92cecec942c9c5940ff0
GVLiD\healthy\healthy169.jpg,c4a18770b0db2946c7bbfc62a20f2204e5541c846d622254a1638be1ae90ff7b
GVLiD\healthy\healthy170.jpg,6b773d1ed1237c69a8656444f602e5bc42a54cb4e8e53ba810c1a7122420376a
GVLiD\healthy\healthy171.jpg,7e0fe0873ecf415597ab9ef38dc34cbabd5f1539062118060e9485d8860fbaa5
GVLiD\healthy\healthy172.jpg,c302ced99dd15a158b1a627630bc7a012686da3d6e941f53396b1c2878dd961f
GVLiD\healthy\healthy173.jpg,b2b8a050ef9afba880c21268b64636957ee347367e4f4c52c3125df35a0d1384
GVLiD\healthy\healthy174.jpg,13627ca990038fe4e16d91bf657fdef080933d799ad9a265c820bb27f99d426f
GVLiD\healthy\healthy175.jpg,25454adf20e514af2fd0f2ecaf0e5ee0490f1d531421e99f7e610d3033f8b234
GVLiD\healthy\healthy176.jpg,57a092ba4909c748d2a9b7366fe3edbc0b9abd0119871ddc024320feecb4d3df
GVLiD\healthy\healthy177.jpg,06fef24d566b9cd6607c5616e5399e328b31be12a1a8ae8a55c89ac77ee44708
GVLiD\healthy\healthy178.jpg,c3f95d8cf3bf4f6da36014e3f98207c61261f8871b9b785356a98cddb01d161d
GVLiD\healthy\healthy179.jpg,4c46301be5646e5ae5b8f48b8b34ddd02bc8f996f6f694713b879c147dff4a42
GVLiD\healthy\healthy180.jpg,a3dd4d93c7dccacf600947f5f13002f0c583e1a1dc9b49b8f88f37378fe8eff8
GVLiD\healthy\healthy181.jpg,4337a23a0263a01dde0238e1bf29a8fd0ca1b12db07e0f39a1dfc295ccff5476
GVLiD\healthy\healthy182.jpg,0778a224dc8293a15403bd65f21336135429825c578f39af3a955f21285c1bb8
GVLiD\healthy\healthy183.jpg,0c6727e8daf6bb39939b734c3219efd502bb2b3e7bb683bea07e3b46ec7b10a3
GVLiD\healthy\healthy184.jpg,3b12bdb27f82d668066619a1b32dc8fc02c7dc9b690b23bdca5a7dc48712107d
GVLiD\healthy\healthy185.jpg,a9c6ff5dc0ac0d477c1509a9c135e5952594466012cc5d6510fc58ceb781773c
GVLiD\healthy\healthy186.jpg,075b8b0acf89eaef41e9f80893fd164310a2bee0fd764b181c4980963af75fc8
GVLiD\healthy\healthy187.jpg,093e94400c3a26b46fe47d5e0f5831e9faa74a58afc00275ea6823b0e5c99843
GVLiD\healthy\healthy188.jpg,447fb4e8733e299da00f6063187348fe5de49f2161b88a69590c204c366c17e2
GVLiD\healthy\healthy189.jpg,7d6f562907795c026c76b23fee3cac33d6f536b27cdc72a3ca21c2df8c6edaa4
GVLiD\healthy\healthy190.jpg,41c726fc288bc4730f5e9f7467fcc3787f6a57b590168dd3189da00fe9367adc
GVLiD\healthy\healthy191.jpg,bec31530e34e59c6fe08209b13b656574559bba9101c4587471930eb2f42b978
GVLiD\healthy\healthy192.jpg,e8d6f87606fdf42f1271744b9201299e3f8315eef98e6e30dcdb75da60d0c655
GVLiD\healthy\healthy193.jpg,79816a4f2e4690563bd97c62680c01f5da68cfc17bc7f6f85c44484685fecea9
GVLiD\healthy\healthy194.jpg,1f75c440ebbe033af07f530de18693ce1ff699b1bca2fd8fa44ce9fa718ba1f0
GVLiD\healthy\healthy195.jpg,dd9308ef5807757c3b3e8e38e5a700d7865a7de332d230b3da3f01256d57aaea
GVLiD\healthy\healthy196.jpg,86386e7d24e1da28bee1508425412636263a7131f0201ad403112856d15cca85
GVLiD\healthy\healthy197.jpg,516a40318990b331fbaaa2f893a8747feef32ddd9d1bce3be8f73c1f6a5e0cf8
GVLiD\healthy\healthy198.jpg,8e9d1b5100fd5ac247e7e2fc3058404a27c6c4b7091c08b19f25c8d2ce5ba923
GVLiD\healthy\healthy199.jpg,22c6e3a72c492436dc8c8b1d373ed01719f4ca6cd8d2e1a28eea598fabc813d1
GVLiD\healthy\healthy200.jpg,2329f4ca0189a71ccfa11b8448a0e99954622e8b95d951b3b2d03d47088bb13e
GVLiD\healthy\healthy201.jpg,5d5d7623e4cf85530ada0ecaf4931f7ba950e5dc8d38c6485a5c443b8dcde8e4
GVLiD\healthy\healthy202.jpg,7c081361f671ad8cfd7651eb735db9ff6aaadd5e46e7fb2957c39108ea74f73f
GVLiD\healthy\healthy203.jpg,7d499dc8b3e269b0fce243e980f5e4735c9b007dba8847b813b16fa4f19280ed
GVLiD\healthy\healthy204.jpg,c6b41c3f1e0d4698f838d2559cfe5aaaf0941e39eb35251a6fcf464e5dd700c7
GVLiD\healthy\healthy205.jpg,6a0af137c07f7f664fb84576a45c55678339dcf8b4365cf98b855778be826e02
GVLiD\healthy\healthy206.jpg,4cf888006dffe5b1dc843e0f1779156c7d59b0615744fa49f1f9ee2b1b2a1bcd
GVLiD\healthy\healthy207.jpg,2d14908979d0c0264081814d5da2871d8a5ac78b641467dd5751ddfd6c0e6e93
GVLiD\healthy\healthy208.jpg,d063135ddec0414bea6d5cd942732dee9bd16b0d8776bb4d3205de238c7e0d2f
GVLiD\healthy\healthy209.jpg,e588d70122ac822056fc090e58a2b51870509e67474b26963be244799bb1a849
GVLiD\healthy\healthy210.jpg,73330c301b53418f897740f146dcea577f86b5368b8893c7808ccc04e78a5fd5
GVLiD\healthy\healthy211.jpg,474ec3704a339206ade17515ee227cdd9b754ae5892b54ec4052ca3f5354489b
GVLiD\healthy\healthy212.jpg,5b9e07c363c4a0ef06bebc88ebff1785577dfddb20e0ba36ca4e5c4a8370ba31
GVLiD\healthy\healthy213.jpg,ae8253a5b73e2fc1b2dd1d79ac670c9de74e0742ae77db334e85733e13491b50
GVLiD\healthy\healthy214.jpg,5924c9abce6e1ed2a55d7c906d0cb9fa28624b10a364ce5c94e81c2fed91b6b2
GVLiD\healthy\healthy215.jpg,f02a934852fc06924a0897b6b94fbf3415184c05ec141ec8374d7e3ca8a7d04d
GVLiD\healthy\healthy216.jpg,b3171cf4c274816ddc9873042e04d3044e2e3a16932a7e0c76b0caf394bc6512
GVLiD\healthy\healthy217.jpg,d94aa2b487e1b1a5b3d4eb30645a827d9d3b532551ca908cb4530c6201959ec6
GVLiD\healthy\healthy218.jpg,e665f77295640c61bf5ce2fb2884ec731e199c78f53a8409e2c1ab4b33827476
GVLiD\healthy\healthy219.jpg,528b517c6e4b9a796c590df80d19af68cbeed2d9c871970cb9a998a43cf87668
GVLiD\healthy\healthy220.jpg,a48868bcd6fcfc69c3855a8231de8fef69afd6fff3bc5a87a7eb78d2c0b3fad8
GVLiD\healthy\healthy221.jpg,2aac493fe57bc25c2bd12d7903219b1373fd49d9fe94532680d8b06e27f31c10
GVLiD\healthy\healthy222.jpg,25dc580cb4f8ff2b79e4f79755183f3a3d5c81035f6e1e5791e3a812178055c8
GVLiD\healthy\healthy223.jpg,1b356dae779b6dade54a37b4382cd02a3b39656ed5d3fae141abfdf9f98f7107
GVLiD\healthy\healthy224.jpg,790e59bcf5fe22b4e4d01becc943f8fe2b19048175f03632206601424be6975b
GVLiD\healthy\healthy225.jpg,5d272104fb15ea6482c34b04dd2914941a5a83d9e3705effe3a5bd95768376d3
GVLiD\healthy\healthy226.jpg,729381dafcc6f4c5f6faa78ca62f77b66ea1ac939d24406ee2c0994f93397fae
GVLiD\healthy\healthy227.jpg,57a6a5571dc4bad8bb6b201bd8bc7fc206cc89b6ac0a1205106a867e9082329a
GVLiD\healthy\healthy228.jpg,cbc58aa677c529751ecb6ec3283b0a62adc8e9e3453a9fe0c2394b2b0ea3d78a
GVLiD\healthy\healthy229.jpg,fc8f0c7654bfe032c4bc822593e68940a953a086fce37c97bc7fce480ff21aff
GVLiD\healthy\healthy230.jpg,b55afcd13cabec8c6b062561f6ca9fd115c2055ce1dedb8801f35ceff62800d0
GVLiD\healthy\healthy231.jpg,2e1a9b58a2112a8026cc9998a4068cd0e7df52d184c038368cc9e63451d5fdba
GVLiD\healthy\healthy232.jpg,d985812550287852a2740a97700cc0eb3a7dd4d1be832819223a34be930c219e
GVLiD\healthy\healthy233.jpg,6074a2faa7edaac3c39e3262f03912a73481d999ad168fc022222e13c50503e3
GVLiD\healthy\healthy234.jpg,8c438ba9062ff1f05cd2c50dec2d56804fbe8a4f1ded1f23c19ddef5cbf68c5f
GVLiD\healthy\healthy235.jpg,c0a6380069ee1c2e107b423c58ecc4f63f5b37531adcb0136c997d7cffe06266
GVLiD\healthy\healthy236.jpg,750a91461e8fad07d0db50861acfc358139f29da373ba6c86a24111ca1a8759b
GVLiD\healthy\healthy237.jpg,6339aa7db50f11ab39c1cff031849e6dce7b5b75b1751cf72e92c44711cf8a40
GVLiD\healthy\healthy238.jpg,2326d4935275a89a4e9991f4d7930f95094307aef5a2541745968e35fb5bad36
GVLiD\healthy\healthy239.jpg,64fedd8097950c451ab4a89eab0fc001411056a1aef66f60d81bbae4f3dc7ba5
GVLiD\healthy\healthy240.jpg,c4ce318f33e3191c57279e9d70e3957838ce617b4acfcc2d4d9d182914dcd6ba
GVLiD\healthy\healthy241.jpg,3d52353753298adcd58a7ecf9417e305f22218b1e7cc572dff5886fbb508895e
GVLiD\healthy\healthy242.jpg,e09d9e41720da473ac694197a2ddf5df3c2cd7ddec1cadfe471cc8fb73b42952
GVLiD\healthy\healthy243.jpg,79a1bd54b635f837e61442146e56f74b5a71f5d425b49f481110349dc31858ad
GVLiD\healthy\healthy244.jpg,ee84013f95036e7be4a51d4a5369f9f0b55799d2089aae8c12a81f09348f496c
GVLiD\healthy\healthy245.jpg,09b804d3b3a728292587f69ac3504169a99526782f3c198e98e4e0cce807863e
GVLiD\healthy\healthy246.jpg,5a0dc9baa28177f8b15a9e7f438da8b6944a4ca94f5e6d6a7bf4094eb3aa522e
GVLiD\healthy\healthy247.jpg,9656def3d02a4648425ef372e4be1af8dc44005f050939e9911ad0537c65445a
GVLiD\healthy\healthy248.jpg,e8a89e9df6bcc7271d008dd71914bab4a4567f32e29d94578f9bb36b1ee71ea9
GVLiD\healthy\healthy249.jpg,16c80b193bcd0017fee1fa7683fc9c5c2a2f3a7b4e72feec096f24f9c2006553
GVLiD\healthy\healthy250.jpg,bf43df209d65ce31f3b9cb1333562cb84ed75ef8aa2c3fc041044ef7574a981d
GVLiD\healthy\healthy251.jpg,679836d2d6a8fefcb25083c1155802f0fec6d3f96dba07949b80ce3762fcfd20
GVLiD\healthy\healthy252.jpg,a4da23a1a9dfe3de0ae05737acf87c9948120f76adc5f18a326b731b6d3079c5
GVLiD\healthy\healthy253.jpg,89233abe72cb06ea1868de751fbb56ce37d5221c38ecdfed653808aca2f25dea
GVLiD\healthy\healthy254.jpg,5fd0782efcacd68f59a445ee69d18ab5df1045a386b7a6c94a8918c61d2f344a
GVLiD\healthy\healthy255.jpg,e453f4521fe3984f533ad15276b7e9c5b961ec88d3edb46b557dd55a15f93f02
GVLiD\healthy\healthy256.jpg,b38283ba01fd896a8dd4d8762506e47191b5e4e3e3873e9559d881fd1d74d82a
GVLiD\healthy\healthy257.jpg,5db8fffe544f3a1c5e13aaf0638bceb0450afcad11b8b63d86986c6bed2dc411
GVLiD\healthy\healthy258.jpg,c27336e0563ce9c16970375fea02d6723acee4627cc743b0a911665c9a94e624
GVLiD\healthy\healthy259.jpg,6d89aa5800928a4af290991cdb381e07f3ef160ccafa13925f12b68835f57690
GVLiD\healthy\healthy260.jpg,92d114184319884601853c0bf1aecb09f83a122e2bcc0c696b242da22b7b09c0
GVLiD\healthy\healthy261.jpg,60ae9f0b841c1218a76b40874d896badaa09fb4f19482adb75fa974c41a122cd
GVLiD\healthy\healthy262.jpg,978fdb6e1389685f4754ae6ec99f30242c2399fad738de006aff249f23043373
GVLiD\healthy\healthy263.jpg,29dda8eba87c9f019d064365a760192a4b94ca5b8f76a769a342303afcd576bf
GVLiD\healthy\healthy264.jpg,d4ede392f91e415e90a76cf3f6fb221a3d542c0ced0162c3a8358da72190ff9d
GVLiD\healthy\healthy265.jpg,361ea7ae41839f8248a357e99f61c0feefe0605ae7b7884a27a4865eaad853b5
GVLiD\healthy\healthy266.jpg,eb6ed0a0e42429c4760eccaf626dc64fabee0c5551e44f31ece5020d7cd75622
GVLiD\healthy\healthy267.jpg,7a89f052a9b5c4a77ef9b6130b5f84d65a7da8218d738b925b13466c9bfbf2cb
GVLiD\healthy\healthy268.jpg,0f6cf74629a6cda69825db35122340da48dc0023a7ea9ccdb0c3efa5e82c6c64
GVLiD\healthy\healthy269.jpg,37925bf17d196961508d3b9559b653930560e506cf0d6373d588c39c7f983e0b
GVLiD\healthy\healthy270.jpg,e34f146c59b8c4964223be10c948404ebbf10b87396664e83523d43f7862fb1d
GVLiD\healthy\healthy271.jpg,8a66e05a03b8b4b02b4c4b287e3eb32accd99fcd693f37b4695261055c5803a4
GVLiD\healthy\healthy272.jpg,066104263f13787d52614f617a94ad4d6fdff0d2f4fae319778f57e08fb91729
GVLiD\healthy\healthy273.jpg,ba6e2358773592671130158edbe10a80c508b5f32ec009af5bb7d19770c11b54
GVLiD\healthy\healthy274.jpg,e9e5743c2288c9eae5a783f43294d877f7711771069f902a2e0b4028d6adb259
GVLiD\healthy\healthy275.jpg,65e122e3ce9148b13e4c2c4124243352e94f8d7ca9eddb88891ad48f5b87fae8
GVLiD\healthy\healthy276.jpg,e410b4c9c1697403c57ff0675f1515b40a4e2f3aac63b8822c64040fb755cb3d
GVLiD\healthy\healthy277.jpg,34f67842a10ca1d8f68cdb4508e5435bc88e0410d8902d18634ca961c756c8d3
GVLiD\healthy\healthy278.jpg,ebcea1ff128c7153da007e78340ecebd32cfbade5d725afc2ddfe63b0749f252
GVLiD\healthy\healthy279.jpg,a517dad40166d2858316270e0ab22b8ab2775fac22d8ad0fb29065f6d1da8c4b
GVLiD\healthy\healthy280.jpg,c746944d736c60c50cafbf9c63423672376b1fd6deee266ca1b20c56a1e2ee82
GVLiD\healthy\healthy281.jpg,af0f62724c564f5f94a87adc60ae450f1ce4e342ad9be97379cbfdac2f6702c9
GVLiD\healthy\healthy282.jpg,1c6605247dbdb031fa6703fc87e86b943fa36e0146483ca175209126bebc9760
GVLiD\healthy\healthy283.jpg,0615843d0a1db0c0f46699bd4bd7c38c46044584fad9cec03871707f559f7c82
GVLiD\healthy\healthy284.jpg,1af50a31cafa453b44e9d74410353081928e9cb913e5723955d3c27dccbe7996
GVLiD\healthy\healthy285.jpg,f9cb6449a6d84815aa29dff90c50855e9d0643aad5402a3fa30295545f3fa551
GVLiD\healthy\healthy286.jpg,bd0a071e16b4d172301ae3f188a32cc9ae776a39ddc43d1b57bf405bc7405a79
GVLiD\healthy\healthy287.jpg,ad290e885323e5c7b43623da7dae4e845decfd4e680ab496b3c20667df1c4a7b
GVLiD\healthy\healthy288.jpg,315a2e903edd264fffcd01b5e849ac80c403903d7b8de379736ae7a942c850cc
GVLiD\healthy\healthy289.jpg,85399d2c244b04591d8f2772b976661698bd125f2eac5e5065708f2315a42a7b
GVLiD\healthy\healthy290.jpg,df29abfe38862e4224b85ecca9e569b5b4b9fc4c450041a092eaa7f588ad66bd
GVLiD\healthy\healthy291.jpg,559583505da1971e5fa3e9c9bcfd4f1c6790edd8478b1dfdbdfc9f520ee96844
GVLiD\healthy\healthy292.jpg,32a66fa69a5cfba28bc7784286337252dbc83e1acc90c375e51957946d90902e
GVLiD\healthy\healthy293.jpg,ac90153cd840a07512da352718b808b92920aa45356c687dcd92fe6abc59fc2d
GVLiD\healthy\healthy294.jpg,318981464820e9a0943a716ec5505a1b2f9db63a589bd72d514d96b6c31382ca
GVLiD\healthy\healthy295.jpg,ec2de38bf46f8296e60bdba3b61ce5b1698312c43a103b4a03ac3c35abc17aff
GVLiD\healthy\healthy296.jpg,f1ee8259f0b6d6867406657ea70cc78288b059baf08a900354d4036d995f81fc
GVLiD\healthy\healthy297.jpg,782010c9f39f5cf15c36eddf1c6358a30e1e7b4dac58f45a11d96cc6570aa401
GVLiD\healthy\healthy298.jpg,11f80f3cc8ed0e9d0792653cb7851576da92a94576896afe7ffa8f3d4face194
GVLiD\healthy\healthy299.jpg,2a72873c140df208e97209ff447835d0a83e5275a2ecae13b1f927d328be2919
GVLiD\healthy\healthy300.jpg,b882b4d367a767234e01c5a2b23276b020d5aef738a595007a1ef78fc405a0b8
GVLiD\healthy\healthy301.jpg,a7b63a418c3ff97ce949be669107614734328dea70e654d967b7aaaca79b4d69
GVLiD\healthy\healthy302.jpg,c529a9f165be3742f6df21a61e0012ced162a088dd16793886a5747cdb1accd4
GVLiD\healthy\healthy303.jpg,6e1288b78be6d8a34641fc2e5e962719db83f1cea8f0a16aa8399654a9ee6182
GVLiD\healthy\healthy304.jpg,57377c92239390733cfe48fffd7ea056ab4536ed82c9b983b146f0d78ab33d88
GVLiD\healthy\healthy305.jpg,348b2e1ca6e47df0f1dec7a4df367c3e255c7e29646d5f7ed8d42788b4304732
GVLiD\healthy\healthy306.jpg,a8d924e047663076a4fe5623fbd6a670d5d6977e7b35d6fb65cf30e3030add7f
GVLiD\healthy\healthy307.jpg,cff1526d7cebdcb7ca7c8160895dbdabd4ffd9e370de25aef6bfdf266c358790
GVLiD\healthy\healthy308.jpg,3397cafaf99c86cc42945911b1170bfb566297eb0524b801fb30fe24555265c7
GVLiD\healthy\healthy309.jpg,f9d199222be4513923ef0fff502276257d376bd3ac88cb40770f5d497c50417f
GVLiD\healthy\healthy310.jpg,c19b7305674c63648aa23c2150412e54992f482bf43720fa1ca6d5c309d39a8d
GVLiD\healthy\healthy311.jpg,455abf7eb2cf9d5e3fae9cfe2b633fa05cea07e5ca7ac6a2b8cba6bb72e62fc1
GVLiD\healthy\healthy312.jpg,61f7cd81f0bcd74a4cad9b34f47e88d1fbcb9354efe29ec021953715e8a11cc3
GVLiD\healthy\healthy313.jpg,f0db8ddfb5c8e412eb635a9ae5a0d1722fa1f7fd0b39e1f951fee94bad5f1c9c
GVLiD\healthy\healthy314.jpg,1f7c5dc38d3643dc9a9a42e611f42c41ea39f706dba8e99f43809cc841ce34a1
GVLiD\healthy\healthy315.jpg,c84d61ac4bfb9ae9c51512c7c0954d143b225ac36915f4bb0a0cf27825441703
GVLiD\healthy\healthy316.jpg,c6471e9e8f16c8da828a36c3122b1d1697e106210b3ca3f83befad4a176fab8d
GVLiD\healthy\healthy317.jpg,9fa0c26256fd65b76903c5b54b99f681073dbff048b9e1ed4d1f66cb152bb844
GVLiD\healthy\healthy318.jpg,86af96f8d1d9065119bd61002329f84adb46967c04694f4bfcc32b0e02302743
GVLiD\healthy\healthy319.jpg,d33eff7bf439912a1ceab0c480dfecaecc5626784e1a987514ae4c4284fc2566
GVLiD\healthy\healthy320.jpg,962d7aa298284336d86f88c12b912156101b6786711ea3f426c33501a3945267
GVLiD\healthy\healthy321.jpg,33ea766d6f78acdc5b57ec522ee5a77a55291eced1b8fad540de30b2e451d02a
GVLiD\healthy\healthy322.jpg,41ce4c62bf00a4b73dbf16ff31808d49cbf4661c438a07946e03a5ed795475f7
GVLiD\healthy\healthy323.jpg,7670dd2f79346f6ddc6e718268e3471ece35f769e74204d5e354f55998777a7b
GVLiD\healthy\healthy324.jpg,c83810297b6ab4ce8630653a071ef4d3e6ea6f8b4249bca5237ed611e8099c38
GVLiD\healthy\healthy325.jpg,2c3ad5b4cd5b57769626539aa545dc049fc066e6cb611a53343f1000c85563dd
GVLiD\healthy\healthy326.jpg,53518fd7774cdb3ba54fac7e73648080e2c792071f70f705b61e71d5cccfd68a
GVLiD\healthy\healthy327.jpg,8d41d32df4c189ac5a57122f4df731d25a77fa84c0cd401ae3fd4d8531020dad
GVLiD\healthy\healthy328.jpg,77152c4d33f6ccd2dccea82e26fba3cfd4aa1a77e9d23410a679f1081cf69e15
GVLiD\healthy\healthy329.jpg,f6524d3ce42707dc2c5a0bc6e1b3e31109aca6530f295254151c33946b21ece4
GVLiD\healthy\healthy330.jpg,92971d7501f1a40af0a17982534ad04b58c289106adb8cb52a346312ebcf69ed
GVLiD\healthy\healthy331.jpg,925b99bc3bae521b7f4abd1307410204329f58a9c19285538bb8ab4d5108f646
GVLiD\healthy\healthy332.jpg,8b10d0ba45aa94699cd5c1e3d24c64c9c902937f342e4589d456a116d0943917
GVLiD\healthy\healthy333.jpg,5d4c433dedd2c9d09149e0d4a5d6e04859bf3e1cde720d38826c0ab5af82eaaf
GVLiD\healthy\healthy334.jpg,6643c1a370bff59f670230476f6f6322bee6bfa135544238162aa7c8e12f0653
GVLiD\healthy\healthy335.jpg,e8e514eb17ba33bc5adb3741ba362b8c9dd75ed80ced258d253c9838cec6b421
GVLiD\healthy\healthy336.jpg,16221ef42e45d5ab8ff27a431cc7e9a2daaa71bad279233354d8a87504044ea0
GVLiD\healthy\healthy337.jpg,6b4e70583ba7950cf0ef200d42e42a649c579300e70e63d3243f46a68d2390fc
GVLiD\healthy\healthy338.jpg,09cce734e6a5f75d9dca98da31b362f09a379350ba611df51f8e95702b1db02f
GVLiD\healthy\healthy339.jpg,524706c669699794203e9743296bab51518b72ac9409d186c9ebc516911a4405
GVLiD\healthy\healthy340.jpg,05198cd32f2e373ab5cf55ef65e5f623da26284909b22b9b5f48c8a41e6bf725
GVLiD\healthy\healthy341.jpg,2e4fe0a28b22a87f538ea46c2f511de2e4aa3a75a0032fc1377a27ffc267a01d
GVLiD\healthy\healthy342.jpg,af372061a72f4fd5ecdbcb9a0c607fcc39216291f2659b9d5e81d01854174a6b
GVLiD\healthy\healthy343.jpg,3c6e783e5815bf51b548f59f3016e51de7501f6393040d51cc6c8a1798ba4507
GVLiD\healthy\healthy344.jpg,4fb2b3f53561bdf03cd91700f4826f5354680e29ac16b1587fcbf10e70e0c76a
GVLiD\healthy\healthy345.jpg,85a08971d3b1613f66e48d6ee334a2faa9d11b71362083567ac8c70d04decd70
GVLiD\healthy\healthy346.jpg,495ab873eabdb8c9cbac17c47997e5f9185ab96574f6fd4255c6dcdc23c40225
GVLiD\healthy\healthy347.jpg,61ec4a765a69e937383b37dc666c8bacc85813422772366b834ba3bc1a85fcdb
GVLiD\healthy\healthy348.jpg,1e01900e9fc9a3bd5748c2642e47108b82b8d81fd9faf24bc52595b476fcb7ed
GVLiD\healthy\healthy349.jpg,fb05c66be0ccb5db3929984f34208416631ce25b2551d902302427cbb72027e4
GVLiD\healthy\healthy350.jpg,9a52d38cf251b30fc851c4d36d4f4a7056a22e2622955dac8e3f75ad8ff9a200
GVLiD\healthy\healthy351.jpg,ac0a40b184740dd315c7bd559cb1f7512934e1e3c983c9c4f5c94f86064ac7a1
GVLiD\healthy\healthy352.jpg,84a7a0b4ba12a4f2260753d9e87eb4574e70e899d7c82d6cb07d4af5aad7ef27
GVLiD\healthy\healthy353.jpg,1bc8508acea036b7c8649c267673160c44557dd75c39b4e35f8456cdf5073559
GVLiD\healthy\healthy354.jpg,7d41e5c1b429982eabc3bde9adf00ce8cd0a35d7cf3be38eee91031a06996d04
GVLiD\healthy\healthy355.jpg,f929da0db48a5c809bcb6569a257b48884e53fea5897f840a66aca493813ac83
GVLiD\healthy\healthy356.jpg,3043bd5b9a24b7dec31619e97a4383394360dc27197a03f78a8563fe00be4dcd
GVLiD\healthy\healthy357.jpg,5ee1999134cab0538b3ab80f1407157ec46c42f775778cb6da66795749ddebbd
GVLiD\healthy\healthy358.jpg,364c7fb3a4938acc3cd5a655c2c84ba060499aec5522ab41930b5755fdfa0ef6
GVLiD\healthy\healthy359.jpg,527a454ef13aa0d2083483221521485db7c35833ac753f6375f9e663600bb562
GVLiD\healthy\healthy360.jpg,47926c84a4155bf151c3962b49837f283dbf5a8f8d371b5677cc135ec9cd14e0
GVLiD\healthy\healthy361.jpg,222ef3ace1f98e62904dde9f02c9b44025d32ac445e3f03eb575cb830d59094b
GVLiD\healthy\healthy362.jpg,404f66cde29e86e9e9e72347d703ac3dd3ae16f2538369e3a7755792c4887f84
GVLiD\healthy\healthy363.jpg,7a5ae612b6003a8cf11d6315a7afa7b985f5434ee8296fe35e02aca48c52099a
GVLiD\healthy\healthy364.jpg,25a6379f5b39e01622d4ca7d84b30e93fe1c91b1cdbd2bbd19a773a63ce0c996
GVLiD\healthy\healthy365.jpg,73736554a0877244d4721919aa15bb65e00ebd2fc784c38bf4766273578588e1
GVLiD\healthy\healthy366.jpg,284bb1f65dc1aaf6fa496b602ad54be14cb77d7b437c944daf6305853158d8f2
GVLiD\healthy\healthy367.jpg,617e8ef0e9b4fd236aa38bd0617a1b2a9aec732f0f587273627edb8ec5aff903
GVLiD\healthy\healthy368.jpg,78088fe031cd5bf786e0488774f000d99adcd6f6f007def26a097d7f1852a53d
GVLiD\healthy\healthy369.jpg,471c7d44a3b8c444a748b61a49b29fdcf9204cd0addc7c2d0218cbb15dc07e02
GVLiD\healthy\healthy370.jpg,ff16ed754c96dc8803cdef5554d080759612c365b227f0770fdbc63de704a529
GVLiD\healthy\healthy371.jpg,b78f8e09bab28a2531f856f769df13386e7b84c45537da8a8b3651d6c27cd32a
GVLiD\healthy\healthy372.jpg,39e0c09bc01674b8a3eb74643cf5c3740c5244a9dd4016a5b0d9549e40d70289
GVLiD\healthy\healthy373.jpg,85defb88a5b2f07bd3b2037aaceb6b64a8c2c9b85141cd1662b76d5433345988
GVLiD\healthy\healthy374.jpg,e5a3b200c4b60469afca320983627dd065fe4a89f1538ad8ed9a1dee8f3d1df7
GVLiD\healthy\healthy375.jpg,354de0a7ab7b226c26dbb2759eb8694e9cdab27190beaf04404c7400cf69e0f0
GVLiD\healthy\healthy376.jpg,abb5330d0bcb5c862c4c7ee9a3e95fd85d058e8a1ce8b58ce2fcc3c5ca6255f1
GVLiD\healthy\healthy377.jpg,085a63277cc70cde0b21194711e8ebd771019c39ed8e764887543da54a3e0000
GVLiD\healthy\healthy378.jpg,82638669defff4d3841c032528e3e283519db3b52224cbda89064ccc5ad68a37
GVLiD\healthy\healthy379.jpg,e5a0b29285ec1d53ea67cf80f50fe0d242bf81fede34d9e16a2f9d4862b5b3db
GVLiD\healthy\healthy380.jpg,da71b916df3ddf605062fc312a7c12a0737878eedce642907dc881aa4d4b7905
GVLiD\healthy\healthy381.jpg,f93acafe29484eb5a96bbe78dc6bf6f74a1a87bccddd06fd13b6857721bdb65f
GVLiD\healthy\healthy382.jpg,a8fbed9c8c5c967cbe38aa6c44e57a18841f0378b7d6fede359b35575bd9cbd5
GVLiD\healthy\healthy383.jpg,74a11b8b628efd7a5ebe6eb9612f8fea148ab9fbda81de6e6e2422eff3f4a4d4
GVLiD\healthy\healthy384.jpg,bf13b10d19d184dc75cb8da3ae4a5fda7cdc623030622b2ee12f1f2999bde8e6
GVLiD\healthy\healthy385.jpg,71c62ca46d7bd5869a37efb32f52aa6988bccb274ae94a9592e4978c213a96f3
GVLiD\healthy\healthy386.jpg,6c1207c23c86bd9f99cefb67239553775fc91574dfad0c5fac663ed10f35a343
GVLiD\healthy\healthy387.jpg,74f2ce7cebdd9a7649921228ca574cb556948a600561359c1afde666fa9406c9
GVLiD\healthy\healthy388.jpg,02830e7e92d29cd4305c03a38f9d1bdbba0ad54dc3189e7087e1e6d11aad38b0
GVLiD\healthy\healthy389.jpg,9ce981f278134d0022acf97b2428722a2d9e9eee3de61605f2a67c73ab9fd37f
GVLiD\healthy\healthy390.jpg,5677cd8dc174c13fc08c0aef572a1684f9d69f6779b540614afaad0349b068b8
GVLiD\healthy\healthy391.jpg,83b5e6158974d8b94522050e2ddea82179d6ad39e1f4f3e3c4a265e92b1943e8
GVLiD\healthy\healthy392.jpg,03119efa7fa0323c43fdc64ef097f13221f22a1b35fa182195313a954040de7b
GVLiD\healthy\healthy393.jpg,7075946fdda734b728d26cc411e6c869b0f1e36ab489342c153909c542c5bbd8
GVLiD\healthy\healthy394.jpg,dd37405bd938490be397653def05a9ccd22ada1b0c269dcc796b20f72ea5f1ce
GVLiD\healthy\healthy395.jpg,42b8a76df80eb76e500cf6324790add94d2fa45d55c88dfb88e20b76dcfdae99
GVLiD\healthy\healthy396.jpg,56a98f4cec9472a51b3dc326c2734ab0d6d9c761a8186e4a04d8d36454146fc5
GVLiD\healthy\healthy397.jpg,272d397da761bce1992004d3ce9d563308d23cfc9a549cf8bd1d74c933837ecd
GVLiD\healthy\healthy398.jpg,46bb44cf00c52f4c3a62f8384403b97665d1085145ac800e31e8a94ebc4b5044
GVLiD\healthy\healthy399.jpg,e9c2a1c7183afb207e05ea0cacb3ba644e9c1e20020bd6307b39fb603e766ba0
GVLiD\healthy\healthy400.jpg,12afcba8500f45e8a98750cb5bc70f0ee7fbfd9bc641b39cea2e12a1fb86eb1e
GVLiD\healthy\healthy401.jpg,71ef8a1332955cc90aa3a89cb006fe0a1d0ea51c9141e5ae45631c32ec70c926
GVLiD\healthy\healthy402.jpg,67fc6397b1bcc3fcb7cbe6c881b2923645454f791db7d911cbeb42d3e66fa28c
GVLiD\healthy\healthy403.jpg,1f3cdbd1bf4ac0119645c91a75bc54f04d77732865b6ca2736ec9f12fec48d59
GVLiD\healthy\healthy404.jpg,8d481de7bd8c91109beed0aae537330a681a4fd55491d7d51a8a8b1c38ae7fed
GVLiD\healthy\healthy405.jpg,d82521fd54efc8b546059a9da454917738a17ea37edab774151bb1e50061209a
GVLiD\healthy\healthy406.jpg,3be03fe86ba9e78fdbec2ac4e513f72923760071371380bd43cb0238e2249aa7
GVLiD\healthy\healthy407.jpg,90ccb6da87e273d956570361926c0ce273943a57ca3b1fbecb202fda21de2393
GVLiD\healthy\healthy408.jpg,54c2c7e30264238404faf2bbefc39c24b5d72a0cfd298628aaa19d83204aab2c
GVLiD\healthy\healthy409.jpg,59cbea0d7a2c021b1671fc7ea229d12f712ed12fbb5448872de1a08e1c5072d2
GVLiD\healthy\healthy410.jpg,58275c78825e1e2ee195a894d7753b5b16924d06c9db3df0c3b710022d95f79e
GVLiD\healthy\healthy411.jpg,1689537cedc05e415ca2e00450788f369363084ef135ed85ce9ac60bd8671d56
GVLiD\healthy\healthy412.jpg,8da24eff34cb2ffaeacc43cde5c9a5f25e37d9e5b8d185e88b7090685a6abec6
GVLiD\healthy\healthy413.jpg,d1d02735cc5304ee6569bb7e8b1eff34dcc9c6fd97574c14f64373ca3d258e13
GVLiD\healthy\healthy414.jpg,88e24e202f5e7460bec48fc763dd548e40a31342ba5bac3ac71b4aa74fc470cd
GVLiD\healthy\healthy415.jpg,104ad6f6bf48330532b87e8a996a45188631a511307766fd845fb14d1cf157a4
GVLiD\healthy\healthy416.jpg,58112b35f2d54d85f1d9bd602f31a19c24e2edba74d2d282af23be1811bd3474
GVLiD\healthy\healthy417.jpg,3a4a94d05eb0f3c94406b564567597a2184753c292796c36eb7e1ff4e4e5b57a
GVLiD\healthy\healthy418.jpg,ee3550944d89035a4f5a72abb63e4132829784c2d5b72049448f1a8bb9010154
GVLiD\healthy\healthy419.jpg,b9418632a9616f03475d37ff4175bedbe059971db7eb50e62b13ba0cef0ed82f
GVLiD\healthy\healthy420.jpg,1b15b7511825dcb53e3c6026602a6517ebd0fea1cb313ef265d07ddf2a2a16e9
GVLiD\healthy\healthy421.jpg,f0d10eee667e3f3139d92fe4b5b7e0698a7ca2942914e264677e75142d55a855
GVLiD\healthy\healthy422.jpg,4fb35ad0e999ba4939c9dd647fdab47023591cd42b3cfe426296d343a2eabe11
GVLiD\healthy\healthy423.jpg,6dee434fdaef294a390c67cd19be804833ffafa6da3be6a4fa98f7e2509c5e95
GVLiD\healthy\healthy424.jpg,585cf98eb11a27eb59838221c47d8bbf387a986073c8c59caa8f99e0f040b9e3
GVLiD\healthy\healthy425.jpg,fb58c8c0cb218b173a298ba312cd9c4531af9a49cded2bd5a7e993d4f77547f3
GVLiD\healthy\healthy426.jpg,223eac93d57b06f5beece0e87e81083c08f61e24c4532bec1e4165df1f5ddd4b
GVLiD\healthy\healthy427.jpg,15c714f52ab130facfb8082119ef6eecd7ab0e94b398fe00cdcf0a539506e36c
GVLiD\healthy\healthy428.jpg,4bae652d83bb8b0908be9ff112ef5f597058ebd79c26a66ed93b4fb3a8c7c2eb
GVLiD\healthy\healthy429.jpg,dc9c63160f1a5044d18ed82c1798db9df48d1aaf4d1f220c6b9a2ab2a1ae2103
GVLiD\healthy\healthy430.jpg,ed1d834bf3b2ae417b1536fd4b4c22ef807fcc6c717505c9b5f4269c5239ed33
GVLiD\healthy\healthy431.jpg,51877a08a5e232109330fdf7a7b9eff716c3ead37a309b0c4a107de96bee617c
GVLiD\healthy\healthy432.jpg,8df9b332629c34c7b63c920c578a015b975bf2ef0086ea7edcf391c8da57c86b
GVLiD\healthy\healthy433.jpg,f953c8825852f7259db83414892f2bd79f03f892d7fc243f9976cfdc8dcaab22
GVLiD\healthy\healthy434.jpg,3c21a56832b9b716f5bfa29d5d55b0937c1a0aa4e857b4ceec38542c891733b4
GVLiD\healthy\healthy435.jpg,beb9bcf805de91e2ff006600d74bf5a156c9edca8ea8d03adab71ab94616876a
GVLiD\healthy\healthy436.jpg,b571d0f73910b93983f2b8921e9875d2eb3e1b318e89d08f511db0ae88a41b38
GVLiD\healthy\healthy437.jpg,0264ad761e550b77d7e666e4562d41e33b73fdaa053cebbfd4859ef24332a898
GVLiD\healthy\healthy438.jpg,319a183a2b037dba150e73f41c6888810605f3eaf13b1be2db0d79c14644be74
GVLiD\healthy\healthy439.jpg,906e0974a5dc039e07b325879390f5e67a737efd0d787415ab5fb56f9b7edbd3
GVLiD\healthy\healthy440.jpg,6dc9f30c8589b4882f3f0afb7bdd4d7aa0fad323f757079f82067617dbe4ac31
GVLiD\healthy\healthy441.jpg,0359d5c03cc8186c81fb31e36d4359a3645275eab425fa8c8705471308b35d8e
GVLiD\healthy\healthy442.jpg,5c96ad5f3f59bc17da899acf3e2c6792e92c457a2043191c6542e8d4e113b2a1
GVLiD\healthy\healthy443.jpg,25373c459cd8f0ca836ee3d8796848013f9202d86f5d7dce3dedb9ad917dd822
GVLiD\healthy\healthy444.jpg,4ffdd1b9cd78ee3b967f0a927a19157540feccc4bc44c4ec7a026d23d702d838
GVLiD\healthy\healthy445.jpg,1eeab6b21318b1c746156a37a40af56aa41235efdc4009c9409463306ad1ebb6
GVLiD\healthy\healthy446.jpg,d182df18d619866ce90c6b2feb64467a9feb77fcd15ce585624643351f44b34b
GVLiD\healthy\healthy447.jpg,a5a84b601d3ded0c11e8948b7bc8e3553a1a067cf62078d190794c015e8704ff
GVLiD\healthy\healthy448.jpg,eaa674da402d6594181e7f8a26acb4e7d931e3520c4538056f976c0be1a8a230
GVLiD\healthy\healthy449.jpg,561245521fa9e3d3d49a833876ead44ec956ec14bcec7be84e66fb8c61ffc19e
GVLiD\healthy\healthy450.jpg,f4868934935c396cf579b006f8184f265ee88a7e605c4c45b1997f7027dadc7f
GVLiD\healthy\healthy451.jpg,77ac7fcf7eea67412fcfaa7f7042c8ed415096c736dd2338f88e5268fccfc9ab
GVLiD\healthy\healthy452.jpg,765332ff76f3d73af2b62afcf199e3a07b546124b36341a647830824b9cba2a7
GVLiD\healthy\healthy453.jpg,b36c663d1a4bd3c44b4b0b39c05e84c78d2fad66ae3ecb6bb80a2bfc36bc4c12
GVLiD\healthy\healthy454.jpg,91b79bfa8a7879ee23f55bbd04d300cb64cd5eda5ed4adf1a2f47125a9c790c4
GVLiD\healthy\healthy455.jpg,f461e1af5842f572c677db264d824dca431f5fa4230d5e8566b458e474c43735
GVLiD\healthy\healthy456.jpg,e45e522ca495a1901e8f7b2d3f43a9d54e2fa1da3f4930b4e43a888a0d87698f
GVLiD\healthy\healthy457.jpg,370e622b524645e6ff5ac39934abc954c964e07d5b2ae0ab0b6b39981e78db31
GVLiD\healthy\healthy458.jpg,267941da1d9156cabfa8ea0d43750402f40843a4fe5b0fe5f54232f4d409335f
GVLiD\healthy\healthy459.jpg,5d3648d8375a95850520731b8c07b23eefa073d3118072e85f0959a6f6e6c2e7
GVLiD\healthy\healthy460.jpg,47ee64d9723334e718f176d39ef4f070d76412053fe479907523f1663cbe06a2
GVLiD\healthy\healthy461.jpg,0b1d9bfe0e0c3c3a631ac530cfbb477d6496913ab2e0d155e9ab266ae76e3f29
GVLiD\healthy\healthy462.jpg,6c8c6542b6da3cf3bb24fd5174e849915bf064fcd6d7f7f979aeecaa418d7617
GVLiD\healthy\healthy463.jpg,b24267e34232874a0842dc66191abb8d3b209fdf658e5cf8cb5b3c0a40957a55
GVLiD\healthy\healthy464.jpg,2cbc8c40228187f8659cc3df509282a5f574f9a41b90edc48ed7fa852916a6d4
GVLiD\healthy\healthy465.jpg,e10f978bd3d2d7b9c9e9b2be006291514e9833028534e26922f7886a04b85c29
GVLiD\healthy\healthy466.jpg,5bb03257063c871e46c0a18c14544b750c667f37b38bc1f8fc02e069bdb0704c
GVLiD\healthy\healthy467.jpg,65c1d4a6c550a79968d6251fff29b8bedf39012047d948b25b4953bf0a80ad11
GVLiD\healthy\healthy468.jpg,9888dd2cd3778a9fb24978fc2b9cde6f44aef9661e715f1f9327b817eb65e06f
GVLiD\healthy\healthy469.jpg,dd7e50ee793befb524af49ad737a447263c2cd5b8143b6d6aba280475176ab14
GVLiD\healthy\healthy470.jpg,209b248043ed02908afcfab5fdaa8b919ace98431c311981804fcf1d3e91fe5c
GVLiD\healthy\healthy471.jpg,21e6aa4bfce8b53168efa75c03c0b9055973e72b85f03c4955a18cb81189911e
GVLiD\healthy\healthy472.jpg,81d265732cb778efab7b5ccf41ff24481bf2979efd5ee8dcaa6594a7237a860d
GVLiD\healthy\healthy473.jpg,780655c56a661f341d4d223e38af3f911df7a3496757e2dc52232d69550eb06f
GVLiD\healthy\healthy474.jpg,7914d10bc336c1f248d8c0e553c6c0a34c85762a713b1fd61d39cfad2cb74f4a
GVLiD\healthy\healthy475.jpg,fbe54fa9ed5418416b19ab3c0ceb8c9d55382dfca71bb0020d058dd182294940
GVLiD\healthy\healthy476.jpg,d03f662765b530f7f995ce5bb4b92717c65290e64073325473c65834feae90f1
GVLiD\healthy\healthy477.jpg,5bceb0987d97fab0b43203b180269b4605074b290aef11fcfd3dab44cc4384cb
GVLiD\healthy\healthy478.jpg,822b51a9fdb258c169e2d190304e72663653f0e59ea7c8265c5c41843300f9ac
GVLiD\healthy\healthy479.jpg,ed8315891a151943edd7734e39159f96b79f6e5c3947a088a6cc2334d428d88b
GVLiD\healthy\healthy480.jpg,4aac41973aa861d8b658cbe2952968f805dc2ada48a7fc7379b8f6038a13cf3c
GVLiD\healthy\healthy481.jpg,e8116f794d380281531b7a9c95d1b4814271b876dbc1aada1b2565810290d6bd
GVLiD\healthy\healthy482.jpg,6ae1ba649e5df4cac8f3a74c9a8be99f0cc8c19fffbd921a1ce1df055406aed0
GVLiD\healthy\healthy483.jpg,0ac80ab142683aa5a11f6d3aecfe6f97578cb2631c2aa513a4360fbe5217eed8
GVLiD\healthy\healthy484.jpg,f97413ed7d369791bf5ec13489cd0fb0f590217b6ad0e35595a8dfc582f69f7f
GVLiD\healthy\healthy485.jpg,29fe834130770f931d2b99633a2696f78d0bd85fb5bf9c66d3cbfb8f33ed22a4
GVLiD\healthy\healthy486.jpg,db39245feb096159f2b3a846d755420f36f8df27db52e32971b870d1d1470e3d
GVLiD\healthy\healthy487.jpg,079b2bbfb48ed98f791e7c82e85402c31f113e16d1075f2fe9763795eda9d627
GVLiD\healthy\healthy488.jpg,50a9baadd8757070621b3a2e554fd60c64b6bc1e958b961119e3ed4be9441b74
GVLiD\healthy\healthy489.jpg,797a2031f8f29a918c46b84a0246bafedc7189e011c4c87fe132e54b23580ca0
GVLiD\healthy\healthy490.jpg,65b3367ce95bb25ee4a49ae61035d598975ba8eaa5b87cbe8269691888b60354
GVLiD\healthy\healthy491.jpg,4e976aba2c5ba69d9643a89f23c2a73a3edd44c77297e351d9ead9f5cd4a3ae2
GVLiD\healthy\healthy492.jpg,25429ec0c78736630cb9830f86a0682da2c3e3e0a401fa7c1d7a81f22e1a06b8
GVLiD\healthy\healthy493.jpg,12066c77843b1164d5dfd17f5f4e5431778dc92d4738e0475cbe9654c598d4c5
GVLiD\healthy\healthy494.jpg,8a512be03f76f00501431c1748d6cf3bd25a72ea0b9ab5e0646c1fdfee2a2e0c
GVLiD\healthy\healthy495.jpg,b7887b58d8a7baf672a7dafc6f91268e4b0acb4b6e49856f48e1ddef1f5cb899
GVLiD\healthy\healthy496.jpg,275765df33603a819b029990581426daa6569644d830d39b8536a4ac76a9bd14
GVLiD\healthy\healthy497.jpg,aaee25565a147814f916c366764a4e27cbb60cf61e499c0270fad351d9cbcde0
GVLiD\healthy\healthy498.jpg,49362451232b01ebe728035b2e0985fa5de94e9a16479c3b3f8e9f15d1d9a250
GVLiD\healthy\healthy499.jpg,e521ed0be7a796063fcf2ff510ccc6d665ef638de8e71f4cc70faa7b8ae51348
GVLiD\healthy\healthy500.jpg,b9960dedb21d03669bc8e3797299f49d8a12c1973c79727e1a9ed3a5df63a5f3
GVLiD\healthy\healthy501.jpg,c6dc17f3038c014f1148f390ac6782fdbb0df68a5d133bc081337e4f8d0cd27a
GVLiD\healthy\healthy502.jpg,78aca44315e4e1c6a4e274d23e48c6dd4c38f0c1ee025680a5cd6cd46311bceb
GVLiD\healthy\healthy503.jpg,cd5258d5818ed345f6dd3c86f0cff44074fb8f99900c730637f954794145bda3
GVLiD\healthy\healthy504.jpg,8112d997334f8c775d3ccf38e98c900a0fa397231e498e18b3bb1e7850246a75
GVLiD\healthy\healthy505.jpg,2a546a40bf950a2e5fe8ad598cf0f88211dab3491b8ba6096d296bf12558bb63
GVLiD\healthy\healthy506.jpg,d977ae58dfd6c16328afe4ec0a6d553976b24a83b6afdf30c7490e9bd19f24ad
GVLiD\healthy\healthy507.jpg,ac222ffa9a000da477030b37e4e418f6a756fef343be3754c0752ca2dc13778c
GVLiD\healthy\healthy508.jpg,06895ed2e86788effc5aaae4f16b7b7a8be77a6d9bce92821122c63705b57dba
GVLiD\healthy\healthy509.jpg,59719bda449e9f0ba0917db5681963bc603069a7dcdd60b97c3854c0d406038d
GVLiD\healthy\healthy510.jpg,2bc8358d4720c8f457cb500d11c73a8941b4bb9d72b26ef73c029e0f8fea274f
GVLiD\healthy\healthy511.jpg,2e742c308a579e22ba064f10c6a5778273fb3aaa9a5623df687f55cf545046a5
GVLiD\healthy\healthy512.jpg,c67903b11194c32ac7a9487de341d1f10535434dd78a6e695ac0cf354930c670
GVLiD\healthy\healthy513.jpg,6e465e7a7a23360eab646065ff89de67321856c84699c1ad867763924bee3dbf
GVLiD\healthy\healthy514.jpg,7188372275f49e48dbabacdb3ef10454980bb1b7f0494c2fc3440900579cf8b8
GVLiD\healthy\healthy515.jpg,d2c0bc0cac235975bef00a40fea2d47c8aa613ed4338b4d9fe5855b6eb518481
GVLiD\healthy\healthy516.jpg,2b2019203177983c6f1e2457ead218baf9bb07705a2e3effe8864ca286064aeb
GVLiD\healthy\healthy517.jpg,1b9a7fbf0897f1714e4173460e3714d645a7d08ddaded4d34502f2f0e5bb3205
GVLiD\healthy\healthy518.jpg,64e3ce4f8e0c9071fe6bb74fc8d736356135ab703ac447860cc4ed5e3caf4ad0
GVLiD\healthy\healthy519.jpg,16c365609fc29863b00bfb40b422ea77393fffe598fe07000c520c8044f18c05
GVLiD\healthy\healthy520.jpg,07e59ecf76713f92aafa75280f184133bfc815d5e8121b19018c78c1869b0a9b
GVLiD\healthy\healthy521.jpg,9fec7300edb4026509ad5185738c5d7fb1f814d88abd2ec20e8246158fec32b5
GVLiD\healthy\healthy522.jpg,220ea40cf94d478da897f44a9cd39070cfd1596089f47bc196f0b536912fab16
GVLiD\healthy\healthy523.jpg,db5cdc5bf30163ed6a21d2768e14a9c3d918c4aa785f4c5163f2d992655f76ab
GVLiD\healthy\healthy524.jpg,82e9a478003e726f50378a37d993c4dd2fd24c56577edd181433d4c1f14a79bd
GVLiD\healthy\healthy525.jpg,f88b6b85a9b4afd14f4826a3f8a501d5f04aa8b284b942f064f3599788373351
GVLiD\healthy\healthy526.jpg,c996df843b9c003823083aaf7b364012da3a128d26fff8c434887ec1c24692c8
GVLiD\healthy\healthy527.jpg,2e1470ab07ddda87b09ef6a25bda2a81c51f2e1bc0302350cfb5ff14ec6e9265
GVLiD\healthy\healthy528.jpg,41385ef55c4271f097874c80454e6b06898f078b80cd605cd0a59b8c10eb2329
GVLiD\healthy\healthy529.jpg,29b72e1213fa4a5f75a56f7b3a3fbef137d4be53da464373b36c4d374b92024e
GVLiD\healthy\healthy530.jpg,114aca8336f7b2d9995f98bed8a81a4a42036baddb860d4303cf112dd2ba0231
GVLiD\healthy\healthy531.jpg,59cd185a7dbe5fb1aff6d3e3413cc50b530d5820a148211c8bbf083dae535e6d
GVLiD\healthy\healthy532.jpg,c9e790ccb6f661d84bfeea7d84ea8bd6e1532cdd4cddbc0f6302d05e17c5c531
GVLiD\healthy\healthy533.jpg,7587c7fc0238309c658b113cd8f65e3e11a9fe77373485939040168565186162
GVLiD\healthy\healthy534.jpg,2e708cd804b868d35bfe419dde5164601d9320aab2115cb8b3881c3a81109c20
GVLiD\healthy\healthy535.jpg,9ca2781eb87f8a3a458b402957bb4b2f7360f7c987b05fbe5e0bf10cbfde0c8d
GVLiD\healthy\healthy536.jpg,2965b757bd742347773e076e530b9e927d68741d3f9629293f655e053f9defa0
GVLiD\healthy\healthy537.jpg,691827d213e3c42375ee4f776cdfedd763f705b4845e463283c58b697dc5e13a
GVLiD\healthy\healthy538.jpg,67d04236ede21cc76c5431b4f3812176d8721641eb0d90b5c1fb9ed244c74545
GVLiD\healthy\healthy539.jpg,a3e7b38316320b474d95743d932c6f321f4fdd527181acdeacf22e041d3ee00f
GVLiD\healthy\healthy540.jpg,6aa85a3efa5493df2476bf967a67af937e04b4fc50407138703fd5ce12652aa6
GVLiD\healthy\healthy541.jpg,3db82ad9af20eb4f13e2d41fc7a3101f72d129cf3a4276fa2ee2578d74bc1a29
GVLiD\healthy\healthy542.jpg,b92d9b479de79a7648251595f13f935620fc0cf1be4b53d5245606af59224a8f
GVLiD\healthy\healthy543.jpg,63d22f167e0844ce7df66da6d62e2d2b6f791cc9267daf1b6bb97ea42e4edb77
GVLiD\healthy\healthy544.jpg,68125fed8b7ec69401c1d5f4484d63fa475483ce8fef9b82e409a81a71786573
GVLiD\healthy\healthy545.jpg,5494c130df33ef49334ad46270b222526cd4e1695c328f66406b7ddf68438757
GVLiD\healthy\healthy546.jpg,602c00aef18fd3abd6000fb56e2a9941bd34d4cd1e7a6aa9d2b2d64261d62f8a
GVLiD\healthy\healthy547.jpg,45d57a165885f67d4601a7d3c050ec7c341f1685e55443d80647e3486a30e322
GVLiD\healthy\healthy548.jpg,647b671e44b55c63b2651e7352e3f803a10417d50be6e45c22cce5d0248f762e
GVLiD\healthy\healthy549.jpg,b408fcdfeb788381b7edcab7b11d4289467fe11ee4800a3bb35c438c00284813
GVLiD\healthy\healthy550.jpg,e89838f0f48d303746744f69e977d5ee3809b8524948a45abb152024c379f387
GVLiD\healthy\healthy551.jpg,5d02b172bbe4cd3163968536fea5fcbce89a1d17827f11a570e0b1cb7e4e711f
GVLiD\healthy\healthy552.jpg,1f0a1af21d0e66313bd3d3be868cd78715f3388168afd5219b264486bc52e40f
GVLiD\healthy\healthy553.jpg,005a7c6547fb360d5f491f1ad2cfcaea5aac26a617c006d752ee16343d1db627
GVLiD\healthy\healthy554.jpg,87c6e17329a47de917078a6bc7809351abef5599591cf8dba84a6651829c682d
GVLiD\healthy\healthy555.jpg,fe0577b1e77912882271cc82056dfc5b123bb55068e7640292df658baca58814
GVLiD\healthy\healthy556.jpg,ef91db46199c82267aeb71ef13ce80d7a7278a1585f5edb95daf665c0874c72b
GVLiD\healthy\healthy557.jpg,ad82ba49277ef1fc2f8f97ab5fae4d3cf2097a4ea932f4d195f89252cc304e28
GVLiD\healthy\healthy558.jpg,6097070c4158137756f437a3d57a8cfe0fa85153648e1b3c9b0aa62e2219cc0c
GVLiD\healthy\healthy559.jpg,8d8c864ad4360038e81ee9ae8c9cccdbfe4801894eae3f08cb5449ff2f3b145f
GVLiD\healthy\healthy560.jpg,9a48ada320c3081f45cf922375fa60efd6455b9ee87605e90c899bc394a50136
GVLiD\healthy\healthy561.jpg,512d85e0c4d9e9524ae99685674850e14f5b720b1160e41331fd788561ef538f
GVLiD\healthy\healthy562.jpg,6a31fbb3ea3037965e1035b4e52e9f8501a01ca4388ac1f189543d512b757f8f
GVLiD\healthy\healthy563.jpg,d9f9ee9a46638746dbcdb0fcb351e95f29a234ffa4783fa68c57a1dccab1ab94
GVLiD\healthy\healthy564.jpg,3c47cb0ed2752cb2df4f7ce9a42d77a56cb4e19c57b4d83effeabb40da929a67
GVLiD\healthy\healthy565.jpg,791d48540415bb40e628693ef3fc31d54256bcd3f90277b7cb782843f34b68bc
GVLiD\healthy\healthy566.jpg,12711e56485b10af4026e5d8f5b91a006d026180a9aac2801b07ae94d290a580
GVLiD\healthy\healthy567.jpg,f30b5fab6b62221b6a9b94d5d834f4037b90b7cadbbbbe3960089bb012f0a77c
GVLiD\healthy\healthy568.jpg,08064a08f4a91d556952a6bde32f4b0657a2519020d7376cd7c27d140c818d0c
GVLiD\healthy\healthy569.jpg,ca71f78576cb4ef228bd236153ca5d4c51f22698465180d10a07539c8721af23
GVLiD\healthy\healthy570.jpg,23d1c7388b9f2c486db96712f6feeaee531c8d7aa830e79ead39dd6e89b3bbec
GVLiD\healthy\healthy571.jpg,4f7e3541d3d1997a155b33676b031fbf5baa24af704ccfd7e75cf4f5e4ab1a17
GVLiD\healthy\healthy572.jpg,355b33e2509a42e73066582da3043e2f7f3f2266c7d087fdba2aab27534207f7
GVLiD\healthy\healthy573.jpg,7ead7557da590197a290eebca85cf8309e420a0078a3b8bd31b335636510c518
GVLiD\healthy\healthy574.jpg,360e70696f07ad9c8af7357bc6d9ad9326454e426bf5544d15483d88b7640629
GVLiD\healthy\healthy575.jpg,c7023c74495bd2ea10a274bac05ae2a6d6a69dc88661a7104528db460f8c6282
GVLiD\healthy\healthy576.jpg,77d3e48ba10e63d198a24a9900d50ad32bcd059c1a26b4c32b1df2528eda0bf9
GVLiD\healthy\healthy577.jpg,d6bc4f0dc2493cfddf6e9ee90d86f5dcdef3cf979d22aa63de227b6c850205be
GVLiD\healthy\healthy578.jpg,e7cbfae91a3314db682a8f14d298254e9c101e750c0f0dc6f7b4ede02ba1a77c
GVLiD\healthy\healthy579.jpg,1a9da1d4c9be488f372215df2bdc4f54d4b988852699d912e96485c790884ccf
GVLiD\healthy\healthy580.jpg,6c4fc3aa0fe2b7abf7da9b65d5745611346583ee7cea069e3ce524399d374afd
GVLiD\healthy\healthy581.jpg,2f251a29b011cd3b97774823f60ffbcda8d01d2d5c7ee772bb61c6fb79dcbe42
GVLiD\healthy\healthy582.jpg,c0f11321d4ac84fdd170c80e9c46393ac7710c12fb0ec9a715d70ce1b9821e9e
GVLiD\healthy\healthy583.jpg,f84cb5563018af0433cde8c9b66b92c3cc3648ba5657898f5557a11714015695
GVLiD\healthy\healthy584.jpg,85bc3139b89368addad820aa0202f00bbdfcc5ff1c65987149cd0fea6694c3d2
GVLiD\healthy\healthy585.jpg,1cbedf3b644369aba8095b719f9be8aa4e1ea693c0f6c5e61024b59e662ded0b
GVLiD\healthy\healthy586.jpg,bdb4e6eda1326aa4a84b1eea802258a4fd495e3f446783b7dc909f9b959022a4
GVLiD\healthy\healthy587.jpg,19842410b2f531f02a112609b485c9f8a06d15114b532c09d7db2dcc6daceddc
GVLiD\healthy\healthy588.jpg,8a2a6c897294f89e4dc00fef8200741e414d15de0e0c4c4ba316ee21f9ac3ac3
GVLiD\healthy\healthy589.jpg,4edcb08e6d1cc29a1666a7836874f7b58477f65bda36062e2dd6769242fa724b
GVLiD\healthy\healthy590.jpg,19ce9f6247717a4fc710c42582b0200327cd8eeaf1963128a6b03fbe5cbd5afe
GVLiD\healthy\healthy591.jpg,1e20a16ae9a6a49750305248cbf1f84af2e632a18878cd6f8b7502b34f9f6d7e
GVLiD\healthy\healthy592.jpg,93719209d725e39f86be7f695132b674d4c03db90a36a2c44429c5b8319a8d32
GVLiD\healthy\healthy593.jpg,eb31fa3111b351abeb306febb0268b74e30070cc4412165b7b2bc46a79e87f67
GVLiD\healthy\healthy594.jpg,5ed631bd6ffcbff33099f60faf3d60c08344544ce0a85fa4ea4b60661c73b427
GVLiD\healthy\healthy595.jpg,58fa8dd5470d4caf8a7bf23e5750f7a26e9a26fc2211bfc9fd081b74179ce837
GVLiD\healthy\healthy596.jpg,52d68407a7ce24e7d04846dc8673ac0fdaacd3da28ca3c988238b68ec2efd57a
GVLiD\healthy\healthy597.jpg,f8db9c9bc8b512e30947d554492e3212b07b2e96e94a064701365cabe2be6f18
GVLiD\healthy\healthy598.jpg,55bdd6b7465c305a1176399b0b3906ceac89036a4b86c71ef6b7c370c23c1033
GVLiD\healthy\healthy599.jpg,546049368e5afde84c0509677eadbb24e4b7d0141b2aa30569a3b8431180ffc4
GVLiD\healthy\healthy600.jpg,1f8ba98bddb465f84be96b598401449051d0511c58b2e84b2e2227b5cd30e8d9
GVLiD\healthy\healthy601.jpg,8c50a44a08a6ae9629e813a1d739540ce00dad94c58bb8c026034ce7cd254b53
GVLiD\healthy\healthy602.jpg,309120e2e961e99eb3457fccde5230a5c50ee259c82af74757d2e91cadad8e7b
GVLiD\healthy\healthy603.jpg,6a4ad182b9bba84b3f336a96cdc1382183a0e6968449877397868325b87cbe04
GVLiD\healthy\healthy604.jpg,49cbe03491dbf24dc931f33461d704c3932fc701cfef9051a064b60baf892ca0
GVLiD\healthy\healthy605.jpg,6c867a795197fad740a05edfe4abd9d93f9b479a4d52deab7bd2a4427a28a9eb
GVLiD\healthy\healthy606.jpg,bb481ca3f7b62de3df7f2685a7ea5532c34d8536468f9ce6b38b7775c7eeb24a
GVLiD\healthy\healthy607.jpg,36c5a47df5bc748712327a8e486e6c89ff12aa440306dd247e103c1e4858bdf0
GVLiD\healthy\healthy608.jpg,5084f07dcb0a8bd7d873ff6f19b5956598c324d496c9fb5e7dafea2cd7231035
GVLiD\healthy\healthy609.jpg,0ed1040beab677d49242687479768025482e46219b065e47c189e8c0231cd233
GVLiD\healthy\healthy610.jpg,438a73b1339924b59fc3d7c2a41ad6e7e50fdf2c680b30200dfda42e66bef80c
GVLiD\healthy\healthy611.jpg,2d9c730db649c4257d33e48ab214fce080dd4e3b011f91489f8ff4bb84bb6c11
GVLiD\healthy\healthy612.jpg,cd407c2de6ee64b283c45c0a663b780fe27e86ba6f604d676455e5e5d73db051
GVLiD\healthy\healthy613.jpg,a515e8d83fc6b8649ab2e5c4473592f95efe0307f5ccd5541d7c1f114719adec
GVLiD\healthy\healthy614.jpg,fec9bc6d5e987fbfc520caa9fdf0e86489ac0396c4b339596cc4e8e6811393ad
GVLiD\healthy\healthy615.jpg,8b82500fc1cd77eee64b57fcb565b4b184d40d8e3a8dccb67c55d8404cd22838
GVLiD\healthy\healthy616.jpg,acd49ec85d3bd14faa4c5fab108f7321bbf5878c25a834446cf96190282a4bf6
GVLiD\healthy\healthy617.jpg,a71d59774795a8daa24d8751309eaf53c3891768f2202d9530969731ddfb4e81
GVLiD\healthy\healthy618.jpg,9ea6c2ff6664a975f6ed51ac26b416a1c5199591c51baa76372362b380df9aa5
GVLiD\healthy\healthy619.jpg,c6c5a52ec236b4b3b3784c57af498e32c309beb7eed573ae3f679503eccdef21
GVLiD\healthy\healthy620.jpg,00b61e66c4273a7233ae2b4b4d5ee484466d716a86404e35e9afef9611f45aa3
GVLiD\healthy\healthy621.jpg,dcc497cc11026d45ccca20172dd42fc87161c0940797edce9b76e48a9a238e7d
GVLiD\healthy\healthy622.jpg,b96ec80587a257505a24c8a91ccbc40e8a73ad99149ecde6011a490d002bbfd5
GVLiD\healthy\healthy623.jpg,b7a4e8814cfb28f72afbc055e5f8c2d25ae1c78c7675e061c0896dfd880d1f9c
GVLiD\healthy\healthy624.jpg,4be0ee6314eec1997698dea488b5e4ce45e11fa557488ab60b6a1b00adaca920
GVLiD\healthy\healthy625.jpg,b73ec77c8fa6ddcea08ba9131809deb3d7b9fdb77755665ee5fbefed90f0723b
GVLiD\healthy\healthy626.jpg,e80d8d5568f80719ab82708111b39bcc7dd8eb63232f5bb0b64ec263346a4c3c
GVLiD\healthy\healthy627.jpg,090233e653a0be5a45fd4b448b690be7f14a676b179b0a8fa0000fd152b999c7
GVLiD\healthy\healthy628.jpg,7c9bca18816f21b5bd258122a674826a67963be3416f571b72809f3379c6c5e9
GVLiD\healthy\healthy629.jpg,f9b59265af65101fb9636a1dfaaae448c707dc02cc4243e15a74a54d218fbb97
GVLiD\healthy\healthy630.jpg,6f70b5bf24f64cdcfecf801741f86708e0fef262630575e67724ae05a5051038
GVLiD\healthy\healthy631.jpg,b9a40684ec6bc15951d084d84ec8811616306d7d73d3864240bff52ee81f2b87
GVLiD\healthy\healthy632.jpg,e221e33407b92c55058671ad3525ca8728572b52b7f0f7130c7fec7f09128170
GVLiD\healthy\healthy633.jpg,62dfe5bb78fb43283c431d9cf941271be5e55fd52205ed7c4273f6e2b3ca9987
GVLiD\healthy\healthy634.jpg,76dd317fa18f9bcf3d53cdf194d71832496793d196a8a4248ed1618d366aec5c
GVLiD\healthy\healthy635.jpg,b45e20f61a339f861be4bd6a407eb1e01eef15c6f437128533f92cd62861a0ca
GVLiD\healthy\healthy636.jpg,ae4f513b8787d854458a49366a855e5fbe7f9d4beafb19657033eec61a121282
GVLiD\healthy\healthy637.jpg,fcbdc2f3e149f73b6337bed2c8e46c61889d280e08faad836d35823cf500ec43
GVLiD\healthy\healthy638.jpg,6d91d7cf53722b05a7f6580d878c898d6df2569c1f1ec7b7f41e663d82680283
GVLiD\healthy\healthy639.jpg,6d91d7cf53722b05a7f6580d878c898d6df2569c1f1ec7b7f41e663d82680283
GVLiD\healthy\healthy640.jpg,a9798021bcb55f81b339e09abafd250372d62c091092b4fcdacf591110a0fcd2
GVLiD\healthy\healthy641.jpg,035940c91746fe9bb2004e889f3152919e798aefd9c816b55a33b0321abac12a
GVLiD\healthy\healthy642.jpg,035940c91746fe9bb2004e889f3152919e798aefd9c816b55a33b0321abac12a
GVLiD\healthy\healthy643.jpg,ad1e82e37cee939dbabe2d6c73b23d70c8a9398c6d425f19e43674b3f81e62dd
GVLiD\healthy\healthy644.jpg,8e2b41d9778b7f59dd0a703d5500c4a8324bb7feee1a5bf8028950c1c29fbcfa
GVLiD\healthy\healthy645.jpg,d3640dc25d5bbc930ecad6d826f3d4da0b4cfdd8f14b62cddeed8f69b15673a9
GVLiD\healthy\healthy646.jpg,945312928dfc93c171837e866c6c3146d433fc9b76b04a32f87591276e5510ed
GVLiD\healthy\healthy647.jpg,24438e02dda7bd4681adc9ea14b5b80c87cf3d3574dd6dfffa2adce84226df0d
GVLiD\healthy\healthy648.jpg,24438e02dda7bd4681adc9ea14b5b80c87cf3d3574dd6dfffa2adce84226df0d
GVLiD\healthy\healthy649.jpg,d1b720f123804159c9464e8998b34421fa5a5c2f2e77dce9762a29e044ee5562
GVLiD\healthy\healthy650.jpg,d1b720f123804159c9464e8998b34421fa5a5c2f2e77dce9762a29e044ee5562
GVLiD\healthy\healthy651.jpg,a1e28ff80d767bccce0ece1e9d4765f2e66b41ab45a711376205cce28dd1a893
GVLiD\healthy\healthy652.jpg,5452c7b4dde7995d74144a6e2bed8605a1c0d25cde8c2362e3c9b9115c2d139d
GVLiD\healthy\healthy653.jpg,e55bf521568b3f71993f1e8861219f8364ddd85e9c379c83c20bc1a62bdb51a5
GVLiD\healthy\healthy654.jpg,0ad5be3db33800d8628dbf31248cd05b021c998032a217a2b44c250c50a4c3d5
GVLiD\healthy\healthy655.jpg,0ad5be3db33800d8628dbf31248cd05b021c998032a217a2b44c250c50a4c3d5
GVLiD\healthy\healthy656.jpg,018026aabf8aa1e525f6854644ee87f04d1a401a676dbbcb57be44837150ee57
GVLiD\healthy\healthy657.jpg,018026aabf8aa1e525f6854644ee87f04d1a401a676dbbcb57be44837150ee57
GVLiD\healthy\healthy658.jpg,b303188a98ee32114d67c2e5c459bcf0e820cf6825817c8d579651dae6857671
GVLiD\healthy\healthy659.jpg,b303188a98ee32114d67c2e5c459bcf0e820cf6825817c8d579651dae6857671
GVLiD\healthy\healthy660.jpg,5021f997766f9c24ff2365b153ce0a55f9694f490e4af703f1cfba0920d786f7
GVLiD\healthy\healthy661.jpg,e1e856998d97d5a1b5625ceb834af6ed1418eb3dde17a88e5a783bb6382898f6
GVLiD\healthy\healthy662.jpg,e1e856998d97d5a1b5625ceb834af6ed1418eb3dde17a88e5a783bb6382898f6
GVLiD\healthy\healthy663.jpg,933ef5b74daad0b38ea13d8a4e93ed39d4ab9fb61f2cfc526f260ccb5c315eac
GVLiD\healthy\healthy664.jpg,933ef5b74daad0b38ea13d8a4e93ed39d4ab9fb61f2cfc526f260ccb5c315eac
GVLiD\healthy\healthy665.jpg,4e768657ff4b279986c28fc3e0afc6203920b47654c14b5d758b3bc6ee022783
GVLiD\healthy\healthy666.jpg,da93e8b9d933f70873248668de290864cf0946f6c19d5867e4a6c02be6ece6f8
GVLiD\healthy\healthy667.jpg,c1228a2cda73692950111c75c808c62e844ad2caf9bc1311da4a23c986430035
GVLiD\healthy\healthy668.jpg,60276040f0a7297d4bb88a7d527cab7819e27a867f189a6003a2a08710d9fdf1
GVLiD\healthy\healthy669.jpg,76bd648abb7510b0487f0beffde6b8faa7409898708e85cea00a07db98ddd652
GVLiD\healthy\healthy670.jpg,a41c1cc918a5730cb71d04560ed5129a08e23f55ff3f40437c9704deda27c66b
GVLiD\healthy\healthy671.jpg,a41c1cc918a5730cb71d04560ed5129a08e23f55ff3f40437c9704deda27c66b
GVLiD\healthy\healthy672.jpg,7a51acb21c6255058bd8ce7614b5a26a116f3e93c221f9933d7e92ef96a430fe
GVLiD\healthy\healthy673.jpg,7d63f3271f96241bfa4e0f4f98e502b22ed5b19ce5107efdce47798ccb271d8f
GVLiD\healthy\healthy674.jpg,7d63f3271f96241bfa4e0f4f98e502b22ed5b19ce5107efdce47798ccb271d8f
GVLiD\healthy\healthy675.jpg,68889b972422b18b6b8dced20a1d04516eb9d79e96a537dc4852f94fa4fb2d1e
GVLiD\healthy\healthy676.jpg,68889b972422b18b6b8dced20a1d04516eb9d79e96a537dc4852f94fa4fb2d1e
GVLiD\healthy\healthy677.jpg,428e0ed409a237c0dbdab4bed1ea1826b3d34490da56a981456e445d2aad3f7f
GVLiD\healthy\healthy678.jpg,76aff894f34b7e5902e850413ddba353b7e09b7ba07ec6b11df0c0358c00d0bd
GVLiD\healthy\healthy679.jpg,76aff894f34b7e5902e850413ddba353b7e09b7ba07ec6b11df0c0358c00d0bd
GVLiD\healthy\healthy680.jpg,065562cb6b607fbf8c63dba09d70563f6fabc3a3e639e28a089e6604cb6751e0
GVLiD\healthy\healthy681.jpg,56a328fcb9dcd4108084cd7468fbcf00bf3ed7ef96978e9285fd6358de42b5eb
GVLiD\healthy\healthy682.jpg,5164d724b3a83af2cf9914fea15b735147569a97df7dc6759c6fff5b8016fd9a
GVLiD\healthy\healthy683.jpg,9b7c6731429422d72cdbd2eed682878fc06121f22dfba34fff116163a8699e23
GVLiD\healthy\healthy684.jpg,c16d9acbf20a9edc5f4b08d72a60edfb518994d7548a4aabba8db62ffded34d8
GVLiD\healthy\healthy685.jpg,c6d8d005927250d94d5a424ffa04c78513bfed6827bd0dad3472ee6a8757f1f3
GVLiD\healthy\healthy686.jpg,072a010320d810a09b4020dc4c3469833c1080551fe2d71d945c823d5de7b7b0
GVLiD\healthy\healthy687.jpg,043eb51fe37d93c71acebfcc6c121b1bdd21bbede797228f677ca62eb592af2d
GVLiD\healthy\healthy688.jpg,043eb51fe37d93c71acebfcc6c121b1bdd21bbede797228f677ca62eb592af2d
GVLiD\healthy\healthy689.jpg,a990dfd6a61c2249f230b9418dddebef085eabc9b2aee44447b9de4707ad8e9e
GVLiD\healthy\healthy690.jpg,e2381b91ab62059655af8c2af5d85f93abeb0361904bd4147e14306ea5b6684e
GVLiD\healthy\healthy691.jpg,d137da617cf927ba14ecd4611c2764435fe68b53127c603cde1a9c1bc1a8ee80
GVLiD\healthy\healthy692.jpg,4cb52f6b6663075f56b0a4b94177080bd24d6f208d1cace7e72fe809dd9c58a8
GVLiD\healthy\healthy693.jpg,57247b8a371b0361106db256d490a435bb274a9dd785a19c4acb1e84f86fe397
GVLiD\healthy\healthy694.jpg,57247b8a371b0361106db256d490a435bb274a9dd785a19c4acb1e84f86fe397
GVLiD\healthy\healthy695.jpg,60705f5fd8fb092d33a7427ebf11fb5e9668b7b9fe6fcf73ce3a92773fad21b1
GVLiD\healthy\healthy696.jpg,69b692f7fbc83554eaaf3984ea1195ee5d6de74a3b7d4b8700383a12fb5f0814
GVLiD\healthy\healthy697.jpg,ef803ee5851f445d397dc347e9f1fa397ddf5241567dfaf7f837fcf4c4d28379
GVLiD\healthy\healthy698.jpg,750683404993a45c71bc8609ae969700703cdd90736234ee790d9df72fbb01eb
GVLiD\healthy\healthy699.jpg,53df07a8c4f5bf2266b70347e404bc754c1595e7880771955d2c31880b8c0a0a
GVLiD\healthy\healthy700.jpg,4c32812234f00cd7b3182d3da65713786674b29a6d9362bfb81b92ed1a30fa07
GVLiD\healthy\healthy701.jpg,1c99aa25fdeac4f8a39428c0e60e2e532181d6cb9cd1e438cf57c0d7791dd647
GVLiD\healthy\healthy702.jpg,75f573fb230540b383b121ec95f34861e76a909dbe45d70446e055bfd703a3b8
GVLiD\healthy\healthy703.jpg,3e576b954b0c70a93d20c19b2da4cc3d97c0bd84defa7c6f5954d291ccdcd667
GVLiD\healthy\healthy704.jpg,3e576b954b0c70a93d20c19b2da4cc3d97c0bd84defa7c6f5954d291ccdcd667
GVLiD\healthy\healthy705.jpg,bd35b00d7bc720923d7ae2f88dc78165f3e4c6a6de9d44ef20c19f4853c933a3
GVLiD\healthy\healthy706.jpg,9019657eb4a1f20bbaf6c2d0d93404aeb7266d671a92553e586ed1040bbe9fd5
GVLiD\healthy\healthy707.jpg,bf2e3b4ac023d782f14c4ed46360cfe983da97c052913a8e0eb364bc82652fe7
GVLiD\healthy\healthy708.jpg,8dffa786a07b06addf669f9d81ed30e2f1b8ea6651c02dc817df33bd3ad1706b
GVLiD\healthy\healthy709.jpg,b20347b2f3d36b11fc5f82975d658a52c4ab9e28f2f3221814194a57014d645d
GVLiD\healthy\healthy710.jpg,dba27491a0ff3f2cbacf842db831a2728f11ccb0520240b982e6fb2ea7f7bd0d
GVLiD\healthy\healthy711.jpg,7e737c43a7cefbebffd66e50995b86b707f4522a4931feea1cdba5e6457da327
GVLiD\healthy\healthy712.jpg,c7feb94ad89e184f856ebd11b93d7e4df78119847aadd7d41b81e734694b0400
GVLiD\healthy\healthy713.jpg,8ae9f4a60bc4732c92e48baac60d88fe5a89e79e49d60cf44b86c3121f5ce61d
GVLiD\healthy\healthy714.jpg,f6ea7c11d334a3df91db04f75834c73e63c109e5f1b3ae9b2f1a7d087155a8b4
GVLiD\healthy\healthy715.jpg,c411affec7a8ae4a8411321999b432f45fbb3741b0d4f0ab8bea38e5dee7618f
GVLiD\healthy\healthy716.jpg,ac9a6bee961332f470a9d07de3ad5ba752730e980c812ba44dd3730de91594bc
GVLiD\healthy\healthy717.jpg,cb0c0f8582ecaa653bf29463a8ad8285a3e0ff7f89629c317eaa57b896d87e84
GVLiD\healthy\healthy718.jpg,a6db013e31cd9db8ad7b0ba83b982b00f4fa964c329ba345c6f222de720f4325
GVLiD\healthy\healthy719.jpg,31dab9f7ca64fef23ee2f1945a779f9535258ba5300b69e03214fb63a0047460
GVLiD\healthy\healthy720.jpg,741c26ddf0777b13d7c948438c7cdf9ccf7b9138ba30480c1717253d7ee22f16
GVLiD\healthy\healthy721.jpg,d7bf56d24d6093931061b02cb357c7438e9f4c05dd4f474ac972b219a2c1dc2b
GVLiD\healthy\healthy722.jpg,9d3cf0ae2dbdd61402cd102182ddb704cd0a80eaca13a20807556c9b6801cd3d
GVLiD\healthy\healthy723.jpg,9bfcfbcc8cb11e63541e8a40621b95845e1e02dfe29f66e5220309ac7db93a0f
GVLiD\healthy\healthy724.jpg,0e3761af65bdfe97cdd94992b7c5e8f23d65d1982dcd27abc8f8a032e45fa9e3
GVLiD\healthy\healthy725.jpg,ea101f2e601ce7bfb9ccb70e8818093874e5afecc1461735c7c26eb61e7ed4c7
GVLiD\healthy\healthy726.jpg,b0ab0a1b628cc9cd7eb546e6be420127b08c6a5434f3d0032de2db131e3bcebc
GVLiD\healthy\healthy727.jpg,a8b0964375906225f3fbc3698788454297c2dd0c627ac6ee9948c630a61ef0be
GVLiD\healthy\healthy728.jpg,13e92ac799d2e7c4664ee062ce3c7fff0abd1ba0d937ad757cf0e08651afc704
GVLiD\healthy\healthy729.jpg,98e4c71e7cccd993b5f8584416af175f706f7f9cdd447611e8b7a58fe160e44e
GVLiD\healthy\healthy730.jpg,f6bc023cd480cd3daf87aa67509c811e7d256fdf65b476ff4eb6b92ae356e122
GVLiD\healthy\healthy731.jpg,f9e56dc37eb23ad8d0bc24dc879ec86a5251b7160b2684520faf1e9651b0de62
GVLiD\healthy\healthy732.jpg,14d086f408f28e7d68f415b92d3a9f981c6a139fc42790cdb0c8a8777013fdd9
GVLiD\healthy\healthy733.jpg,f9e9012acb9d1d4d04894f19d5e20a84ddf1251ea25fc7effeb849cfd875e0a5
GVLiD\healthy\healthy734.jpg,87a85dfc7f3e54c1e9e66fe484d7a53f0199436623c3169c7e5bd87dcb2e8c5c
GVLiD\healthy\healthy735.jpg,c3da150f41aa53c2cf967d6c6500bf76251d86751286e7612aa48895c471abe0
GVLiD\healthy\healthy736.jpg,68227f62b1234eb5ba142a7fc1c352e9cd8f9ed953670899c9a9ed2879a47435
GVLiD\healthy\healthy737.jpg,796f7711b78f44d82200924b3ee0cb89fc5854b2b55f1db310beb839e511c069
GVLiD\healthy\healthy738.jpg,59d7b4789691536d78b5c720d45b3aee91b8cbee9726a3448587c68732f17308
GVLiD\healthy\healthy739.jpg,3b81d095df389bd6826c75e1d9a03a0c39307d4f55d2aaf9483de415d1d3fbb8
GVLiD\healthy\healthy740.jpg,656b1c3efae85d08b561b75bb0d6e9bd8a800ed85d6ee518e6e725e49b8e313e
GVLiD\healthy\healthy741.jpg,a5ffb938f3b29eba7df74e1210187745ab796e2c996bdc481b69d4e26e76c645
GVLiD\healthy\healthy742.jpg,ad3661efdc42dc978993e992f289edcc01039095b99126c00290bc0851291780
GVLiD\healthy\healthy743.jpg,5f0501eda65a91e376f10bb2a9c0a0bd8776c62259964b751d9294a52701d186
GVLiD\healthy\healthy744.jpg,f975ccf50d759b67d411f53537bd28729496c69ee88ab3f5d89ddd72646ec215
GVLiD\healthy\healthy745.jpg,2d3c15da3efe670e791735f604f5f91a6efc25b54ce838279698c8e12989d0ca
GVLiD\healthy\healthy746.jpg,d5ac0d63b8280240ec4f887ea63c16a1b973977a1cf289b637dec21d2c607922
GVLiD\healthy\healthy747.jpg,271e0af531df22032c7032e412109c8ba6705b6e489f5bfbcf767490f37f452d
GVLiD\healthy\healthy748.jpg,daf4d1c6e5b83871f0876bdefff94508a302c0f482c72b95e9b7b64a8bb1e300
GVLiD\healthy\healthy749.jpg,cb89ef95367b6dd1bd8597593263b9055ecd3f6e9b6206753d0447b90c91d2ec
GVLiD\healthy\healthy750.jpg,458837eaaed7d111f91190a6af9cc9e3351e4ce57af49c64c537f4f1d5f21b5e
GVLiD\healthy\healthy751.jpg,964b26f8fd39bcf8d6086ee301aeb29aa92759538c8af44d7df46c196bd42783
GVLiD\healthy\healthy752.jpg,4990b128444c2e4c0e891997b539e6b892e5f127267c88c896a00fb36cf4ab63
GVLiD\healthy\healthy753.jpg,de5b412ae006a443abc054c774183584121b93ec595265b512a06201ad014e75
GVLiD\healthy\healthy754.jpg,7b261d129df3a90631e02b11db93031054419cea5d4325506ca8a7285702ab30
GVLiD\healthy\healthy755.jpg,275736cccea8eba01c12e339a1838935834abdda10673675e77c6eae37277814
GVLiD\healthy\healthy756.jpg,fc829f2ca9c91598e69d23ba6e0a4b26d018890cf00b1ce6d5e0dc5f628298f1
GVLiD\healthy\healthy757.jpg,a3496af1155910f6d30f47bf9fd3cb0f9c7df42c9597bd2c30081ba093d4b696
GVLiD\healthy\healthy758.jpg,9c6260504e4d2063095800bf039229a3fe04c41ba306ed8988dcf25e27f57f93
GVLiD\healthy\healthy759.jpg,b9dc57278e76ee613b73536e01657838fd9d8004b977724dd45c28d41a9df791
GVLiD\healthy\healthy760.jpg,2816503ba7b3e1986b15fd9dacf7df40ed7a6a7f998c2a2ee3593eb4cb28d9e1
GVLiD\healthy\healthy761.jpg,8b7650a8936abb7c97ccda38c86e6fe714a7cba819d66bb6f9e02cee5cb3b431
GVLiD\healthy\healthy762.jpg,72ccc34342e4c6cdfb37782a5ff623f50e67ed384b9079ea5090867dfb5d74e8
GVLiD\healthy\healthy763.jpg,994902a305f50497eefc23d8294f51adff93420e9ceb3516eae93329c5c7e9ff
GVLiD\healthy\healthy764.jpg,d2ff23fffa2c1ee14f4fb3a30e1712a3c07fd254eef7700267ce693b40f24738
GVLiD\healthy\healthy765.jpg,363001fc49ea05a567ae35bdbbe590d4bb0e144a83bb745a3249c471dcd29f27
GVLiD\healthy\healthy766.jpg,92bdb5c1116d58449b0a8eeee975fb3f5b3aa1e06e0bac7841dca790c3c4e8fb
GVLiD\healthy\healthy767.jpg,8e3085e4055121166bcf4ebf57112650a3394ad33d2307e1691b7c141299dc7b
GVLiD\healthy\healthy768.jpg,b145ab9131dc0883d3ef10b03b0080c15bff0188dfdaa2100f84716d836ee68f
GVLiD\healthy\healthy769.jpg,f4c064a530e8b2146bd97831f33eabef9330f46e3832df0ad33326105e2f7b5b
GVLiD\healthy\healthy770.jpg,373ac21725bdf409ac77504c4e7c59500c8c2b14fee53272653bd0c8ab2cac0a
GVLiD\healthy\healthy771.jpg,418dc89988c8d11a2f1932b85cdf7317c3083cda29280a209cfc7de57629426e
GVLiD\healthy\healthy772.jpg,f08b2e6128c90e60c2a16eb7daedba25aebaa8e106c857771083e56974240b38
GVLiD\healthy\healthy773.jpg,a282ad9790df62155fa2cdd214c1e34fa410443c8fe8d52e44eb6033bef0d0fa
GVLiD\healthy\healthy774.jpg,36751134bfebe4066db8bdc5bae7f4e94612d93dd19932e34dd265e5fef2d302
GVLiD\healthy\healthy775.jpg,ab12cd35cff5d9bb8ee1ee0c4e32b42707741cff7c09795971475992db0ff989
GVLiD\healthy\healthy776.jpg,62a5b79239edf61e6eb62c5943a63795be1bb214e28eb2b8baa594d2f843e969
GVLiD\healthy\healthy777.jpg,a68ce8c8b504da5b375717b800f31d59227dbd9d949c0cd92418f5490cf4938d
GVLiD\healthy\healthy778.jpg,140ec2478941f26527ab0ce5d7140fa9e3261af054442029183aa54a003ff9ea
GVLiD\healthy\healthy779.jpg,17a6775c74edb60b08ca65d4675c57ad965a7e131180fe40ee278f13f522ec1f
GVLiD\healthy\healthy780.jpg,146c19c93243173e5bf95cd8712cb4132ab3d73c5df045617cee7c2b58b5be0a
GVLiD\healthy\healthy781.jpg,e27e299a64873022ac89468dd144d04272a1add4f3c0cb3e1ec58403c0a85ca6
GVLiD\healthy\healthy782.jpg,4b408239a4c57acdd84460f6c9374420709e293c70f3c348c34b79d6749aa174
GVLiD\healthy\healthy783.jpg,32d09adef64fec6feafc42036473e403b0388fca8b65e22f576ff99c9b060aa6
GVLiD\healthy\healthy784.jpg,0c788b668caad99c1abd89feb636b9c229b9495e26cf642e415d5ebf5d3be5b9
GVLiD\healthy\healthy785.jpg,11a8c48e2df56e8d3f180a71b405985f5072a624e1de53806b958ee84a547f9f
GVLiD\healthy\healthy786.jpg,12a3e9509d907ca73f8eb49a24b1f1179de9c79932687aa5c8406a5896cf1a4a
GVLiD\healthy\healthy787.jpg,36b0e7cb490550b56401f22eab3936bdbc22f5875b709436b7832974b15644d1
GVLiD\healthy\healthy788.jpg,14e215870e31ea5039a272f075c3f915fc3ced7b7994d6df1b937df0352a4fcd
GVLiD\healthy\healthy789.jpg,219abdcd33be5acf1cfb7f1386e5237387a94c474d1bba577de5a4c5d9d769f2
GVLiD\healthy\healthy790.jpg,57e0a81bf256a89834559b339c17833956ec40c9262b02e1fb7fbb2d8e039fc6
GVLiD\healthy\healthy791.jpg,ce334279e6fca3519bcb5b29d2a76e1cdc1a3a616a4707bbd672217a3f4ba4ce
GVLiD\healthy\healthy792.jpg,bc15235ce6875644b003ab6a0acf6fe769cf50b0f4e3bfb31f060ea1e58c6f2c
GVLiD\healthy\healthy793.jpg,35c1576df1104f8b843e4e668947bf5aef9718d83ab08df9e0b38bcbec267cab
GVLiD\healthy\healthy794.jpg,91ae3fdf5fb2ee9ea9e48281b47a5a775ea41b20330ce55e812fe904d1b7c69e
GVLiD\healthy\healthy795.jpg,de031ef7f0a6620d2636d6ca76462b865038469a85eeb79e21305d6be0e3d4d9
GVLiD\healthy\healthy796.jpg,7ba9762688cccceb2bd416c62dcafa8bbb5407ef93525af0ba8cc9c72fdb5ca8
GVLiD\healthy\healthy797.jpg,a2461a273db6a29f33a3163af3b16718f7ba5ace2352d498ecdcf237a842aaf1
GVLiD\healthy\healthy798.jpg,e1c6341b8767ccfd5e40a4f012c6eb554ff006bfc57cae5ea10870e656eb69dc
GVLiD\healthy\healthy799.jpg,25a0565c67781fa484de39564ec268f11facf67c58ce834433d2c8a89e97a72c
GVLiD\healthy\healthy800.jpg,4e8f21c186b9a9742e261f0b93f2bc817026f6a5edfe7336db7bc628e30030ce
GVLiD\healthy\healthy801.jpg,52d4fc906e14566a314b1c80271ba1919da79d5154c99880fe9e503f5dcf7570
GVLiD\healthy\healthy802.jpg,b2ffd7a8d280b93cd5378a4c8ed803a1cb2bce08376446cbec825a969a342411
GVLiD\healthy\healthy803.jpg,167066b7b03ee3114f0c5f75815ec51526533873c9cbb0c79749de3fd175f1ae
GVLiD\healthy\healthy804.jpg,28aeb4d0a0e56c503d756a02ee16e42894626e54d7ab875729e5472f150d5a5c
GVLiD\healthy\healthy805.jpg,e24bc04c623d3e90bee18aaa659c18186a1a5bd2e5b64a884f6e457bda928c19
GVLiD\healthy\healthy806.jpg,820df89d61ca19894cceac4894b5140e412dfde25575045d0b6dd3d29d11371f
GVLiD\healthy\healthy807.jpg,076ed412317fa03c8a01c19e5c06c4fd79dbd702f261a19b429c38533e45758c
GVLiD\healthy\healthy808.jpg,bda16e06f1e903e317846694d5d67a417374cbd7b68826c8b2f80125db7c738a
GVLiD\healthy\healthy809.jpg,31377f129348ead940eb11d2142f07f3a3e6808613f5af86543fe3efa71a7df3
GVLiD\healthy\healthy810.jpg,f8b48f550b2316d66c7ae4c82a8eddbaa9cccf0fbafef6657ec07481e450376e
GVLiD\healthy\healthy811.jpg,517e0463496336de1deac1dd9c45c4b39afb2a1b4288ca8f82cae0e152664892
GVLiD\healthy\healthy812.jpg,5f5f67509de2d9bcfd33c8e18439db2f9feea38e6310a80df1d9c90121d36be6
GVLiD\healthy\healthy813.jpg,910bfedb5baa0f31e91a049fc8d5279efdc848155569649e974308788c1d2508
GVLiD\healthy\healthy814.jpg,4f54dd66bdeab916b2714209c18ce725aca2975af991dde38291c45e92534c4f
GVLiD\healthy\healthy815.jpg,f3ec95775638f5b60a28b35af48319687fd047940a3b690895be51505c91d1ce
GVLiD\healthy\healthy816.jpg,7f1f7f79bfdfcae297cfe975c3d34f40ceb4ff152684e8c564d5dd9226033530
GVLiD\healthy\healthy817.jpg,6b0e682c9758baa89761f559cf47051763d23db31785945644c389db0226ad6e
GVLiD\healthy\healthy818.jpg,4553956609acd29bbab5738f5bdadb16977838f0bb7c8d2b8f980f6d646fade6
GVLiD\healthy\healthy819.jpg,f8417fee5836b7a0e88ba76924c99c049d87a50da0daf1603e4251540d87ee63
GVLiD\healthy\healthy820.jpg,18c0f3fb8fa0dc17c6c6162180a039eaabfda90c330288d50bd21bb022510e18
GVLiD\healthy\healthy821.jpg,940340facae194aea99c89b7aad761894feb77f52ea86d530ccceb5e7d3cfa17
GVLiD\healthy\healthy822.jpg,f9eae81a5b785d25bc5caab0d8435b84bebf1571f2e9543632e5646a611bd673
GVLiD\healthy\healthy823.jpg,5755a2de4521bf4f313292acc72f3ed34d8e36ac054fd005fc014bd150bfa1ff
GVLiD\healthy\healthy824.jpg,12d24150db2c3e6b76a6acedb0d8cfc2b12589d2e2b9eda09a14b5579db76be8
GVLiD\healthy\healthy825.jpg,0057983dfe2def0162f4f43ec74136221813ab7bc61a7071e70f5c59f3306fec
GVLiD\healthy\healthy826.jpg,66f845624c029ced89775aee9d8101d2256479c6ac52db638df31d97fa53a765
GVLiD\healthy\healthy827.jpg,e41c3e9837902a1288555507b6e32d50b098f141c7f81bf1555d10b19af92d0b
GVLiD\healthy\healthy828.jpg,bb7347824238d3386e541a67e2b2822da56b9fd4f0f584d6613d72ebaa161cf6
GVLiD\healthy\healthy829.jpg,410e5b58ee1dec9f6033268dbee77f7a59f6a4e1cdf471ec08e05af25634e216
GVLiD\healthy\healthy830.jpg,6baeb5313c8177f18aa67251ecd26707309d628809dfe76ec1f61a282dd8e97c
GVLiD\healthy\healthy831.jpg,a5ee0c9b0f359bf7508c568a3880fe96d18e2ab2940f849a52652d63820931ce
GVLiD\healthy\healthy832.jpg,74aa937a40ded06efbb280d808c0f88390f59cff95d683c667721a5e6eb40979
GVLiD\healthy\healthy833.jpg,10ad94006a1afa2c7be8ee694d2c1cb0c9bdbf5136a6dc3cd6cbc1298c3dc3a5
GVLiD\healthy\healthy834.jpg,cc50388faa9f171173c2a7af90a57ab5234cd840bafd88d74997ffd9364e1510
GVLiD\healthy\healthy835.jpg,69eb0b81757dfb397448134361e98ef6e98b6b15b25baa7036e314f1d3f3970d
GVLiD\healthy\healthy836.jpg,2456e4691730b033ef3f2e500bdbf2f2e97e2303e19ccd8cc4aaffaf242cf56b
GVLiD\healthy\healthy837.jpg,cc9120c244be16aafa968d261b1f50dd2467327e9aeb311dc4e5e71511c344c7
GVLiD\healthy\healthy838.jpg,c15ba894701ef06acca8c2dd5c1becedbe06f8e9d627f972769f9137cabaeec7
GVLiD\healthy\healthy839.jpg,047a22d34eeb94767f55852aa0c9fa38b4cf2dc5e49b36caa4ae159e768e1d60
GVLiD\healthy\healthy840.jpg,7f37e7f35c912e30bf1818aac0d3c61969767fef276ad218bd7ce8ca676c8fa8
GVLiD\healthy\healthy841.jpg,a0d2d53164cf9ea161f2c86f432c15d7a3b0226f5a646fedeb050abaea37c85d
GVLiD\healthy\healthy842.jpg,85abdd3f32696e953cb15a2780ba6cd17c2a97c2466ad5b82be977d249435bb6
GVLiD\healthy\healthy843.jpg,acedec23702938b2c957561a6f7ba75126179ae9be9084d90dd783d72d3e9994
GVLiD\healthy\healthy844.jpg,2574b7e94e7a8837932a76ef348e42caf1eebf08655993f54e0e83a7a417b615
GVLiD\healthy\healthy845.jpg,03d40b0939de952e4e17a37f49d1457e05613e23c70ffe7986c039eab3b2f128
GVLiD\healthy\healthy846.jpg,3501b5089ac28bbfaba3a03122cca8414ee3bd4da73358bf25fa6a7c7f18e3e9
GVLiD\healthy\healthy847.jpg,551bfd8a96d514d797778d904b7fca7af24236989e7c2ae52334e16ccee11643
GVLiD\healthy\healthy848.jpg,9e34a6907c0fe22136719256162a0264fdfef72efe92737036fd1ca0e5ec62f6
GVLiD\healthy\healthy849.jpg,884f34f5d7742e1c2f21d81aa476c2df323d7762de4ee43831d1cea02f910611
GVLiD\healthy\healthy850.jpg,4a0e65531a42bca48d47c56e34ef335a7962e9cd2d8b16654510bd2767967010
GVLiD\healthy\healthy851.jpg,dfcb07bc1fd701fb07155c6429a7b46f9add1850e4c878a921edd4b16951c7c0
GVLiD\healthy\healthy852.jpg,3fedaefac0ac34b9b54006cabc5d537151ac256ced84a23a30b43e90156d830b
GVLiD\healthy\healthy853.jpg,b6b62e68aea61ac8cfb09ebc2df143a029157ce40f46cf909084772c8306d202
GVLiD\healthy\healthy854.jpg,ef0825e4f2b26da5497231d46877f65605a8273ddf07f5d135403ca285860650
GVLiD\healthy\healthy855.jpg,9a8cebba3a8e2a359530f987c384a06408cf23efb013732c2d04061e235afeec
GVLiD\healthy\healthy856.jpg,4825bf7166b44c59182186b2109dbeb8e183daedd1d84c63b90c98c397138098
GVLiD\healthy\healthy857.jpg,d26c3bff510d3adb063ff49e4e6322659ab12d04fe7acb6c0aa23ff3db9111e4
GVLiD\healthy\healthy858.jpg,4125997c9cafb183f9ff42aaf5a400fb235fb4358551d394ec63cc9d650740fe
GVLiD\healthy\healthy859.jpg,b6a7082adfec1fbd7b90292800a597cc960ac328f20dbfb827921abdd253972b
GVLiD\healthy\healthy860.jpg,3f445bf521b693c53100c815001f0b01d3c59076890de2c52d1f33b2b36ce5a9
GVLiD\healthy\healthy861.jpg,4c0e70acfc86439f92e68af8a4114abb85fa6ee04d2c6454e291c25245ca7e60
GVLiD\healthy\healthy862.jpg,080950b3f1d337f8de07ee4733e7693bc7e139b85f2b03c1e0fbaea65ff23e70
GVLiD\healthy\healthy863.jpg,65a31ac979fb04d648a24b77ff8f7561a8ae627deb3e82bde8050abb7f8170e8
GVLiD\healthy\healthy864.jpg,95a97bde6086c025c3118ea526755a9b82063305c87012e0d386568f04dcafb4
GVLiD\healthy\healthy865.jpg,1138afe0b3f8b138015fac7665829716cd7c98341bf36230ab6e11f6ac7d42f7
GVLiD\healthy\healthy866.jpg,7e6f23ff1fcdc34f573c3908b4669e80225b629a8714587ad010ba36c8464a8b
GVLiD\healthy\healthy867.jpg,777ec62f6d5d4136ed8594d0df477bbe79292c7f195bedf5088ed458ebd0308a
GVLiD\healthy\healthy868.jpg,af193f3f9e4b1ae0f5edbc2cf8668412ffc1170c166f2ea9b486a6e32c89b014
GVLiD\healthy\healthy869.jpg,0e9ab91164ab70204210b68dd4da1828599e1901ffd7e5891c00ce5f43d9ab72
GVLiD\healthy\healthy870.jpg,514f0df82a3efd52bf92e625438ef4298ce3c6d661a896bdc840c044288bbfb1
GVLiD\healthy\healthy871.jpg,a1f6cf1511244bcc8565c345cbdccb9fe321009ca917eaff5e4c7a6522bf4063
GVLiD\healthy\healthy872.jpg,d651c53c3c3f732423f527a70d074fe41124893bbeb07ea46b8426345be8f096
GVLiD\healthy\healthy873.jpg,ed5e0592a499e44898f839ec6f7c1fa307d8bc71de59eedb3c9777d22e0e1626
GVLiD\healthy\healthy874.jpg,670a45adf24a39079c3890e7d1e36c22d38cc8bdee457975eb63abd5c760757f
GVLiD\healthy\healthy875.jpg,48dcf12deae753424de12900674bcb08da5c47b06640ed4ae038864c7d98581d
GVLiD\healthy\healthy876.jpg,e62c77160b79a14c4cacaf3e2c31a12c38f954e288a8eb3dd945bb39c3ce638d
GVLiD\healthy\healthy877.jpg,a43646e3037431d05708bebb8acc98f5652342687f75d7a06dd828b84f7279e7
GVLiD\healthy\healthy878.jpg,4a96cf8cea02c2f27acf4c1d3466e6a98528871bba48a5e6e4fc69b994f7c198
GVLiD\healthy\healthy879.jpg,bdfc3c70b56a830e5b76fab61229523705618b18d3d07946cffddaa3c4253117
GVLiD\healthy\healthy880.jpg,fb62ee547e8f229344ea4989af3c23983f8dcf142c205658960dde29a2d68b50
GVLiD\healthy\healthy881.jpg,f615e4fc03b6db6fae4415578cb479747f0907d881299df3274133eb5677abc5
GVLiD\healthy\healthy882.jpg,91ffca157d9e3f3d65b08647461fd881f6eafbf05ff03ddd0c2c5e94529234b6
GVLiD\healthy\healthy883.jpg,d77bc59af723e70491e00c42915b1eb332f69a8a03580827ce9f1bddd8a64720
GVLiD\healthy\healthy884.jpg,05b3d6d39facff8a321093987877e1280a6cfc9ad5dbb7a7af403207e87e44a0
GVLiD\healthy\healthy885.jpg,307b1b4b822940cfaa0cc92e8656c18af2c5d48befe9db9df30e1f0c4861922e
GVLiD\healthy\healthy886.jpg,0569daa69b43ea18a466ef1d7aaaf2cea77264398d25bb4f8ee25ee6aa315011
GVLiD\healthy\healthy887.jpg,18bd408ccfe88af5065b7c8ffadaf5b59141b99b141456a85ae80b73e75937de
GVLiD\healthy\healthy888.jpg,4b301818a4cb2034904803319a042e1e41210f657063487669aadb8e5c9f519d
GVLiD\healthy\healthy889.jpg,4b3f08d82e08613a69f972fdb2872431f8592a9248578367a29964591bf3b626
GVLiD\healthy\healthy890.jpg,e06c5ce5ce27d5b589b07f0e7b03dc89afcb78075ff801e77d95b4b2ca261d48
GVLiD\healthy\healthy891.jpg,526b698faa3fa476f73229216a0785b61433380a6bc1dfc2e9fc7e23ed671173
GVLiD\healthy\healthy892.jpg,9af28db4dff9a8734428db3f6cf0275e82715798e62b58de3be776854ae8a846
GVLiD\healthy\healthy893.jpg,2158181efb694a70b59ab3d8be1a338a02c43e3d796db469204615a7760f3cc0
GVLiD\healthy\healthy894.jpg,dea672c2198dfb6c0e82a6a34e82c1a9284f7023e7ab46590f16964b4aa9eccd
GVLiD\healthy\healthy895.jpg,b2d1eea0f31b9283a48f21461e165dec1efb0d234c6be9ae76e709ff44b3068f
GVLiD\healthy\healthy896.jpg,e7dcef19d8692a6c08f2491f734a14502649812a09ee1214e8161e9717b18544
GVLiD\healthy\healthy897.jpg,9facaf3207cf97d6fc967c63544cecd176962f89abd769e762f93f978c5f817a
GVLiD\healthy\healthy898.jpg,9a0bd321da3edc63e1250f19da6a13f80fe638933ef3463ea2b663343e1e3dc4
GVLiD\healthy\healthy899.jpg,80e2dc9dc83198bf8b31e0d36c53c846d4f03874ca6a4646ed192b145a31f962
GVLiD\healthy\healthy900.jpg,a4529686a5a02e69593c29532ad623cb2eb8dab0e8eb770e8fb23d9f2be2b0d5
GVLiD\healthy\healthy901.jpg,7e72b2385bef84c0920e8d8bacfd7c2f336a7fc0c6cc7e16741d9cb0ae0cd02f
GVLiD\healthy\healthy902.jpg,9bdb7cbcc0c30dce38449970e3ee0db115458d1338ea8871a48449f75c8d8b27
GVLiD\healthy\healthy903.jpg,fa3315a571887d728c174890229b6532a1cb3e7c2e6967ee909585daae44b823
GVLiD\healthy\healthy904.jpg,fccf368b0ac5e23a85c53a8617e16a6c48e1dff0740eb190b084a36a92cfb2f0
GVLiD\healthy\healthy905.jpg,fc2215419f5fe1b67997a61c2303b62982cb3d1417deb538ce58319127a911bf
GVLiD\healthy\healthy906.jpg,d3882a6c81af175b2a863623376d88605f34c43def4f4faea4696a2be8c0af67
GVLiD\healthy\healthy907.jpg,d792b8b3d40a2e41e682b67a34919c43264433e9dac5509f46ab382fe3005722
GVLiD\healthy\healthy908.jpg,97822102729c83fb780ba54ab6479453ab16f68733d767966ce33e40f096d8e3
GVLiD\healthy\healthy909.jpg,7d3885ed371e33be326e6a6b25d20da8324e17e0ac2cc2969538fa346b48fe11
GVLiD\healthy\healthy910.jpg,e4b99d1a1ec0ca0f41919af87bed2275554341c5f0857f39b5e74835b20ef6d8
GVLiD\healthy\healthy911.jpg,465a7055431a33b229d27f08586503b807809832a3083682179064dde9567787
GVLiD\healthy\healthy912.jpg,daf5e2086f0d57804afcdeb9d1df697c70dc70392f3b2f261dcaad766294a66f
GVLiD\healthy\healthy913.jpg,91ecea27566ec5bd830a89c2c56794d1e6c165c8c6a3f2f10813fc984ac2b39e
GVLiD\healthy\healthy914.jpg,df32c4d68a846e39df55400313c69267034dcba5b8a7eea17e9fd69c9fe3d00f
GVLiD\healthy\healthy915.jpg,036a2f0eb413e1beb577e274ced8beac9493a2f5178d6eb3d92f509465ba01ae
GVLiD\healthy\healthy916.jpg,9f4f92956e29ab463c93f5506fff9a56c327c364fc478c88a6585362a07fa77d
GVLiD\healthy\healthy917.jpg,b4f67c886d7e51422d2035679c7112fd6f8d897ef51a203ba90f38131a8817ab
GVLiD\healthy\healthy918.jpg,abcec494600a25847505ff8db5cf0a9e1eb5ae5dded93f23b458b8d67f7107eb
GVLiD\healthy\healthy919.jpg,4de33ba7585d8a983fc2c9ccad71ba7d8b39298b5ccee7bd55468e21a628573a
GVLiD\healthy\healthy920.jpg,b76ab2c6828d188bfb4711d5924cf64311cdca4e1506060f9dc8d8718b12990a
GVLiD\healthy\healthy921.jpg,028ffc1015931dc650415bce237302bef5ca03243d6dfabe9f43dbee2d642d30
GVLiD\healthy\healthy922.jpg,2cc1fff8d58d7a5076992d50d8a559c9a2f1a1b768235790ce56634007bf0cf2
GVLiD\healthy\healthy923.jpg,bfe74d6b8f6942a34d863f688aa5193718bf85eafd23f3b26ed97b51ae7f424a
GVLiD\healthy\healthy924.jpg,74ff41cfefd8e0194ad28b0cfb6cf74ccd359320b29768534dbfdb032cb32840
GVLiD\healthy\healthy925.jpg,aed1dba8a136596508dc19a71a688a024529a8a49c62f33292c79c64540368b1
GVLiD\healthy\healthy926.jpg,3ef0fd1efa6b034ec6e291dd19535d466f09a5c6eba5c784df7fb9f0c065b2cd
GVLiD\healthy\healthy927.jpg,344d4d3ef818fd6d2a9a188c06ddab12d86368cc0589d2b11ee180d9540b346c
GVLiD\healthy\healthy928.jpg,043c75f288dac5f748941540a862d0ec246e253b1ff1917de560df37fe9c22a7
GVLiD\healthy\healthy929.jpg,583fc205c5281dee809cf8c900d004df69b4145f8f4ab1d493533b408544a5e7
GVLiD\healthy\healthy930.jpg,8efe208ff88b26b46992a00d5a368b416b8f4f49b7bf4376564ddbc2a064a48f
GVLiD\healthy\healthy931.jpg,729863eedccf62d95bcbc22596ea7562d9278a867b23f038b7faf3c61270d0c6
GVLiD\healthy\healthy932.jpg,99e3efbeeb6176189c792191c401dced6dd43049db0f605a2ad0574c36c9cb63
GVLiD\healthy\healthy933.jpg,33a1d2dd8e470cbef8f15e25189c7c9560b9d93f8d4d0f5884406d8a6acddb18
GVLiD\healthy\healthy934.jpg,a92b3eba57b36831b5e0fd352aa10dcf291d2e7c7a30f59c116060c6d4b3ab0d
GVLiD\healthy\healthy935.jpg,9bbcc8f013fee57c165fee7d8c10bb2e73acc0a37cc0f8a3119439f03435b2de
GVLiD\healthy\healthy936.jpg,68bff9ccfc9f1a34e0a1ef83ed0d497b58e039b490c0e8c5c69f9d75fe79d17d
GVLiD\healthy\healthy937.jpg,84f752c63ae81f56bff0922ba4e903a46d407be48d6d9f476530503c1e8393cc
GVLiD\healthy\healthy938.jpg,3fc9c810474851b4cbe3773090c3a55d3bee0e31e1fe9521b20cc21ad9497d6b
GVLiD\healthy\healthy939.jpg,a6ee7e5403378eccd56cb60ac4cc86425f22bf582cdedeaf7920c2027ade9bdc
GVLiD\healthy\healthy940.jpg,71a857a089d4f23acc569d2240a2844e88ea2a40e54ee7ca487a88566be51e27
GVLiD\healthy\healthy941.jpg,9cf197b7556ecb2f7f430ee0b01c2b157f37659fa6676e191159e37bea65f9bb
GVLiD\healthy\healthy942.jpg,445a31156d694c148d653d6d051990917e1ea827e9bdbb5b78deb8de326c859b
GVLiD\healthy\healthy943.jpg,a2d61af33b801eefe41002bb79b1bb5d7b5bd9bf8f1a8e90960e1b8e866afe03
GVLiD\healthy\healthy944.jpg,01734b2bf8aa6881344e4960e79bd452df8ae5a1f09e85028dc49b7036e2fb62
GVLiD\healthy\healthy945.jpg,9d62e71a31e0d4787d72b94e4229854b5b177d92096e14a0a064604dd2706e61
GVLiD\healthy\healthy946.jpg,552117bf5fbde0f2b3d205c16e40da1e516514e2d3398cc3813c2bd67d37c4c8
GVLiD\healthy\healthy947.jpg,6561b4c86360813a497a3fe02523742e21bfa0f561c7308ffa7e05c4cdfffad9
GVLiD\healthy\healthy948.jpg,ff8394382135d0942037aa7476da134c204387f8ab69aa5146dc864243d4d218
GVLiD\healthy\healthy949.jpg,9928069b3e8e0b0581f80955c020ce1ff2ed6c8945db6c98bcdf7ba9f362803f
GVLiD\healthy\healthy950.jpg,8e149fee924c3a4d0a4d47074fe17a09e0729576529981be064eb83d11372897
GVLiD\healthy\healthy951.jpg,9fdfb9b869f59ae489407f784dc85d8025bd0723eeb696f420ad285c46bfa42b
GVLiD\healthy\healthy952.jpg,1fbfe422f3f4b146df15d95f6c840e323003925d54189d940a1d542f7a7aa6e3
GVLiD\healthy\healthy953.jpg,10dcc94718af6333055a04b329364860b33f66077de74adf9e8a2b970da35fba
GVLiD\healthy\healthy954.jpg,88ef1446c24d15adac7310f7d0f813d5577cea6bd977e9d59a41d7b509fdcffc
GVLiD\healthy\healthy955.jpg,2318bcabf9756e26e8eb94e3180c87151a0c6d4612b70e19389aa5f0ce29cc80
GVLiD\healthy\healthy956.jpg,69d5e25b86297a0bd37f651baed6f124025620569b5871415e89743f398bf611
GVLiD\healthy\healthy957.jpg,538175609a9388ac9b50949078819ab0128a12787710486214c6d2333a116d16
GVLiD\healthy\healthy958.jpg,ecfc682fcc995b4b52f6c660f991e5eef6beb0104d3d6a68b41a06798dcb7272
GVLiD\healthy\healthy959.jpg,39318132516537d05c721aa51acbcc5e982acd675aa706d3964c95f51c587a72
GVLiD\healthy\healthy960.jpg,c9aef3c8e87d1f30352b71d11283ed827da5ebabef267cb84c78450cf3752327
GVLiD\healthy\healthy961.jpg,908f581a5ec5c823eb051bd9a9f4682d0ba0d62b3f779850b38d47f13b58ff2b
GVLiD\healthy\healthy962.jpg,f8debbdead9f95933aedd5645b142513136c9900027a096a62efccd781d4b78d
GVLiD\healthy\healthy963.jpg,9108600bfc50f497ab7aa4642af1489669bc2db004e30cd0ad97df2b7cd03592
GVLiD\healthy\healthy964.jpg,cc67d08f34ecad5dee96620a4b8382ac60289ac150152efbe6582ff9795e86e7
GVLiD\healthy\healthy965.jpg,3ed7f826eb68903617ee7129dbfa86ef8b8d18b37de9a5db55d6bf2c5e855167
GVLiD\healthy\healthy966.jpg,ca46038edc04c7bbccc14374bb3b2602f29c773671b17133c67adcdbfbb4a047
GVLiD\healthy\healthy967.jpg,04a7ac373ff16af69ea89c7ee88f41c7d35b62184277f7c3e25e9f0946066eb3
GVLiD\healthy\healthy968.jpg,6effcfdc51e553fa32468374fb1b01976ebef412084db40a5d71001d066c3b34
GVLiD\healthy\healthy969.jpg,917ea6544cd9916670a38871436fc4aee76fb4915577673222ce6dbb82b15224
GVLiD\healthy\healthy970.jpg,0fdc32d44f1c772cee554537506e507984c9acb05a23a87fdcc722af9d6efcf7
GVLiD\healthy\healthy971.jpg,fd94e7904b46ac9d060dc16ae91605f787e06accaf710487e655fe421cd32ab3
GVLiD\healthy\healthy972.jpg,c488732d5fe7915d8fea23e0629993745b61c8ff3b65d7a5dca5e2dc23bb83f3
GVLiD\healthy\healthy973.jpg,de115ad8144a18968e3a5dad545616745d18393018ff91fbe686c57f362e09a1
GVLiD\healthy\healthy974.jpg,66448b5a9fe2e51f4ad527160359ea29988be6dff2e90a140d181f1c2ac5a6ec
GVLiD\healthy\healthy975.jpg,a828c572a26f331feae3c585921439da8707fb090aa009434ebe1c40302f2ba8
GVLiD\healthy\healthy976.jpg,22a29e2ed1b91e4661113e4a08ed6ca60446ab398e9a8d0755ddec2391a4de65
GVLiD\healthy\healthy977.jpg,020dae4fdb81a6a370c6f85ff596f5395a1c90a251cbdc6b3c2968a1e143497f
GVLiD\healthy\healthy978.jpg,af622589364add0740bb3bfedcae1289352205c9129d2a70fda97fc44219f7b9
GVLiD\healthy\healthy979.jpg,725b99998c0e87e767ec9ea65aa25f6adb1172d29fed49a64addc550f07eb21f
GVLiD\healthy\healthy980.jpg,fe2bd7da39ec79eca86f927b310a50fc14a2a6b25feebd466343d1316811521b
GVLiD\healthy\healthy981.jpg,f0e42e9424c7bbb926f1410a0ba1c03a160f85f3bf8fb5e1f1780ee934d34af9
GVLiD\healthy\healthy982.jpg,981f436070789a9596d078b64cff14502fab0a4ce5fee3f8f177cd4ea5705b17
GVLiD\healthy\healthy983.jpg,080d4a02faa25fe29f8d6a4947cc8167b3dfc94802080a6ccda8f64aa0a404e9
GVLiD\healthy\healthy984.jpg,b9aa08d6089f336d7bdaab6b2cc8428a4fd96b53bd8a8a36b5d2deae0bac44ca
GVLiD\healthy\healthy985.jpg,9702d38d613c78f8915a555c4cec01fe78ca4d88852a38ca667a2cc471c014a6
GVLiD\healthy\healthy986.jpg,519d6692f6381067ccdaabd39844298bb2907f1220fe574487c46dcf2ed3ce6a
GVLiD\healthy\healthy987.jpg,5a8e665a4afc6af1c30aa3089727688a1ea18a0f3a1b16f0f0a91fe0e6ed385f
GVLiD\healthy\healthy988.jpg,1295b5feb452c1713d87e2a554a45352d8dad4a236bd47953bee7ecd4d158c8d
GVLiD\healthy\healthy989.jpg,335f356d0f4fa5f32b4c66ca54bb5ca7c507153991747ec5cc3b6c561e037a95
GVLiD\healthy\healthy990.jpg,75ed5e96a2ab12776323316e007bf6f865b215a6898fd00e57e45c3a427a5bdc
GVLiD\healthy\healthy991.jpg,9729768bd49d30176c0109134ee4d0886fdd1880b3538403b50832133bffccc1
GVLiD\healthy\healthy992.jpg,ba25ae39d9e85ebe252b6a5eb3aebec9642d63b582183a38c889079aad346f9b
GVLiD\healthy\healthy993.jpg,a27732bb28cff011b2406c9b9b0c5418552a7ae4a722102f5327ee8f09fd943f
GVLiD\healthy\healthy994.jpg,ed8cb0a554eeea2e43bd2ed37238d8c9b6f661f1e741c82f82cb2951d119a776
GVLiD\healthy\healthy995.jpg,0025f8f33a194282991bc37434f87817195d8eeb26668b0302f284df96d476b3
GVLiD\healthy\healthy996.jpg,bde80e0855927998d3cd9d01e9e64d91bad002094ae51f149d031a95f0dba063
GVLiD\healthy\healthy997.jpg,52da758b6bd6286059f9df80ad92329a164857a9213ef078c5af46c539bdc1de
GVLiD\healthy\healthy998.jpg,5c1fdb0433c1df138cda626ffc3d806d462f97afeb60bdf3337bf0a11362f06a
GVLiD\healthy\healthy999.jpg,f2ef3950834f1a759f6c765113a12a70afe187ea0e63bcd760a06676ae1bb610
GVLiD\leaf blight\leaf blight001.jpg,a0071630456430be21aae2d077db819126263c89db5f1cd9e61a23ec0ca92bfb
GVLiD\leaf blight\leaf blight002.jpg,a0071630456430be21aae2d077db819126263c89db5f1cd9e61a23ec0ca92bfb
GVLiD\leaf blight\leaf blight003.jpg,f51279f62e349f2b66f99b87487fb79c98f6f0d7bbb683b060b17ab77a68c265
GVLiD\leaf blight\leaf blight004.jpg,f51279f62e349f2b66f99b87487fb79c98f6f0d7bbb683b060b17ab77a68c265
GVLiD\leaf blight\leaf blight005.jpg,312948fae8714560556eb85864c12f8f37032a4e1d21e68865bf1bf41fcd476f
GVLiD\leaf blight\leaf blight006.jpg,312948fae8714560556eb85864c12f8f37032a4e1d21e68865bf1bf41fcd476f
GVLiD\leaf blight\leaf blight007.jpg,5c625fde841fe5d92f2426fe02dbd995d800250255b2ca0ceb767aedb1a142a1
GVLiD\leaf blight\leaf blight008.jpg,5c625fde841fe5d92f2426fe02dbd995d800250255b2ca0ceb767aedb1a142a1
GVLiD\leaf blight\leaf blight009.jpg,ad42f345d00707dbdbaf26679a9820c8fe1f665802425a7e9ac3184ce57fee3b
GVLiD\leaf blight\leaf blight010.jpg,ad42f345d00707dbdbaf26679a9820c8fe1f665802425a7e9ac3184ce57fee3b
GVLiD\leaf blight\leaf blight011.jpg,7e68c8aedd560978439ce0f264853a38e4d6f846d02c81da57054eb7fc80a91d
GVLiD\leaf blight\leaf blight012.jpg,7e68c8aedd560978439ce0f264853a38e4d6f846d02c81da57054eb7fc80a91d
GVLiD\leaf blight\leaf blight013.jpg,a8379cd23696d5dcdfef9ff7118c3753f12fcf9a1d9026ac5e5794de370c5e9b
GVLiD\leaf blight\leaf blight014.jpg,a8379cd23696d5dcdfef9ff7118c3753f12fcf9a1d9026ac5e5794de370c5e9b
GVLiD\leaf blight\leaf blight015.jpg,efafafc150c925c8474e06277f8cd0cd7ce45e3927fa014a4c90b744b02f8ce2
GVLiD\leaf blight\leaf blight016.jpg,efafafc150c925c8474e06277f8cd0cd7ce45e3927fa014a4c90b744b02f8ce2
GVLiD\leaf blight\leaf blight017.jpg,54a1de3c0bab4a6af673cef8c234dd02802241a51fc3dba25017eab046af8313
GVLiD\leaf blight\leaf blight018.jpg,54a1de3c0bab4a6af673cef8c234dd02802241a51fc3dba25017eab046af8313
GVLiD\leaf blight\leaf blight019.jpg,f53254c0df4139c9042709f6aa7e89cbc015b53446e68e803fc02c89f5fb88ff
GVLiD\leaf blight\leaf blight020.jpg,f53254c0df4139c9042709f6aa7e89cbc015b53446e68e803fc02c89f5fb88ff
GVLiD\leaf blight\leaf blight021.jpg,af984c25626aac085224f070e943d60c1c260126f92c23ea129eace6dfe42ea2
GVLiD\leaf blight\leaf blight022.jpg,af984c25626aac085224f070e943d60c1c260126f92c23ea129eace6dfe42ea2
GVLiD\leaf blight\leaf blight023.jpg,1a8eddb4dbb470c56889783fa4bf07436be98349a6a677e077b2eef64c074490
GVLiD\leaf blight\leaf blight024.jpg,1a8eddb4dbb470c56889783fa4bf07436be98349a6a677e077b2eef64c074490
GVLiD\leaf blight\leaf blight025.jpg,433971c2cec47b47cfecda6f62ce013d76afbedf8666e1a400ea91d919351a26
GVLiD\leaf blight\leaf blight026.jpg,433971c2cec47b47cfecda6f62ce013d76afbedf8666e1a400ea91d919351a26
GVLiD\leaf blight\leaf blight027.jpg,483f7c22740c60cd96ea2b3f822c91823b2e183e41f658d62527dcefb65a8373
GVLiD\leaf blight\leaf blight028.jpg,483f7c22740c60cd96ea2b3f822c91823b2e183e41f658d62527dcefb65a8373
GVLiD\leaf blight\leaf blight029.jpg,88b88ebaa669d2760df9fb0f5334ca4e972defcd1e7abcfe58cdbfe17d4f3c60
GVLiD\leaf blight\leaf blight030.jpg,88b88ebaa669d2760df9fb0f5334ca4e972defcd1e7abcfe58cdbfe17d4f3c60
GVLiD\leaf blight\leaf blight031.jpg,c6d9d0ee445dcf57dc136d6e6b8706ec62e64682db50d5676169560f7ecc0c1b
GVLiD\leaf blight\leaf blight032.jpg,c6d9d0ee445dcf57dc136d6e6b8706ec62e64682db50d5676169560f7ecc0c1b
GVLiD\leaf blight\leaf blight033.jpg,0b24bb01a3f7b7fa3409a1ba0dc9ebb64b7fae93cbb11a95b9921273528c6238
GVLiD\leaf blight\leaf blight034.jpg,0b24bb01a3f7b7fa3409a1ba0dc9ebb64b7fae93cbb11a95b9921273528c6238
GVLiD\leaf blight\leaf blight035.jpg,91420c196ee3b2b7cda1cf8264aaaf47e61692f6f8cba15d3c44edc3a7a15781
GVLiD\leaf blight\leaf blight036.jpg,91420c196ee3b2b7cda1cf8264aaaf47e61692f6f8cba15d3c44edc3a7a15781
GVLiD\leaf blight\leaf blight037.jpg,8f6e109daab811566b559442ca6261c194d68323d0ecdec5032cd9d492deabfc
GVLiD\leaf blight\leaf blight038.jpg,8f6e109daab811566b559442ca6261c194d68323d0ecdec5032cd9d492deabfc
GVLiD\leaf blight\leaf blight039.jpg,86635dbb80fe59aa051747b7fb0c6482ddab3334b46601ada2c0d47cefea44df
GVLiD\leaf blight\leaf blight040.jpg,86635dbb80fe59aa051747b7fb0c6482ddab3334b46601ada2c0d47cefea44df
GVLiD\leaf blight\leaf blight041.jpg,79d1a7141e089e6e9373444e8251c107f07a4936bbcce46e88d79237a4e028cb
GVLiD\leaf blight\leaf blight042.jpg,79d1a7141e089e6e9373444e8251c107f07a4936bbcce46e88d79237a4e028cb
GVLiD\leaf blight\leaf blight043.jpg,b52a83c8d39d4f8b9247f6cc164c9a040e5c35545a7c4ca5f8c05e64ad8d805f
GVLiD\leaf blight\leaf blight044.jpg,b52a83c8d39d4f8b9247f6cc164c9a040e5c35545a7c4ca5f8c05e64ad8d805f
GVLiD\leaf blight\leaf blight045.jpg,72e0e796ee267e7f7fdca92b09bd5d162e63d33afadd480dcc6f9e3cb6368c47
GVLiD\leaf blight\leaf blight046.jpg,72e0e796ee267e7f7fdca92b09bd5d162e63d33afadd480dcc6f9e3cb6368c47
GVLiD\leaf blight\leaf blight047.jpg,82d213a2ab43ce85dba78176e6022107b4289d7b1800381e40b1036a73d685cb
GVLiD\leaf blight\leaf blight048.jpg,82d213a2ab43ce85dba78176e6022107b4289d7b1800381e40b1036a73d685cb
GVLiD\leaf blight\leaf blight049.jpg,6ecc4c22ba09610a52fed2c8c2cc76f47f02405318328321854693da559d37bf
GVLiD\leaf blight\leaf blight050.jpg,6ecc4c22ba09610a52fed2c8c2cc76f47f02405318328321854693da559d37bf
GVLiD\leaf blight\leaf blight051.jpg,b1b3f92ae2b12226e28fdaa73af11f3a61ec7c8ed2e5e81af1d10d669ef0aa40
GVLiD\leaf blight\leaf blight052.jpg,b1b3f92ae2b12226e28fdaa73af11f3a61ec7c8ed2e5e81af1d10d669ef0aa40
GVLiD\leaf blight\leaf blight053.jpg,a98c1d27d5d19dddd8ab83139facd8607ed8b8920d81cec36bb94c8cbab373b2
GVLiD\leaf blight\leaf blight054.jpg,a98c1d27d5d19dddd8ab83139facd8607ed8b8920d81cec36bb94c8cbab373b2
GVLiD\leaf blight\leaf blight055.jpg,5d06f57b6c725eb32da8e597c0ccee94cd9c8ce5578da340484dded8cd85b5bf
GVLiD\leaf blight\leaf blight056.jpg,5d06f57b6c725eb32da8e597c0ccee94cd9c8ce5578da340484dded8cd85b5bf
GVLiD\leaf blight\leaf blight057.jpg,7b69bc08a0d3b2ae71539e2192c1d1a2ab268a7012db2a79dae074bf6a04021f
GVLiD\leaf blight\leaf blight058.jpg,7b69bc08a0d3b2ae71539e2192c1d1a2ab268a7012db2a79dae074bf6a04021f
GVLiD\leaf blight\leaf blight059.jpg,3ccb890aae78db81398f952e09384fb7d317af89abaa0f26ce7796026ec6cb16
GVLiD\leaf blight\leaf blight060.jpg,3ccb890aae78db81398f952e09384fb7d317af89abaa0f26ce7796026ec6cb16
GVLiD\leaf blight\leaf blight061.jpg,ddac8a620270227d3920a63daf9a13ce73eafbf8c5a0ca5ce7bf2508e1310160
GVLiD\leaf blight\leaf blight062.jpg,ddac8a620270227d3920a63daf9a13ce73eafbf8c5a0ca5ce7bf2508e1310160
GVLiD\leaf blight\leaf blight063.jpg,77e5f3858d1b9c50960bc14810cc6607758caacfcaddf0c5ac33fdfc4adabb0f
GVLiD\leaf blight\leaf blight064.jpg,77e5f3858d1b9c50960bc14810cc6607758caacfcaddf0c5ac33fdfc4adabb0f
GVLiD\leaf blight\leaf blight065.jpg,1e84c5e7f8c2b209f4a3589c3bb950f96aa04c64e3b64ce728358e98f6ea7614
GVLiD\leaf blight\leaf blight066.jpg,1e84c5e7f8c2b209f4a3589c3bb950f96aa04c64e3b64ce728358e98f6ea7614
GVLiD\leaf blight\leaf blight067.jpg,c184897ac281a5f2c086fac031557acc9164c21426e703fc518196e4eeaa5d9e
GVLiD\leaf blight\leaf blight068.jpg,c184897ac281a5f2c086fac031557acc9164c21426e703fc518196e4eeaa5d9e
GVLiD\leaf blight\leaf blight069.jpg,2e5b335b7530a3fe792722dd67671520f352b67966867d6244541fc06c8242dd
GVLiD\leaf blight\leaf blight070.jpg,2e5b335b7530a3fe792722dd67671520f352b67966867d6244541fc06c8242dd
GVLiD\leaf blight\leaf blight071.jpg,512705f4dab0004aafdc4ab728d4e1b2b38e76f39ec8e280270cb1aabf310923
GVLiD\leaf blight\leaf blight072.jpg,512705f4dab0004aafdc4ab728d4e1b2b38e76f39ec8e280270cb1aabf310923
GVLiD\leaf blight\leaf blight073.jpg,b1c192d0ce5b2dea6b541f533f968d40d5ed5a3a9232f415f708e5bacc3a07a0
GVLiD\leaf blight\leaf blight074.jpg,b1c192d0ce5b2dea6b541f533f968d40d5ed5a3a9232f415f708e5bacc3a07a0
GVLiD\leaf blight\leaf blight075.jpg,a9f17ddc9e9b68557698e31291a9c71ef06b8a92e4c5a1ce87ba79fabb21433e
GVLiD\leaf blight\leaf blight076.jpg,a9f17ddc9e9b68557698e31291a9c71ef06b8a92e4c5a1ce87ba79fabb21433e
GVLiD\leaf blight\leaf blight077.jpg,aebddce8cea695bbb7b24d03c986d414f469d0055f3e46aa834ac0a14bc93618
GVLiD\leaf blight\leaf blight078.jpg,aebddce8cea695bbb7b24d03c986d414f469d0055f3e46aa834ac0a14bc93618
GVLiD\leaf blight\leaf blight079.jpg,bb46620ab7c0c29ca3c314d28798f518353c983caf9e9b72d5cd1f65d5aa7c2d
GVLiD\leaf blight\leaf blight080.jpg,bb46620ab7c0c29ca3c314d28798f518353c983caf9e9b72d5cd1f65d5aa7c2d
GVLiD\leaf blight\leaf blight081.jpg,d82c3c3447ca7200b074c5fd5912866e39139daa7d50394650a370588dbcd97b
GVLiD\leaf blight\leaf blight082.jpg,d82c3c3447ca7200b074c5fd5912866e39139daa7d50394650a370588dbcd97b
GVLiD\leaf blight\leaf blight083.jpg,332d7ebf1f0167db6212ea9cd0a95b9a822ad53157687a73ba6f8f3760d7bb38
GVLiD\leaf blight\leaf blight084.jpg,332d7ebf1f0167db6212ea9cd0a95b9a822ad53157687a73ba6f8f3760d7bb38
GVLiD\leaf blight\leaf blight085.jpg,cfafed900838981ad07bc009dee17dc4e9efe266956d6501796bf5eb470d3e48
GVLiD\leaf blight\leaf blight086.jpg,cfafed900838981ad07bc009dee17dc4e9efe266956d6501796bf5eb470d3e48
GVLiD\leaf blight\leaf blight087.jpg,dffaed8dd25bd24f4126cc63eb1caedf66bce429b67ea08491d462c05c87cee5
GVLiD\leaf blight\leaf blight088.jpg,dffaed8dd25bd24f4126cc63eb1caedf66bce429b67ea08491d462c05c87cee5
GVLiD\leaf blight\leaf blight089.jpg,fcfb54be54a44e85f3e68463b2d064735cdcd862fbfde847b66228c2871469d4
GVLiD\leaf blight\leaf blight090.jpg,fcfb54be54a44e85f3e68463b2d064735cdcd862fbfde847b66228c2871469d4
GVLiD\leaf blight\leaf blight091.jpg,5b578f0fc8634cd03ea1270f7c6bf118a8209882fa8129ea47770a79074503bb
GVLiD\leaf blight\leaf blight092.jpg,5b578f0fc8634cd03ea1270f7c6bf118a8209882fa8129ea47770a79074503bb
GVLiD\leaf blight\leaf blight093.jpg,acbffc89a6511f1a1650aaec5e19af0ccd655dd896599f78a4391840591131cd
GVLiD\leaf blight\leaf blight094.jpg,acbffc89a6511f1a1650aaec5e19af0ccd655dd896599f78a4391840591131cd
GVLiD\leaf blight\leaf blight095.jpg,2dd4b58df4b69195a64e4e4924352256cf5b3fd711f0125c5ba74ae9b02a6aa3
GVLiD\leaf blight\leaf blight096.jpg,2dd4b58df4b69195a64e4e4924352256cf5b3fd711f0125c5ba74ae9b02a6aa3
GVLiD\leaf blight\leaf blight097.jpg,e610badd697220dccb457cde31caafd95f4928e8a4f66b85a3e8b140b1a886c4
GVLiD\leaf blight\leaf blight098.jpg,e610badd697220dccb457cde31caafd95f4928e8a4f66b85a3e8b140b1a886c4
GVLiD\leaf blight\leaf blight099.jpg,4918131d2ae9d1dbc8c337d7e46d8ed07bfc954edb4644e9fb2bb131f0cfe77c
GVLiD\leaf blight\leaf blight100.jpg,4918131d2ae9d1dbc8c337d7e46d8ed07bfc954edb4644e9fb2bb131f0cfe77c
GVLiD\leaf blight\leaf blight101.jpg,f9d68038ddb10ee3e45c7c5bdb225475682931a2ada921e655434c8893072e9c
GVLiD\leaf blight\leaf blight102.jpg,f9d68038ddb10ee3e45c7c5bdb225475682931a2ada921e655434c8893072e9c
GVLiD\leaf blight\leaf blight103.jpg,2d2dce15b86b7095f7fa6b346e8166ff5ce78be1871b4095db4d2dc76c3a66fd
GVLiD\leaf blight\leaf blight104.jpg,2d2dce15b86b7095f7fa6b346e8166ff5ce78be1871b4095db4d2dc76c3a66fd
GVLiD\leaf blight\leaf blight105.jpg,53a41eaf9e4c9e199e51f673ec1661392c5f5023a546e6736af991eadc6d325b
GVLiD\leaf blight\leaf blight106.jpg,53a41eaf9e4c9e199e51f673ec1661392c5f5023a546e6736af991eadc6d325b
GVLiD\leaf blight\leaf blight107.jpg,82c787db8f5a39a69eebd426aeaac86edf5a62f9d43cf77f2c03f5fd5cf5a49d
GVLiD\leaf blight\leaf blight108.jpg,82c787db8f5a39a69eebd426aeaac86edf5a62f9d43cf77f2c03f5fd5cf5a49d
GVLiD\leaf blight\leaf blight109.jpg,11a94f31eef55e6e0ad6e3141fb880d948ebe2d640b82ffc42c169ae68e5b696
GVLiD\leaf blight\leaf blight110.jpg,11a94f31eef55e6e0ad6e3141fb880d948ebe2d640b82ffc42c169ae68e5b696
GVLiD\leaf blight\leaf blight111.jpg,2f7f871d6824287705530f51a3ca6fae5a2c6754f75b74b6d94c3dd5ca6a4498
GVLiD\leaf blight\leaf blight112.jpg,2f7f871d6824287705530f51a3ca6fae5a2c6754f75b74b6d94c3dd5ca6a4498
GVLiD\leaf blight\leaf blight113.jpg,38101b9db737a95e1b8cabd8de0b43a65b609da94704351bf397a3315dfbbd5c
GVLiD\leaf blight\leaf blight114.jpg,38101b9db737a95e1b8cabd8de0b43a65b609da94704351bf397a3315dfbbd5c
GVLiD\leaf blight\leaf blight115.jpg,350410d31198de15df8e7bac962975356122c71460a2012762deaeff4f3b6495
GVLiD\leaf blight\leaf blight116.jpg,350410d31198de15df8e7bac962975356122c71460a2012762deaeff4f3b6495
GVLiD\leaf blight\leaf blight117.jpg,756fd33bfed57a6227d3fbc2aa8cfcc37d62866ffd2833630bddf9b7082e2cf0
GVLiD\leaf blight\leaf blight118.jpg,756fd33bfed57a6227d3fbc2aa8cfcc37d62866ffd2833630bddf9b7082e2cf0
GVLiD\leaf blight\leaf blight119.jpg,42ff891d095c050ef36b1cd3be61e0b9b35aec035f5cc583c4ceee9ab11655b9
GVLiD\leaf blight\leaf blight120.jpg,42ff891d095c050ef36b1cd3be61e0b9b35aec035f5cc583c4ceee9ab11655b9
GVLiD\leaf blight\leaf blight121.jpg,e408bc410141c4d0ddb8fd494b60df7f3c213582c2aec4650f69b7f97a61eb67
GVLiD\leaf blight\leaf blight122.jpg,e408bc410141c4d0ddb8fd494b60df7f3c213582c2aec4650f69b7f97a61eb67
GVLiD\leaf blight\leaf blight123.jpg,e408bc410141c4d0ddb8fd494b60df7f3c213582c2aec4650f69b7f97a61eb67
GVLiD\leaf blight\leaf blight124.jpg,e408bc410141c4d0ddb8fd494b60df7f3c213582c2aec4650f69b7f97a61eb67
GVLiD\leaf blight\leaf blight125.jpg,f14cce67d8a7fef63074d6f51b7a716f094d7de0b9956f39add7358a2d7bfe0f
GVLiD\leaf blight\leaf blight126.jpg,f14cce67d8a7fef63074d6f51b7a716f094d7de0b9956f39add7358a2d7bfe0f
GVLiD\leaf blight\leaf blight127.jpg,3f502667be9271392ac5fd0f68cfedb9594635544d36f8279f74b8e25f2c894b
GVLiD\leaf blight\leaf blight128.jpg,3f502667be9271392ac5fd0f68cfedb9594635544d36f8279f74b8e25f2c894b
GVLiD\leaf blight\leaf blight129.jpg,e82014fe06a145de68f10dd9ecd25a836ca8559c9e08cbe54b7f6a59c46afcb9
GVLiD\leaf blight\leaf blight130.jpg,e82014fe06a145de68f10dd9ecd25a836ca8559c9e08cbe54b7f6a59c46afcb9
GVLiD\leaf blight\leaf blight131.jpg,9c0bfe8c057cac6b5c3965af8bb6f802270f22b0666d78ae1a187de0c89c5ce9
GVLiD\leaf blight\leaf blight132.jpg,9c0bfe8c057cac6b5c3965af8bb6f802270f22b0666d78ae1a187de0c89c5ce9
GVLiD\leaf blight\leaf blight133.jpg,05db490620f36fac657f4d37122cefe4228d9d9e0b5a266d7a0bfdb6a7460c76
GVLiD\leaf blight\leaf blight134.jpg,05db490620f36fac657f4d37122cefe4228d9d9e0b5a266d7a0bfdb6a7460c76
GVLiD\leaf blight\leaf blight135.jpg,c033c93f1962047707a98aedfc43883952ea49f6d6cf8d9df7b612f2f2ef9d44
GVLiD\leaf blight\leaf blight136.jpg,c033c93f1962047707a98aedfc43883952ea49f6d6cf8d9df7b612f2f2ef9d44
GVLiD\leaf blight\leaf blight137.jpg,98da9130e91d6855b8d7588b033651b8a126319911acd9f0a6ef075e0c8cb8fd
GVLiD\leaf blight\leaf blight138.jpg,98da9130e91d6855b8d7588b033651b8a126319911acd9f0a6ef075e0c8cb8fd
GVLiD\leaf blight\leaf blight139.jpg,1a5b1d3d4c0825c96936d8fcca45dcde22e676ce659b7fe9259d182ae6dfeb33
GVLiD\leaf blight\leaf blight140.jpg,1a5b1d3d4c0825c96936d8fcca45dcde22e676ce659b7fe9259d182ae6dfeb33
GVLiD\leaf blight\leaf blight141.jpg,7ec6498efdbbb7f07977e82a2939ba2724d82d58beac9f3629ac7b56dc86a9b7
GVLiD\leaf blight\leaf blight142.jpg,7ec6498efdbbb7f07977e82a2939ba2724d82d58beac9f3629ac7b56dc86a9b7
GVLiD\leaf blight\leaf blight143.jpg,1350db8d0965e2dc6f6f07a5de020bc3a53479099bde209545cb0d55b998a6cb
GVLiD\leaf blight\leaf blight144.jpg,1350db8d0965e2dc6f6f07a5de020bc3a53479099bde209545cb0d55b998a6cb
GVLiD\leaf blight\leaf blight145.jpg,049a1d13126be9503f6609e77e4cbaad3abd27967a9bc0f2aaddd6f0bcba1f34
GVLiD\leaf blight\leaf blight146.jpg,049a1d13126be9503f6609e77e4cbaad3abd27967a9bc0f2aaddd6f0bcba1f34
GVLiD\leaf blight\leaf blight147.jpg,0426f73b0ce89f4b256850ecba169c734d515c02aac30c0faa1e69e7cc80a855
GVLiD\leaf blight\leaf blight148.jpg,0426f73b0ce89f4b256850ecba169c734d515c02aac30c0faa1e69e7cc80a855
GVLiD\leaf blight\leaf blight149.jpg,2b55c21e94c86d791827b27304cd83dd48cc3611a0641717a2684642ed324e6f
GVLiD\leaf blight\leaf blight150.jpg,2b55c21e94c86d791827b27304cd83dd48cc3611a0641717a2684642ed324e6f
GVLiD\leaf blight\leaf blight151.jpg,257842eaf090153f9750de185143edb53cdb94bea537657343038214f56f3ffa
GVLiD\leaf blight\leaf blight152.jpg,257842eaf090153f9750de185143edb53cdb94bea537657343038214f56f3ffa
GVLiD\leaf blight\leaf blight153.jpg,a670e9683f08d2184c834ca78e53762deab9fca8e8c9dadf3e9ea319690f739b
GVLiD\leaf blight\leaf blight154.jpg,a670e9683f08d2184c834ca78e53762deab9fca8e8c9dadf3e9ea319690f739b
GVLiD\leaf blight\leaf blight155.jpg,00ec1c3b2fc1f029fea7a659862c74c43bb07293e3e2e037ccef9342c07d24b9
GVLiD\leaf blight\leaf blight156.jpg,00ec1c3b2fc1f029fea7a659862c74c43bb07293e3e2e037ccef9342c07d24b9
GVLiD\leaf blight\leaf blight157.jpg,bf80a137190944b1b123c78cbaa8e9ed477c6a734e633290de466a35566e5bdd
GVLiD\leaf blight\leaf blight158.jpg,bf80a137190944b1b123c78cbaa8e9ed477c6a734e633290de466a35566e5bdd
GVLiD\leaf blight\leaf blight159.jpg,467522f266a744f43d05495916e4d6372e2a115fcbf70660072d155faa10ae38
GVLiD\leaf blight\leaf blight160.jpg,467522f266a744f43d05495916e4d6372e2a115fcbf70660072d155faa10ae38
GVLiD\leaf blight\leaf blight161.jpg,c4cd648c8a516849a578b90b3a2b6f5f7ce8dd5439068680895181607ed8fd2a
GVLiD\leaf blight\leaf blight162.jpg,c4cd648c8a516849a578b90b3a2b6f5f7ce8dd5439068680895181607ed8fd2a
GVLiD\leaf blight\leaf blight163.jpg,fba6b6d1abd16b926ad17e0ba4fea9faa97ea070a62411915b326c555b2a4819
GVLiD\leaf blight\leaf blight164.jpg,fba6b6d1abd16b926ad17e0ba4fea9faa97ea070a62411915b326c555b2a4819
GVLiD\leaf blight\leaf blight165.jpg,fc4fc8e4a688a87071c6b8b9bff21d43a691f461a1ad8ea080192c3bbcdb6e41
GVLiD\leaf blight\leaf blight166.jpg,fc4fc8e4a688a87071c6b8b9bff21d43a691f461a1ad8ea080192c3bbcdb6e41
GVLiD\leaf blight\leaf blight167.jpg,51f0d51c45a7a7960af52cd58c84bbfd8ce554c2dcd937c9e6513f4f8f6739ec
GVLiD\leaf blight\leaf blight168.jpg,51f0d51c45a7a7960af52cd58c84bbfd8ce554c2dcd937c9e6513f4f8f6739ec
GVLiD\leaf blight\leaf blight169.jpg,da30d2b12a57b6c6e41ba288a6dab02f4be718c5b6441c8bc9f77348e448248e
GVLiD\leaf blight\leaf blight170.jpg,da30d2b12a57b6c6e41ba288a6dab02f4be718c5b6441c8bc9f77348e448248e
GVLiD\leaf blight\leaf blight171.jpg,c352b8dfd985591ea0779ceac110ccf6fa89c28b24b8ac0604cb913552c83dcc
GVLiD\leaf blight\leaf blight172.jpg,c352b8dfd985591ea0779ceac110ccf6fa89c28b24b8ac0604cb913552c83dcc
GVLiD\leaf blight\leaf blight173.jpg,0c2810b072b5ce0a45520e15c640711ec2621882810754dddf2ffcbba7ba9c1f
GVLiD\leaf blight\leaf blight174.jpg,0c2810b072b5ce0a45520e15c640711ec2621882810754dddf2ffcbba7ba9c1f
GVLiD\leaf blight\leaf blight175.jpg,35aaea3c487977f34a965651c2d2a54c51ccee5bcf3bf09cc2fad4afa39bbf53
GVLiD\leaf blight\leaf blight176.jpg,35aaea3c487977f34a965651c2d2a54c51ccee5bcf3bf09cc2fad4afa39bbf53
GVLiD\leaf blight\leaf blight177.jpg,cc9b9542549ef647dfc1bcf830e7002c7ce1c7aa8841ab28470d38f94650d7da
GVLiD\leaf blight\leaf blight178.jpg,cc9b9542549ef647dfc1bcf830e7002c7ce1c7aa8841ab28470d38f94650d7da
GVLiD\leaf blight\leaf blight179.jpg,9c47c8e5d655f15bd36dd55cfa02fbf11c3451df63240869cdf7c5e1a91f8be8
GVLiD\leaf blight\leaf blight180.jpg,9c47c8e5d655f15bd36dd55cfa02fbf11c3451df63240869cdf7c5e1a91f8be8
GVLiD\leaf blight\leaf blight181.jpg,93a3782f28e9cd7e01e4799de051a5484306fd7df2aaee786be54a3ed4f21dec
GVLiD\leaf blight\leaf blight182.jpg,93a3782f28e9cd7e01e4799de051a5484306fd7df2aaee786be54a3ed4f21dec
GVLiD\leaf blight\leaf blight183.jpg,e98e47bcf65e946e211ea68e34238ea655829d5edec92ab5e27aced77f100b70
GVLiD\leaf blight\leaf blight184.jpg,e98e47bcf65e946e211ea68e34238ea655829d5edec92ab5e27aced77f100b70
GVLiD\leaf blight\leaf blight185.jpg,0bd0fb6ef7ef4bbe14b1e4d711bcc4570aa0bfe8d52b1b4bb0b206af262faf19
GVLiD\leaf blight\leaf blight186.jpg,0bd0fb6ef7ef4bbe14b1e4d711bcc4570aa0bfe8d52b1b4bb0b206af262faf19
GVLiD\leaf blight\leaf blight187.jpg,a474daa9232503264297fc3b12961330636bb85edbe0adcc8147aca08d3cf2cb
GVLiD\leaf blight\leaf blight188.jpg,a474daa9232503264297fc3b12961330636bb85edbe0adcc8147aca08d3cf2cb
GVLiD\leaf blight\leaf blight189.jpg,ae5ef463f2c1aed604dd6322076e5a6c8ca12d28e246b3508ff24e68f144ff0a
GVLiD\leaf blight\leaf blight190.jpg,ae5ef463f2c1aed604dd6322076e5a6c8ca12d28e246b3508ff24e68f144ff0a
GVLiD\leaf blight\leaf blight191.jpg,18677afcbb4cf1140190ab32e5d23c72e20b4c8e2f2e4d7c37df41f5522ef3b4
GVLiD\leaf blight\leaf blight192.jpg,18677afcbb4cf1140190ab32e5d23c72e20b4c8e2f2e4d7c37df41f5522ef3b4
GVLiD\leaf blight\leaf blight193.jpg,8ecfd5bad290cf5ecbfd3153f6c99250d0a518f67a1e62c17c3f7ff301eebfe5
GVLiD\leaf blight\leaf blight194.jpg,8ecfd5bad290cf5ecbfd3153f6c99250d0a518f67a1e62c17c3f7ff301eebfe5
GVLiD\leaf blight\leaf blight195.jpg,fbdd8f53692f3c480d92dc4fdb5a00113419e79b23f6a2d11382e310f88f94d3
GVLiD\leaf blight\leaf blight196.jpg,fbdd8f53692f3c480d92dc4fdb5a00113419e79b23f6a2d11382e310f88f94d3
GVLiD\leaf blight\leaf blight197.jpg,bf2712e79e667bbebe22d1fca70ac131cb7dbe81089aabb1caaa37fb7e902b40
GVLiD\leaf blight\leaf blight198.jpg,bf2712e79e667bbebe22d1fca70ac131cb7dbe81089aabb1caaa37fb7e902b40
GVLiD\leaf blight\leaf blight199.jpg,9d765609b7318ef49b88fd4fe72f7eace526b55a6665a5bbc6936bccc11b641f
GVLiD\leaf blight\leaf blight200.jpg,9d765609b7318ef49b88fd4fe72f7eace526b55a6665a5bbc6936bccc11b641f
GVLiD\leaf blight\leaf blight201.jpg,d611ec1bc5e1a157a618f7f1d780769e26c6cef641293a662cbba532b77bbe3e
GVLiD\leaf blight\leaf blight202.jpg,d611ec1bc5e1a157a618f7f1d780769e26c6cef641293a662cbba532b77bbe3e
GVLiD\leaf blight\leaf blight203.jpg,1020b9ae6928e7b12e76b2b2297ce30357f0faca61e2c020f5bba94cdf9ccd75
GVLiD\leaf blight\leaf blight204.jpg,1020b9ae6928e7b12e76b2b2297ce30357f0faca61e2c020f5bba94cdf9ccd75
GVLiD\leaf blight\leaf blight205.jpg,e68b753abd5985a225bd1f15ee21decc7df069e64faf5a8ba29c8eb9d8a6a615
GVLiD\leaf blight\leaf blight206.jpg,e68b753abd5985a225bd1f15ee21decc7df069e64faf5a8ba29c8eb9d8a6a615
GVLiD\leaf blight\leaf blight207.jpg,36bf0a2e91d44911bc3800d4427fe1026e91d9af01bee36a995a0c7cf05417b3
GVLiD\leaf blight\leaf blight208.jpg,36bf0a2e91d44911bc3800d4427fe1026e91d9af01bee36a995a0c7cf05417b3
GVLiD\leaf blight\leaf blight209.jpg,60e428068de0bdefd897f9834ac2f6b1a12e8c257b0e80582b6812d8584532a2
GVLiD\leaf blight\leaf blight210.jpg,60e428068de0bdefd897f9834ac2f6b1a12e8c257b0e80582b6812d8584532a2
GVLiD\leaf blight\leaf blight211.jpg,3ebfaa3f4644ed359b403ed6d7611c479585001dca48ac81ffc02d1b7cfba9b3
GVLiD\leaf blight\leaf blight212.jpg,3ebfaa3f4644ed359b403ed6d7611c479585001dca48ac81ffc02d1b7cfba9b3
GVLiD\leaf blight\leaf blight213.jpg,2367fc2787fa45a67214e5e09f8a74086fd7ecd560e20f52486703aa6745e840
GVLiD\leaf blight\leaf blight214.jpg,2367fc2787fa45a67214e5e09f8a74086fd7ecd560e20f52486703aa6745e840
GVLiD\leaf blight\leaf blight215.jpg,0728b3f1de907878660e3c21917f53c49a56790099ea455ecb5a00f6edb2f384
GVLiD\leaf blight\leaf blight216.jpg,0728b3f1de907878660e3c21917f53c49a56790099ea455ecb5a00f6edb2f384
GVLiD\leaf blight\leaf blight217.jpg,67cbd0e68c245a00867849101d41066cd6c67eb6f3bf7c045479144b8db2645d
GVLiD\leaf blight\leaf blight218.jpg,67cbd0e68c245a00867849101d41066cd6c67eb6f3bf7c045479144b8db2645d
GVLiD\leaf blight\leaf blight219.jpg,6c1d7d8fdee8166be54e51c532bf2ed536732451abb449d6e5b8dc891e63325c
GVLiD\leaf blight\leaf blight220.jpg,6c1d7d8fdee8166be54e51c532bf2ed536732451abb449d6e5b8dc891e63325c
GVLiD\leaf blight\leaf blight221.jpg,d8743abb1921c384d4dbee046f7cf9de974f03a62f68da8214839b814dda7969
GVLiD\leaf blight\leaf blight222.jpg,d8743abb1921c384d4dbee046f7cf9de974f03a62f68da8214839b814dda7969
GVLiD\leaf blight\leaf blight223.jpg,7124dd05d5b18c66e6715c2f9932d448823bd6b78658f8b0c3a9d872a9010d51
GVLiD\leaf blight\leaf blight224.jpg,7124dd05d5b18c66e6715c2f9932d448823bd6b78658f8b0c3a9d872a9010d51
GVLiD\leaf blight\leaf blight225.jpg,0097c7d2985f7e02a7de4e1cc6a12a8dab68183166ce7e9fe19cc95b9a54c27d
GVLiD\leaf blight\leaf blight226.jpg,0097c7d2985f7e02a7de4e1cc6a12a8dab68183166ce7e9fe19cc95b9a54c27d
GVLiD\leaf blight\leaf blight227.jpg,2e904cf5ba21acb13457bc0da2f65cbd8b4f651068bd7b69f0a25669d1b96219
GVLiD\leaf blight\leaf blight228.jpg,2e904cf5ba21acb13457bc0da2f65cbd8b4f651068bd7b69f0a25669d1b96219
GVLiD\leaf blight\leaf blight229.jpg,ef7088624858c12fd580fe26c176018911c2b78bd092b73126a18fc0f29a6a34
GVLiD\leaf blight\leaf blight230.jpg,ef7088624858c12fd580fe26c176018911c2b78bd092b73126a18fc0f29a6a34
GVLiD\leaf blight\leaf blight231.jpg,bc85f4c25e2d75b896209fa3c4f52094a4832b916082980ae1159dc61c4fc744
GVLiD\leaf blight\leaf blight232.jpg,bc85f4c25e2d75b896209fa3c4f52094a4832b916082980ae1159dc61c4fc744
GVLiD\leaf blight\leaf blight233.jpg,ec426e3d8f4cf9af59868184372223725e176fd0899c81f79d08038be88a6ade
GVLiD\leaf blight\leaf blight234.jpg,ec426e3d8f4cf9af59868184372223725e176fd0899c81f79d08038be88a6ade
GVLiD\leaf blight\leaf blight235.jpg,274faed403a3ab33713d74e0b9e01c1d9f190485a4753816a4e9b7fe8847d8be
GVLiD\leaf blight\leaf blight236.jpg,274faed403a3ab33713d74e0b9e01c1d9f190485a4753816a4e9b7fe8847d8be
GVLiD\leaf blight\leaf blight237.jpg,98c639cb47914cfec8526e298eba76d599e18c54982b398a3bb8a8ae163c51da
GVLiD\leaf blight\leaf blight238.jpg,98c639cb47914cfec8526e298eba76d599e18c54982b398a3bb8a8ae163c51da
GVLiD\leaf blight\leaf blight239.jpg,fcb7511581f505dd246593ff2f0a4ae0c0c27d53eaa7f2e9f05688f8fa5a1c15
GVLiD\leaf blight\leaf blight240.jpg,fcb7511581f505dd246593ff2f0a4ae0c0c27d53eaa7f2e9f05688f8fa5a1c15
GVLiD\leaf blight\leaf blight241.jpg,cc6e410b2b880f14a9025a451ac9a708600f94d72e10faa363a757b9fdb5d23b
GVLiD\leaf blight\leaf blight242.jpg,cc6e410b2b880f14a9025a451ac9a708600f94d72e10faa363a757b9fdb5d23b
GVLiD\leaf blight\leaf blight243.jpg,1f6a56eef21066bafd6e160a074642ac291041452753e5164bc1e83cba2408c6
GVLiD\leaf blight\leaf blight244.jpg,1f6a56eef21066bafd6e160a074642ac291041452753e5164bc1e83cba2408c6
GVLiD\leaf blight\leaf blight245.jpg,76ae8a325b8bb9d4f6a7fd33662307946f4902882853062c7ded9e1ba1c06a83
GVLiD\leaf blight\leaf blight246.jpg,76ae8a325b8bb9d4f6a7fd33662307946f4902882853062c7ded9e1ba1c06a83
GVLiD\leaf blight\leaf blight247.jpg,ca11c100605162f9134643cffd90f819e94a3a6dde6f11c4fe5dbfe41f22372d
GVLiD\leaf blight\leaf blight248.jpg,ca11c100605162f9134643cffd90f819e94a3a6dde6f11c4fe5dbfe41f22372d
GVLiD\leaf blight\leaf blight249.jpg,fc7512241e25146189ca0f547f234e810871bad663207c1786f7d2ba5be92e74
GVLiD\leaf blight\leaf blight250.jpg,fc7512241e25146189ca0f547f234e810871bad663207c1786f7d2ba5be92e74
GVLiD\leaf blight\leaf blight251.jpg,7df0992bf84eef166d7e7225cf973a970582b8410cb8f4b577b909c22c3e96d1
GVLiD\leaf blight\leaf blight252.jpg,7df0992bf84eef166d7e7225cf973a970582b8410cb8f4b577b909c22c3e96d1
GVLiD\leaf blight\leaf blight253.jpg,fedaf96b6273b4626c4064c5773dbd22e78fc64602beaff6fa574461090761d9
GVLiD\leaf blight\leaf blight254.jpg,fedaf96b6273b4626c4064c5773dbd22e78fc64602beaff6fa574461090761d9
GVLiD\leaf blight\leaf blight255.jpg,c67d589d8c8ffa5a2e6501736895f448fd1f4da3c41bb2d7f9821db91f8a6325
GVLiD\leaf blight\leaf blight256.jpg,c67d589d8c8ffa5a2e6501736895f448fd1f4da3c41bb2d7f9821db91f8a6325
GVLiD\leaf blight\leaf blight257.jpg,e66c59a7c01d1bef3d08c0e518280ae04a8efc2da5d0a933f0d79d65719a930b
GVLiD\leaf blight\leaf blight258.jpg,e66c59a7c01d1bef3d08c0e518280ae04a8efc2da5d0a933f0d79d65719a930b
GVLiD\leaf blight\leaf blight259.jpg,4906a8fbdf4c615d7839d40da93b78dc478680086a32990786b18e2ffcdec5f0
GVLiD\leaf blight\leaf blight260.jpg,4906a8fbdf4c615d7839d40da93b78dc478680086a32990786b18e2ffcdec5f0
GVLiD\leaf blight\leaf blight261.jpg,0d0c5bc2927296f09bb34200cf3d3776b211ccfadb0dc33d0148084d5068d419
GVLiD\leaf blight\leaf blight262.jpg,0d0c5bc2927296f09bb34200cf3d3776b211ccfadb0dc33d0148084d5068d419
GVLiD\leaf blight\leaf blight263.jpg,ab9ecea0b14774cd91d717fd09ca4c831ac22476c96a8628a08d50c4ae603931
GVLiD\leaf blight\leaf blight264.jpg,ab9ecea0b14774cd91d717fd09ca4c831ac22476c96a8628a08d50c4ae603931
GVLiD\leaf blight\leaf blight265.jpg,be4202df2212e9527d9c60780a3558c432d67fc2f63033dd2583a50507f15fc4
GVLiD\leaf blight\leaf blight266.jpg,be4202df2212e9527d9c60780a3558c432d67fc2f63033dd2583a50507f15fc4
GVLiD\leaf blight\leaf blight267.jpg,09d4c882a809874dced9954d73482e91d10eb022c7e8a3fc3eb9bf7ffb2c3b3d
GVLiD\leaf blight\leaf blight268.jpg,09d4c882a809874dced9954d73482e91d10eb022c7e8a3fc3eb9bf7ffb2c3b3d
GVLiD\leaf blight\leaf blight269.jpg,31ffcf4d977992001d6dc48df89937aa7eaaf5bb582e8a91606d23008481e917
GVLiD\leaf blight\leaf blight270.jpg,31ffcf4d977992001d6dc48df89937aa7eaaf5bb582e8a91606d23008481e917
GVLiD\leaf blight\leaf blight271.jpg,021b2ce78c95481c624e73c3c28581fe50b4bbbed13db0fedd137a729bc59e9d
GVLiD\leaf blight\leaf blight272.jpg,021b2ce78c95481c624e73c3c28581fe50b4bbbed13db0fedd137a729bc59e9d
GVLiD\leaf blight\leaf blight273.jpg,a73ee10596e377dfd4ac9c8f45c61e7615dc4828fb5257ec2356ee7cfda7500d
GVLiD\leaf blight\leaf blight274.jpg,a73ee10596e377dfd4ac9c8f45c61e7615dc4828fb5257ec2356ee7cfda7500d
GVLiD\leaf blight\leaf blight275.jpg,5b4dd1530f82aff07b37f7ff7b6c2857dbeff2ca692bf26208f4095aab227cb3
GVLiD\leaf blight\leaf blight276.jpg,5b4dd1530f82aff07b37f7ff7b6c2857dbeff2ca692bf26208f4095aab227cb3
GVLiD\leaf blight\leaf blight277.jpg,d1ca69dbf7bb87895823c6d40c3ea431bb101eed9af437c7454ffb8a7c18b31d
GVLiD\leaf blight\leaf blight278.jpg,d1ca69dbf7bb87895823c6d40c3ea431bb101eed9af437c7454ffb8a7c18b31d
GVLiD\leaf blight\leaf blight279.jpg,d0607b92c2a52685b257cb867aa9e2815741994d9687fca8e35f71348ac798b9
GVLiD\leaf blight\leaf blight280.jpg,d0607b92c2a52685b257cb867aa9e2815741994d9687fca8e35f71348ac798b9
GVLiD\leaf blight\leaf blight281.jpg,8eecc78519145f033b95086f701320734ba5540e997cdd4bd5c7b3e369a0f800
GVLiD\leaf blight\leaf blight282.jpg,8eecc78519145f033b95086f701320734ba5540e997cdd4bd5c7b3e369a0f800
GVLiD\leaf blight\leaf blight283.jpg,c15366d025b96cf9a6187bc2a4b4555ba03bca8459d9b8f9a57fab687dfcd5ad
GVLiD\leaf blight\leaf blight284.jpg,c15366d025b96cf9a6187bc2a4b4555ba03bca8459d9b8f9a57fab687dfcd5ad
GVLiD\leaf blight\leaf blight285.jpg,57cd1962029f846a2cf2baf6b76b0719195f736f739f136d216d84e6c62502b4
GVLiD\leaf blight\leaf blight286.jpg,57cd1962029f846a2cf2baf6b76b0719195f736f739f136d216d84e6c62502b4
GVLiD\leaf blight\leaf blight287.jpg,d44cff6953703e92f2e2c1183afd063f3a62291626093464ef867cce8ffe4164
GVLiD\leaf blight\leaf blight288.jpg,d44cff6953703e92f2e2c1183afd063f3a62291626093464ef867cce8ffe4164
GVLiD\leaf blight\leaf blight289.jpg,adbac676fd2d10466479e61dd2735a0a1260be5e0c8b087673b58f6b896c3fed
GVLiD\leaf blight\leaf blight290.jpg,adbac676fd2d10466479e61dd2735a0a1260be5e0c8b087673b58f6b896c3fed
GVLiD\leaf blight\leaf blight291.jpg,9d771beae727dd9523c8b4e9fa8febc1629228baf30428baec5b796dc91148a1
GVLiD\leaf blight\leaf blight292.jpg,9d771beae727dd9523c8b4e9fa8febc1629228baf30428baec5b796dc91148a1
GVLiD\leaf blight\leaf blight293.jpg,c04872f160c0b5dac415199f83fa37931c464fce33b68a38d42af3cab7b6bce9
GVLiD\leaf blight\leaf blight294.jpg,c04872f160c0b5dac415199f83fa37931c464fce33b68a38d42af3cab7b6bce9
GVLiD\leaf blight\leaf blight295.jpg,1691ad14d305cf31ae023796bbb94f8d2a95365bb6444ee76700ead39cbe2bac
GVLiD\leaf blight\leaf blight296.jpg,1691ad14d305cf31ae023796bbb94f8d2a95365bb6444ee76700ead39cbe2bac
GVLiD\leaf blight\leaf blight297.jpg,59c1caddff1cb70cb6efcfc8b6bdde2d89c6c078682013ffc9a6a09da37a3cc0
GVLiD\leaf blight\leaf blight298.jpg,59c1caddff1cb70cb6efcfc8b6bdde2d89c6c078682013ffc9a6a09da37a3cc0
GVLiD\leaf blight\leaf blight299.jpg,10cb626b0e8b0a3875a4686e2cea0123f8fc11032a749e8e0c57b34df67afebf
GVLiD\leaf blight\leaf blight300.jpg,10cb626b0e8b0a3875a4686e2cea0123f8fc11032a749e8e0c57b34df67afebf
GVLiD\leaf blight\leaf blight301.jpg,4dee8f40b1b9f66aad85191201dbb1b7cbb4c1db56a094ee4b6032270d88e14e
GVLiD\leaf blight\leaf blight302.jpg,4dee8f40b1b9f66aad85191201dbb1b7cbb4c1db56a094ee4b6032270d88e14e
GVLiD\leaf blight\leaf blight303.jpg,90490b4553ec19d0dcae81fd1112f4637e912a6ef5bff8ef819ca33701b32341
GVLiD\leaf blight\leaf blight304.jpg,90490b4553ec19d0dcae81fd1112f4637e912a6ef5bff8ef819ca33701b32341
GVLiD\leaf blight\leaf blight305.jpg,5f299eaf8e508f9e88924c2abea5efcc1083ca01b7ca318cd1850bc552d1ab1a
GVLiD\leaf blight\leaf blight306.jpg,5f299eaf8e508f9e88924c2abea5efcc1083ca01b7ca318cd1850bc552d1ab1a
GVLiD\leaf blight\leaf blight307.jpg,2392c333ae1bdb0f6aee736524358bc3147b33346ac2cc5cf603f2240550639d
GVLiD\leaf blight\leaf blight308.jpg,2392c333ae1bdb0f6aee736524358bc3147b33346ac2cc5cf603f2240550639d
GVLiD\leaf blight\leaf blight309.jpg,ab10ae2bc12f81b78ba103d2822860c71d3be29924d40ee68b5d11e8bd18acbb
GVLiD\leaf blight\leaf blight310.jpg,ab10ae2bc12f81b78ba103d2822860c71d3be29924d40ee68b5d11e8bd18acbb
GVLiD\leaf blight\leaf blight311.jpg,337b8fdb3537461c95ac15b1babe19f4bd755e8337ab7d8faf718af0f1d608d4
GVLiD\leaf blight\leaf blight312.jpg,337b8fdb3537461c95ac15b1babe19f4bd755e8337ab7d8faf718af0f1d608d4
GVLiD\leaf blight\leaf blight313.jpg,b23a6827a3158740581d2b6f4fc13890072cd2607e4c911acb45e7f6a1b061c1
GVLiD\leaf blight\leaf blight314.jpg,b23a6827a3158740581d2b6f4fc13890072cd2607e4c911acb45e7f6a1b061c1
GVLiD\leaf blight\leaf blight315.jpg,035a9f0387f380f31594679108af661a6bbc6c35ed3a1fe1c4cdb56e67a4f116
GVLiD\leaf blight\leaf blight316.jpg,035a9f0387f380f31594679108af661a6bbc6c35ed3a1fe1c4cdb56e67a4f116
GVLiD\leaf blight\leaf blight317.jpg,ec21040855971c3fa4ae65a077eb1562daec1849d1da982aa42a93c4549af773
GVLiD\leaf blight\leaf blight318.jpg,ec21040855971c3fa4ae65a077eb1562daec1849d1da982aa42a93c4549af773
GVLiD\leaf blight\leaf blight319.jpg,833011f163ab4ac2fdd2e39ee81044923f91192b74442860686389ceefca8df0
GVLiD\leaf blight\leaf blight320.jpg,833011f163ab4ac2fdd2e39ee81044923f91192b74442860686389ceefca8df0
GVLiD\leaf blight\leaf blight321.jpg,a791522b833fbc3494409a186b0b391c18d204596b6012c4c3d7d168f84a33fb
GVLiD\leaf blight\leaf blight322.jpg,a791522b833fbc3494409a186b0b391c18d204596b6012c4c3d7d168f84a33fb
GVLiD\leaf blight\leaf blight323.jpg,77124e5e8f83fa396fd85a2e4df64dd7bd670860c24a40085e5f416e399a0a31
GVLiD\leaf blight\leaf blight324.jpg,77124e5e8f83fa396fd85a2e4df64dd7bd670860c24a40085e5f416e399a0a31
GVLiD\leaf blight\leaf blight325.jpg,b145a9f139ccf223923cba7c54aa584c01e804dc8f0b55200105ec3ebd9483c3
GVLiD\leaf blight\leaf blight326.jpg,b145a9f139ccf223923cba7c54aa584c01e804dc8f0b55200105ec3ebd9483c3
GVLiD\leaf blight\leaf blight327.jpg,a6bd72f3b4cc006b05338093d58b15181c703a8af29379f50cf754627858aa2d
GVLiD\leaf blight\leaf blight328.jpg,a6bd72f3b4cc006b05338093d58b15181c703a8af29379f50cf754627858aa2d
GVLiD\leaf blight\leaf blight329.jpg,d839e3c1a8ec297e254030cadc57245b0a126f9447bbf74887204e073f49042b
GVLiD\leaf blight\leaf blight330.jpg,d839e3c1a8ec297e254030cadc57245b0a126f9447bbf74887204e073f49042b
GVLiD\leaf blight\leaf blight331.jpg,d839e3c1a8ec297e254030cadc57245b0a126f9447bbf74887204e073f49042b
GVLiD\leaf blight\leaf blight332.jpg,d839e3c1a8ec297e254030cadc57245b0a126f9447bbf74887204e073f49042b
GVLiD\leaf blight\leaf blight333.jpg,0ee5d9b741f01f00025126905b266286c9388435946d674ff9169627b4499bf5
GVLiD\leaf blight\leaf blight334.jpg,0ee5d9b741f01f00025126905b266286c9388435946d674ff9169627b4499bf5
GVLiD\leaf blight\leaf blight335.jpg,b1e5c379fb71d878a6e1ed68d05bfa2d8bd179ed90d01d13f0cf53e49c2032c6
GVLiD\leaf blight\leaf blight336.jpg,b1e5c379fb71d878a6e1ed68d05bfa2d8bd179ed90d01d13f0cf53e49c2032c6
GVLiD\leaf blight\leaf blight337.jpg,8febf32763d70231117243b797ed73ddc043cb401da59990d483beb40fa627f4
GVLiD\leaf blight\leaf blight338.jpg,8febf32763d70231117243b797ed73ddc043cb401da59990d483beb40fa627f4
GVLiD\leaf blight\leaf blight339.jpg,2e1e6a5305b6b00af2b02de31598dc4a0ae241975e337141656b2639abbf547e
GVLiD\leaf blight\leaf blight340.jpg,2e1e6a5305b6b00af2b02de31598dc4a0ae241975e337141656b2639abbf547e
GVLiD\leaf blight\leaf blight341.jpg,a778fa91c16c29b18b523bedb5cf2aba554aebb0b5d177ca48a1dd4298de9209
GVLiD\leaf blight\leaf blight342.jpg,a778fa91c16c29b18b523bedb5cf2aba554aebb0b5d177ca48a1dd4298de9209
GVLiD\leaf blight\leaf blight343.jpg,d7d8e14104c2c7f28d78e34fe8e006edede5ab651e8c86de966ce38b8cd68433
GVLiD\leaf blight\leaf blight344.jpg,d7d8e14104c2c7f28d78e34fe8e006edede5ab651e8c86de966ce38b8cd68433
GVLiD\leaf blight\leaf blight345.jpg,d48ca924b74a4495ec516a7c3d376d48ca6c1bacd06061b71949d6b273cc3f82
GVLiD\leaf blight\leaf blight346.jpg,d48ca924b74a4495ec516a7c3d376d48ca6c1bacd06061b71949d6b273cc3f82
GVLiD\leaf blight\leaf blight347.jpg,c89a46845521b959656d65c7acef638f5adfb5b2eea1f410b58f48ab8bc601e3
GVLiD\leaf blight\leaf blight348.jpg,c89a46845521b959656d65c7acef638f5adfb5b2eea1f410b58f48ab8bc601e3
GVLiD\leaf blight\leaf blight349.jpg,785504a5b6245fc56f54f1549c9afd3c5a847bcfa4e467c843a30d552e19b56f
GVLiD\leaf blight\leaf blight350.jpg,785504a5b6245fc56f54f1549c9afd3c5a847bcfa4e467c843a30d552e19b56f
GVLiD\leaf blight\leaf blight351.jpg,006140e3d4d5b03d5e61c5744fd0ee85b5c583549487aecc4bef786deb59d054
GVLiD\leaf blight\leaf blight352.jpg,006140e3d4d5b03d5e61c5744fd0ee85b5c583549487aecc4bef786deb59d054
GVLiD\leaf blight\leaf blight353.jpg,1d465f99025d756bfd65d1f31b9dc447f87127797cd647f61a2f846e79b57dee
GVLiD\leaf blight\leaf blight354.jpg,1d465f99025d756bfd65d1f31b9dc447f87127797cd647f61a2f846e79b57dee
GVLiD\leaf blight\leaf blight355.jpg,7c3fe35c49b72ed6329cc2654a6ccc3e637f2edab96dce6a6bce99f018d58e34
GVLiD\leaf blight\leaf blight356.jpg,7c3fe35c49b72ed6329cc2654a6ccc3e637f2edab96dce6a6bce99f018d58e34
GVLiD\leaf blight\leaf blight357.jpg,8f67281946bcf761215ce1565b5e01dfa742edd5d9e76d208ec46e0e29fd6a33
GVLiD\leaf blight\leaf blight358.jpg,8f67281946bcf761215ce1565b5e01dfa742edd5d9e76d208ec46e0e29fd6a33
GVLiD\leaf blight\leaf blight359.jpg,1f30f72fdf951ab331a0a26104ed33e7492ebfc0a8ef982f04c19423466c84f1
GVLiD\leaf blight\leaf blight360.jpg,1f30f72fdf951ab331a0a26104ed33e7492ebfc0a8ef982f04c19423466c84f1
GVLiD\leaf blight\leaf blight361.jpg,417130d85a91fd050df57aa2b0f379b8bd8075960408d8702c5607ef9aef12b9
GVLiD\leaf blight\leaf blight362.jpg,417130d85a91fd050df57aa2b0f379b8bd8075960408d8702c5607ef9aef12b9
GVLiD\leaf blight\leaf blight363.jpg,45ff7f34c0579262002f37f29ef81f55fe5b787631f61fe19f10c70e4b0fa30d
GVLiD\leaf blight\leaf blight364.jpg,45ff7f34c0579262002f37f29ef81f55fe5b787631f61fe19f10c70e4b0fa30d
GVLiD\leaf blight\leaf blight365.jpg,448de59347e239ad395abab92f2d71c29c204cfbe2a36d241e5e5478b22c23c5
GVLiD\leaf blight\leaf blight366.jpg,448de59347e239ad395abab92f2d71c29c204cfbe2a36d241e5e5478b22c23c5
GVLiD\leaf blight\leaf blight367.jpg,d965f3ae3914ef94a1da3cc5f8e0c4ed68ad7c8bdd84f6605c5d332e4d1ce7dd
GVLiD\leaf blight\leaf blight368.jpg,d965f3ae3914ef94a1da3cc5f8e0c4ed68ad7c8bdd84f6605c5d332e4d1ce7dd
GVLiD\leaf blight\leaf blight369.jpg,09244a49420a000d820bff8ecd19722a9466ead5d281fa729c0fd107938f7f4c
GVLiD\leaf blight\leaf blight370.jpg,09244a49420a000d820bff8ecd19722a9466ead5d281fa729c0fd107938f7f4c
GVLiD\leaf blight\leaf blight371.jpg,b75fa7e61d63e710294b289b9c555ced5af2d2e0b9aab00e76e6bcccffa459e6
GVLiD\leaf blight\leaf blight372.jpg,b75fa7e61d63e710294b289b9c555ced5af2d2e0b9aab00e76e6bcccffa459e6
GVLiD\leaf blight\leaf blight373.jpg,6e3460a6224b3ee0ff8baf7bb7cccb0b44475aebec1cd5bf0d70add93cae321d
GVLiD\leaf blight\leaf blight374.jpg,6e3460a6224b3ee0ff8baf7bb7cccb0b44475aebec1cd5bf0d70add93cae321d
GVLiD\leaf blight\leaf blight375.jpg,fe0e57bad43ff97f5aa38b493b519274d92b6eee62bf33a0e6736226291238b1
GVLiD\leaf blight\leaf blight376.jpg,fe0e57bad43ff97f5aa38b493b519274d92b6eee62bf33a0e6736226291238b1
GVLiD\leaf blight\leaf blight377.jpg,31168ced11d575530126e2b538a3d404154291ba08ed74d381defa78f1bc5258
GVLiD\leaf blight\leaf blight378.jpg,31168ced11d575530126e2b538a3d404154291ba08ed74d381defa78f1bc5258
GVLiD\leaf blight\leaf blight379.jpg,663f31b63101987e6cab585cc81fd0f8aab69c6b9d4943d5810107ed24c98b84
GVLiD\leaf blight\leaf blight380.jpg,663f31b63101987e6cab585cc81fd0f8aab69c6b9d4943d5810107ed24c98b84
GVLiD\leaf blight\leaf blight381.jpg,7db1b662386631bb1bab22c24e3f5c71d90570711caaf3027b699a0a2f34727b
GVLiD\leaf blight\leaf blight382.jpg,7db1b662386631bb1bab22c24e3f5c71d90570711caaf3027b699a0a2f34727b
GVLiD\leaf blight\leaf blight383.jpg,6d3887e6956f748533e19df3249508430dd3b759af82de45b46b10532014dfc0
GVLiD\leaf blight\leaf blight384.jpg,6d3887e6956f748533e19df3249508430dd3b759af82de45b46b10532014dfc0
GVLiD\leaf blight\leaf blight385.jpg,38e4857bd9411bb6ab28351446e8f6d46afc8a3f7530119259d9efee591902f9
GVLiD\leaf blight\leaf blight386.jpg,38e4857bd9411bb6ab28351446e8f6d46afc8a3f7530119259d9efee591902f9
GVLiD\leaf blight\leaf blight387.jpg,133f3c06e5c7f21e40df409e023945cfd43654d395f749d29810b637b37f9cf7
GVLiD\leaf blight\leaf blight388.jpg,133f3c06e5c7f21e40df409e023945cfd43654d395f749d29810b637b37f9cf7
GVLiD\leaf blight\leaf blight389.jpg,ea52a5c4c54f1f55ec658885beba8de16639a79205b007db4e54e51475eebdef
GVLiD\leaf blight\leaf blight390.jpg,ea52a5c4c54f1f55ec658885beba8de16639a79205b007db4e54e51475eebdef
GVLiD\leaf blight\leaf blight391.jpg,8d9ceb32529f5db11486b4758ae3a42a1d7ae52c37c9382682f80bb0a33c4906
GVLiD\leaf blight\leaf blight392.jpg,8d9ceb32529f5db11486b4758ae3a42a1d7ae52c37c9382682f80bb0a33c4906
GVLiD\leaf blight\leaf blight393.jpg,9e50a3c11f9cd3044ca889a59f74ef30e10466a3d9f1b8203b3acbf7c9699330
GVLiD\leaf blight\leaf blight394.jpg,9e50a3c11f9cd3044ca889a59f74ef30e10466a3d9f1b8203b3acbf7c9699330
GVLiD\leaf blight\leaf blight395.jpg,784a98d66a5bee3ed8ae0bfecc898a77e4d49efe5c892ae8c2d8fa8404050c5c
GVLiD\leaf blight\leaf blight396.jpg,784a98d66a5bee3ed8ae0bfecc898a77e4d49efe5c892ae8c2d8fa8404050c5c
GVLiD\leaf blight\leaf blight397.jpg,56904c23814033bdece4615f6b8012f11f2ed11875eebd9a20a4902595cfc12b
GVLiD\leaf blight\leaf blight398.jpg,56904c23814033bdece4615f6b8012f11f2ed11875eebd9a20a4902595cfc12b
GVLiD\leaf blight\leaf blight399.jpg,a2a2d42256ede52b5adb1bee77ed807dc6aee6d69852f7999de4f73e3ad33e2d
GVLiD\leaf blight\leaf blight400.jpg,a2a2d42256ede52b5adb1bee77ed807dc6aee6d69852f7999de4f73e3ad33e2d
GVLiD\leaf blight\leaf blight401.jpg,8f6078b81057fc63fcdfb02bf1b41bb0c24c1d687b86fb06e14fa83d7b5bfe9a
GVLiD\leaf blight\leaf blight402.jpg,8f6078b81057fc63fcdfb02bf1b41bb0c24c1d687b86fb06e14fa83d7b5bfe9a
GVLiD\leaf blight\leaf blight403.jpg,2def7fc7fb1d2287b2d713c09f1b5d6084dba0c1512ad1ccd6140fd1c3865654
GVLiD\leaf blight\leaf blight404.jpg,2def7fc7fb1d2287b2d713c09f1b5d6084dba0c1512ad1ccd6140fd1c3865654
GVLiD\leaf blight\leaf blight405.jpg,70a7272708f475c14292ba0b9bcfdbdc6639eaf4da85e6565cc041988bbdcab7
GVLiD\leaf blight\leaf blight406.jpg,70a7272708f475c14292ba0b9bcfdbdc6639eaf4da85e6565cc041988bbdcab7
GVLiD\leaf blight\leaf blight407.jpg,da7c83324205c5aa7b3252ce078598c35ee933f2bab9743575facce18b564bb3
GVLiD\leaf blight\leaf blight408.jpg,da7c83324205c5aa7b3252ce078598c35ee933f2bab9743575facce18b564bb3
GVLiD\leaf blight\leaf blight409.jpg,c6b54b0b9eda2e81529979f65227ce73f758d0ad6642e80d765e79a1cb41a6ca
GVLiD\leaf blight\leaf blight410.jpg,c6b54b0b9eda2e81529979f65227ce73f758d0ad6642e80d765e79a1cb41a6ca
GVLiD\leaf blight\leaf blight411.jpg,4a6e5f6a742ba8ef0dd9081e81bf8024903c5f38fafe62ebcbfffde7323db962
GVLiD\leaf blight\leaf blight412.jpg,4a6e5f6a742ba8ef0dd9081e81bf8024903c5f38fafe62ebcbfffde7323db962
GVLiD\leaf blight\leaf blight413.jpg,2a24aa0a7f49935771f2021694902f6b60f40a7080ddba147e8edc505da946b0
GVLiD\leaf blight\leaf blight414.jpg,2a24aa0a7f49935771f2021694902f6b60f40a7080ddba147e8edc505da946b0
GVLiD\leaf blight\leaf blight415.jpg,3bc53648f2501ffd3303af4ee188061886b2481a70bcf6dd770937799f1bcf29
GVLiD\leaf blight\leaf blight416.jpg,3bc53648f2501ffd3303af4ee188061886b2481a70bcf6dd770937799f1bcf29
GVLiD\leaf blight\leaf blight417.jpg,a59a81d85dc6acfbb681fcc3a8c4c97020bed93af35109398e27582e5227bf78
GVLiD\leaf blight\leaf blight418.jpg,a59a81d85dc6acfbb681fcc3a8c4c97020bed93af35109398e27582e5227bf78
GVLiD\leaf blight\leaf blight419.jpg,a59a81d85dc6acfbb681fcc3a8c4c97020bed93af35109398e27582e5227bf78
GVLiD\leaf blight\leaf blight420.jpg,a59a81d85dc6acfbb681fcc3a8c4c97020bed93af35109398e27582e5227bf78
GVLiD\leaf blight\leaf blight421.jpg,39e555cfd08f097058da59bfe35d0e6b44649d05c8f2ec2d3f39a3f5590a090d
GVLiD\leaf blight\leaf blight422.jpg,39e555cfd08f097058da59bfe35d0e6b44649d05c8f2ec2d3f39a3f5590a090d
GVLiD\leaf blight\leaf blight423.jpg,e6e11f868d89bf5cf09645025c2e5e3d8773935510f59af33df7d2c69cbc398a
GVLiD\leaf blight\leaf blight424.jpg,e6e11f868d89bf5cf09645025c2e5e3d8773935510f59af33df7d2c69cbc398a
GVLiD\leaf blight\leaf blight425.jpg,d1bf88e92d575fe282c095ffc42f5f39e0aa25624004115128f96626a56cfebc
GVLiD\leaf blight\leaf blight426.jpg,d1bf88e92d575fe282c095ffc42f5f39e0aa25624004115128f96626a56cfebc
GVLiD\leaf blight\leaf blight427.jpg,98271594e1ce48be4665390702f5090285388e35715a2711fd5c9e0900a3ecd4
GVLiD\leaf blight\leaf blight428.jpg,98271594e1ce48be4665390702f5090285388e35715a2711fd5c9e0900a3ecd4
GVLiD\leaf blight\leaf blight429.jpg,538e7652b7c7afc4bd8bedcec707c9a943372e28e00fc6a73508e997db6c468d
GVLiD\leaf blight\leaf blight430.jpg,538e7652b7c7afc4bd8bedcec707c9a943372e28e00fc6a73508e997db6c468d
GVLiD\leaf blight\leaf blight431.jpg,856203b686272c318b09533e5ed7c6535ef8a37688b2ca0d5251e70c88dba679
GVLiD\leaf blight\leaf blight432.jpg,856203b686272c318b09533e5ed7c6535ef8a37688b2ca0d5251e70c88dba679
GVLiD\leaf blight\leaf blight433.jpg,2a3dcf6971b6c9c0a8d58ab4919d5510aacc0121972ace1ca212ef6ac3578dd9
GVLiD\leaf blight\leaf blight434.jpg,2a3dcf6971b6c9c0a8d58ab4919d5510aacc0121972ace1ca212ef6ac3578dd9
GVLiD\leaf blight\leaf blight435.jpg,2a6b48535b4f506e836d1f718703f88404fa3b260a391c23343e3e4a8d1c0b6c
GVLiD\leaf blight\leaf blight436.jpg,2a6b48535b4f506e836d1f718703f88404fa3b260a391c23343e3e4a8d1c0b6c
GVLiD\leaf blight\leaf blight437.jpg,57a05f4a235b24e235f0333419bcf53e8af7d496c61c5a5b9c040706c73a566b
GVLiD\leaf blight\leaf blight438.jpg,57a05f4a235b24e235f0333419bcf53e8af7d496c61c5a5b9c040706c73a566b
GVLiD\leaf blight\leaf blight439.jpg,689fa03157cf57ffdb1ae76d92925cd231f14fc83b126f0ba32a05c6d20bd98f
GVLiD\leaf blight\leaf blight440.jpg,689fa03157cf57ffdb1ae76d92925cd231f14fc83b126f0ba32a05c6d20bd98f
GVLiD\leaf blight\leaf blight441.jpg,689fa03157cf57ffdb1ae76d92925cd231f14fc83b126f0ba32a05c6d20bd98f
GVLiD\leaf blight\leaf blight442.jpg,689fa03157cf57ffdb1ae76d92925cd231f14fc83b126f0ba32a05c6d20bd98f
GVLiD\leaf blight\leaf blight443.jpg,3f51b4cb739cac6b61abc82434411b5a6b2dd54c20ddbd3293ae97cacdecdd80
GVLiD\leaf blight\leaf blight444.jpg,3f51b4cb739cac6b61abc82434411b5a6b2dd54c20ddbd3293ae97cacdecdd80
GVLiD\leaf blight\leaf blight445.jpg,d49c45f5b500b4e2b5a0cd48813c30a8af74ed80a5a4d5c775ef2ef7e9c55274
GVLiD\leaf blight\leaf blight446.jpg,d49c45f5b500b4e2b5a0cd48813c30a8af74ed80a5a4d5c775ef2ef7e9c55274
GVLiD\leaf blight\leaf blight447.jpg,e43c95c6b8b45da8a0e9c38956b7ee6df4aeaba4183a625d4b78d66ec5303cdf
GVLiD\leaf blight\leaf blight448.jpg,e43c95c6b8b45da8a0e9c38956b7ee6df4aeaba4183a625d4b78d66ec5303cdf
GVLiD\leaf blight\leaf blight449.jpg,a1180895ecbaa29bb9ec60a4c4e01ddfc5810064bc5ab7e4d8bf74c7cd20ebab
GVLiD\leaf blight\leaf blight450.jpg,a1180895ecbaa29bb9ec60a4c4e01ddfc5810064bc5ab7e4d8bf74c7cd20ebab
GVLiD\leaf blight\leaf blight451.jpg,916ecb0345dc6f45d51a36ea7275c7f273a7126d215730d1ff9d11c94f824af0
GVLiD\leaf blight\leaf blight452.jpg,916ecb0345dc6f45d51a36ea7275c7f273a7126d215730d1ff9d11c94f824af0
GVLiD\leaf blight\leaf blight453.jpg,55aec8590876848a7a4ab281065c2b7c0a4f760cc06a621f45b157bbe17cf2da
GVLiD\leaf blight\leaf blight454.jpg,55aec8590876848a7a4ab281065c2b7c0a4f760cc06a621f45b157bbe17cf2da
GVLiD\leaf blight\leaf blight455.jpg,9a6cb015d7937b662397685dfb491a2b2281aa50a529b8147f04fa142db9365f
GVLiD\leaf blight\leaf blight456.jpg,9a6cb015d7937b662397685dfb491a2b2281aa50a529b8147f04fa142db9365f
GVLiD\leaf blight\leaf blight457.jpg,f29af652cd330127233634419686652b81f69175ef37c28e397436b8ef536429
GVLiD\leaf blight\leaf blight458.jpg,f29af652cd330127233634419686652b81f69175ef37c28e397436b8ef536429
GVLiD\leaf blight\leaf blight459.jpg,ec5fe545907ec2a9e741c91ec929e890489695d711c990d096133fc6813e0fd3
GVLiD\leaf blight\leaf blight460.jpg,ec5fe545907ec2a9e741c91ec929e890489695d711c990d096133fc6813e0fd3
GVLiD\leaf blight\leaf blight461.jpg,03d96068bb7ad7ead3b0a953fed5af095781b2945204005eef77e6248e3fc7cb
GVLiD\leaf blight\leaf blight462.jpg,03d96068bb7ad7ead3b0a953fed5af095781b2945204005eef77e6248e3fc7cb
GVLiD\leaf blight\leaf blight463.jpg,1b7529e8f217aa8b77d632caa322a3db7a43600b75e6ae9b562497d4b35014aa
GVLiD\leaf blight\leaf blight464.jpg,1b7529e8f217aa8b77d632caa322a3db7a43600b75e6ae9b562497d4b35014aa
GVLiD\leaf blight\leaf blight465.jpg,f9505d48a0278a86aab6ae932cab654911d84e7701ee611b0fd7cec1e9373458
GVLiD\leaf blight\leaf blight466.jpg,f9505d48a0278a86aab6ae932cab654911d84e7701ee611b0fd7cec1e9373458
GVLiD\leaf blight\leaf blight467.jpg,fc837bd85870837ac7394e1a94afc761c55995aeb4cf7f2c35428956cffe1093
GVLiD\leaf blight\leaf blight468.jpg,fc837bd85870837ac7394e1a94afc761c55995aeb4cf7f2c35428956cffe1093
GVLiD\leaf blight\leaf blight469.jpg,d9d53ee0282ed29f330923bcd5fb38e58cd262ae916c161235f1bc7bf1fe007c
GVLiD\leaf blight\leaf blight470.jpg,d9d53ee0282ed29f330923bcd5fb38e58cd262ae916c161235f1bc7bf1fe007c
GVLiD\leaf blight\leaf blight471.jpg,206e32af498554c322267567421b696eb191937cb35a4abf5b5903e7e963d602
GVLiD\leaf blight\leaf blight472.jpg,206e32af498554c322267567421b696eb191937cb35a4abf5b5903e7e963d602
GVLiD\leaf blight\leaf blight473.jpg,286662bc4ee5cb763e2b2b9d93be667cbc5ed6e39110a52815258af12eefab4d
GVLiD\leaf blight\leaf blight474.jpg,286662bc4ee5cb763e2b2b9d93be667cbc5ed6e39110a52815258af12eefab4d
GVLiD\leaf blight\leaf blight475.jpg,3bf52cab189dcad840b7171ad8a55f5d71fbdd09362a503d3225347826b6099a
GVLiD\leaf blight\leaf blight476.jpg,3bf52cab189dcad840b7171ad8a55f5d71fbdd09362a503d3225347826b6099a
GVLiD\leaf blight\leaf blight477.jpg,40854954013c71add6d8b63262f836e7fad05137fd812152d4258e0539eeee30
GVLiD\leaf blight\leaf blight478.jpg,40854954013c71add6d8b63262f836e7fad05137fd812152d4258e0539eeee30
GVLiD\leaf blight\leaf blight479.jpg,7fa52ab7f6fd47af2d659e48343299cfaa848fc5d488d88f1372c98f62c2a1d0
GVLiD\leaf blight\leaf blight480.jpg,7fa52ab7f6fd47af2d659e48343299cfaa848fc5d488d88f1372c98f62c2a1d0
GVLiD\leaf blight\leaf blight481.jpg,21381675417ae53e67d73b24c8664f6df3d1c1eb9ccadfbafce28eef348bdf80
GVLiD\leaf blight\leaf blight482.jpg,21381675417ae53e67d73b24c8664f6df3d1c1eb9ccadfbafce28eef348bdf80
GVLiD\leaf blight\leaf blight483.jpg,8a18489c94b8ad2d08b5ae872263c59b0cc07192a2d6bceb118fe2fb7198ac5a
GVLiD\leaf blight\leaf blight484.jpg,8a18489c94b8ad2d08b5ae872263c59b0cc07192a2d6bceb118fe2fb7198ac5a
GVLiD\leaf blight\leaf blight485.jpg,e4386182cca929fbc4eeeb7ef1eb8326b02b5b5107c926036da5f3424ba42845
GVLiD\leaf blight\leaf blight486.jpg,e4386182cca929fbc4eeeb7ef1eb8326b02b5b5107c926036da5f3424ba42845
GVLiD\leaf blight\leaf blight487.jpg,2efd44cc497bb96ce648e66d468e9070016ee9e77c9893c1def72549351bad40
GVLiD\leaf blight\leaf blight488.jpg,2efd44cc497bb96ce648e66d468e9070016ee9e77c9893c1def72549351bad40
GVLiD\leaf blight\leaf blight489.jpg,38b663671d445b3e32e844ef3cf8c567c27a8cb4a6bea64714ce08d96ce06627
GVLiD\leaf blight\leaf blight490.jpg,38b663671d445b3e32e844ef3cf8c567c27a8cb4a6bea64714ce08d96ce06627
GVLiD\leaf blight\leaf blight491.jpg,8d14a653e051779665a2521499c5d68c4c856a3559dc00d20fbff96829c49fb2
GVLiD\leaf blight\leaf blight492.jpg,8d14a653e051779665a2521499c5d68c4c856a3559dc00d20fbff96829c49fb2
GVLiD\leaf blight\leaf blight493.jpg,753fd380a336de560e6542251fab6da10d5888c2cbd0a6a4cd151bc2a6854aa2
GVLiD\leaf blight\leaf blight494.jpg,753fd380a336de560e6542251fab6da10d5888c2cbd0a6a4cd151bc2a6854aa2
GVLiD\leaf blight\leaf blight495.jpg,03c0d3789e13702a20b64872b7816bf825302d334aac16c13514be9a54416f23
GVLiD\leaf blight\leaf blight496.jpg,03c0d3789e13702a20b64872b7816bf825302d334aac16c13514be9a54416f23
GVLiD\leaf blight\leaf blight497.jpg,0bdb67c060104856d03bf22cab5e1b5b7b9d851e6879541511edd02b3d8cabfb
GVLiD\leaf blight\leaf blight498.jpg,0bdb67c060104856d03bf22cab5e1b5b7b9d851e6879541511edd02b3d8cabfb
GVLiD\leaf blight\leaf blight499.jpg,d32d15283cfb7b8818e8a870dc14cac795a7b571754ddc9871ba5e227c7829d7
GVLiD\leaf blight\leaf blight500.jpg,d32d15283cfb7b8818e8a870dc14cac795a7b571754ddc9871ba5e227c7829d7
GVLiD\leaf blight\leaf blight501.jpg,17729aa7d74349515b7d89a725c7e54c8ed1a48d17787a9ed5aa33d49e5d94c8
GVLiD\leaf blight\leaf blight502.jpg,17729aa7d74349515b7d89a725c7e54c8ed1a48d17787a9ed5aa33d49e5d94c8
GVLiD\leaf blight\leaf blight503.jpg,adf8794a147c8de87457dec37a0a39b5e119dad94184917ad272882accabc287
GVLiD\leaf blight\leaf blight504.jpg,adf8794a147c8de87457dec37a0a39b5e119dad94184917ad272882accabc287
GVLiD\leaf blight\leaf blight505.jpg,a408573d75817fd2512ca88784fafd1e19a0453cfd0566c6b692d6c8c5b47e96
GVLiD\leaf blight\leaf blight506.jpg,a408573d75817fd2512ca88784fafd1e19a0453cfd0566c6b692d6c8c5b47e96
GVLiD\leaf blight\leaf blight507.jpg,679f6cbf8f1d8691f1d3c8ea7de77859d48738b70ac55a1f2e872541b43f1612
GVLiD\leaf blight\leaf blight508.jpg,679f6cbf8f1d8691f1d3c8ea7de77859d48738b70ac55a1f2e872541b43f1612
GVLiD\leaf blight\leaf blight509.jpg,0fdccdf85c083989a2b0d9467769e994fdf951b2ad7740aefc2a6e938e366085
GVLiD\leaf blight\leaf blight510.jpg,0fdccdf85c083989a2b0d9467769e994fdf951b2ad7740aefc2a6e938e366085
GVLiD\leaf blight\leaf blight511.jpg,51080586100f45d53a97e26d7dd6cd49a87079bb29c2fcfd8bd7fd83dee5f810
GVLiD\leaf blight\leaf blight512.jpg,51080586100f45d53a97e26d7dd6cd49a87079bb29c2fcfd8bd7fd83dee5f810
GVLiD\leaf blight\leaf blight513.jpg,a2c46e66f8fe16b852536d29b7a3a44b9e8da7be4f665549784d65eb02566432
GVLiD\leaf blight\leaf blight514.jpg,a2c46e66f8fe16b852536d29b7a3a44b9e8da7be4f665549784d65eb02566432
GVLiD\leaf blight\leaf blight515.jpg,179e9bc4af0509ad79145a34c54d4f26bd2467542697acf81ecd15ca8344d383
GVLiD\leaf blight\leaf blight516.jpg,179e9bc4af0509ad79145a34c54d4f26bd2467542697acf81ecd15ca8344d383
GVLiD\leaf blight\leaf blight517.jpg,1bb4f3255f27b33d1094f3ecec323f83c768bb8b25356ac0c2b1d1632436db1d
GVLiD\leaf blight\leaf blight518.jpg,1bb4f3255f27b33d1094f3ecec323f83c768bb8b25356ac0c2b1d1632436db1d
GVLiD\leaf blight\leaf blight519.jpg,bf62eebcf83239344a4d963b9109391f386cbfdf3e3e1d61ba38ca74a6e49153
GVLiD\leaf blight\leaf blight520.jpg,bf62eebcf83239344a4d963b9109391f386cbfdf3e3e1d61ba38ca74a6e49153
GVLiD\leaf blight\leaf blight521.jpg,729167ce6555b58d1e9aa41c532eb342c578a5453386164085aee6b85bb8b6b3
GVLiD\leaf blight\leaf blight522.jpg,729167ce6555b58d1e9aa41c532eb342c578a5453386164085aee6b85bb8b6b3
GVLiD\leaf blight\leaf blight523.jpg,729167ce6555b58d1e9aa41c532eb342c578a5453386164085aee6b85bb8b6b3
GVLiD\leaf blight\leaf blight524.jpg,729167ce6555b58d1e9aa41c532eb342c578a5453386164085aee6b85bb8b6b3
GVLiD\leaf blight\leaf blight525.jpg,66cfe260a11785febae0393500794b6af4d4ea7d0fac3d5f93fc48c8fe866741
GVLiD\leaf blight\leaf blight526.jpg,66cfe260a11785febae0393500794b6af4d4ea7d0fac3d5f93fc48c8fe866741
GVLiD\leaf blight\leaf blight527.jpg,5a0de9dabe58c8d8669a556df5cf8ce5b424134f98c3c688cd1bd8eb4fcb53da
GVLiD\leaf blight\leaf blight528.jpg,5a0de9dabe58c8d8669a556df5cf8ce5b424134f98c3c688cd1bd8eb4fcb53da
GVLiD\leaf blight\leaf blight529.jpg,29dbe1f607f04cacc89228c2636a56d47340af7089143beb5b1034b9e58ecec7
GVLiD\leaf blight\leaf blight530.jpg,29dbe1f607f04cacc89228c2636a56d47340af7089143beb5b1034b9e58ecec7
GVLiD\leaf blight\leaf blight531.jpg,7ded6b55c039e6fcce507d492cccf54832444e5d4be75b90782805599777bc48
GVLiD\leaf blight\leaf blight532.jpg,7ded6b55c039e6fcce507d492cccf54832444e5d4be75b90782805599777bc48
GVLiD\leaf blight\leaf blight533.jpg,08e60f061653ffa74668b0d389417744fd595760b6e1cbba829b11b2fac31f92
GVLiD\leaf blight\leaf blight534.jpg,08e60f061653ffa74668b0d389417744fd595760b6e1cbba829b11b2fac31f92
GVLiD\leaf blight\leaf blight535.jpg,78fe523e06bc4fbc470a6439c2310fdbaf3549102a2e1f5dde2c833881090a0d
GVLiD\leaf blight\leaf blight536.jpg,78fe523e06bc4fbc470a6439c2310fdbaf3549102a2e1f5dde2c833881090a0d
GVLiD\leaf blight\leaf blight537.jpg,12c5d0965a5cabf199b15346f5781f0b9209c80656500a223d829506355f1b66
GVLiD\leaf blight\leaf blight538.jpg,12c5d0965a5cabf199b15346f5781f0b9209c80656500a223d829506355f1b66
GVLiD\leaf blight\leaf blight539.jpg,3cf82de7dbe9cc5a7f08e508c396c58d5eec34ddd3f120d2f716ca02c8449af6
GVLiD\leaf blight\leaf blight540.jpg,3cf82de7dbe9cc5a7f08e508c396c58d5eec34ddd3f120d2f716ca02c8449af6
GVLiD\leaf blight\leaf blight541.jpg,c301ee8d137f55780078a6f5fde894ec386b48dee37f2d539dd59eebf927d0be
GVLiD\leaf blight\leaf blight542.jpg,c301ee8d137f55780078a6f5fde894ec386b48dee37f2d539dd59eebf927d0be
GVLiD\leaf blight\leaf blight543.jpg,5c74fb80ea18b36c780b10d845c7f027f6ee8ecd18fce3bae87eed55f1b4cfa1
GVLiD\leaf blight\leaf blight544.jpg,5c74fb80ea18b36c780b10d845c7f027f6ee8ecd18fce3bae87eed55f1b4cfa1
GVLiD\leaf blight\leaf blight545.jpg,1bd100ea0b9d391ed9f8b9d29aead60d6ddd82a9b533c0761b144844a569cd42
GVLiD\leaf blight\leaf blight546.jpg,1bd100ea0b9d391ed9f8b9d29aead60d6ddd82a9b533c0761b144844a569cd42
GVLiD\leaf blight\leaf blight547.jpg,db602cb9a44bc8ab7acc4b5f6cf0393f7ddff7a8a40d4aafefa0633836b3ab90
GVLiD\leaf blight\leaf blight548.jpg,db602cb9a44bc8ab7acc4b5f6cf0393f7ddff7a8a40d4aafefa0633836b3ab90
GVLiD\leaf blight\leaf blight549.jpg,ba9370ab28fa4e6143a035735ed059c7d93a9cd8d803013288c1162a0c88f00b
GVLiD\leaf blight\leaf blight550.jpg,ba9370ab28fa4e6143a035735ed059c7d93a9cd8d803013288c1162a0c88f00b
GVLiD\leaf blight\leaf blight551.jpg,d9092bb582841593a9641d2ed5f448582cf3bee80a56164dcfe7959f29d59d06
GVLiD\leaf blight\leaf blight552.jpg,d9092bb582841593a9641d2ed5f448582cf3bee80a56164dcfe7959f29d59d06
GVLiD\leaf blight\leaf blight553.jpg,cddb2cb3b33815f4d02ba86e3c6b0b3b8d802dd44edfcfc5515cbcefbfb701d9
GVLiD\leaf blight\leaf blight554.jpg,cddb2cb3b33815f4d02ba86e3c6b0b3b8d802dd44edfcfc5515cbcefbfb701d9
GVLiD\leaf blight\leaf blight555.jpg,ec38f3c360c9b0ab810c55920ba760031a87d3c3b638795753817573d34f24c5
GVLiD\leaf blight\leaf blight556.jpg,ec38f3c360c9b0ab810c55920ba760031a87d3c3b638795753817573d34f24c5
GVLiD\leaf blight\leaf blight557.jpg,6f23f8db0aa117d647744501160de0b84a13ee31296be53f66d0adb014c52db4
GVLiD\leaf blight\leaf blight558.jpg,6f23f8db0aa117d647744501160de0b84a13ee31296be53f66d0adb014c52db4
GVLiD\leaf blight\leaf blight559.jpg,e0c1c68070d78239bc1c371e1a1e748f18e8c23f06a645fa6a29f432b87c588f
GVLiD\leaf blight\leaf blight560.jpg,e0c1c68070d78239bc1c371e1a1e748f18e8c23f06a645fa6a29f432b87c588f
GVLiD\leaf blight\leaf blight561.jpg,c08bcba06dd4529350a541db1ed94f8b37f9704116adac18605eccc256aba3dd
GVLiD\leaf blight\leaf blight562.jpg,c08bcba06dd4529350a541db1ed94f8b37f9704116adac18605eccc256aba3dd
GVLiD\leaf blight\leaf blight563.jpg,3c95a7c97fe4d42d9c25244d3e45e411506b5b6dad28b95d899ac6c72a5390b6
GVLiD\leaf blight\leaf blight564.jpg,3c95a7c97fe4d42d9c25244d3e45e411506b5b6dad28b95d899ac6c72a5390b6
GVLiD\leaf blight\leaf blight565.jpg,3db6a996cc14f9e1459c60b5f3138e54b25b63479352c353b93af44b2446315b
GVLiD\leaf blight\leaf blight566.jpg,3db6a996cc14f9e1459c60b5f3138e54b25b63479352c353b93af44b2446315b
GVLiD\leaf blight\leaf blight567.jpg,ae064c9da73d781540ed98768355085e3b863795e58b9df7740e839a4ed2a791
GVLiD\leaf blight\leaf blight568.jpg,ae064c9da73d781540ed98768355085e3b863795e58b9df7740e839a4ed2a791
GVLiD\leaf blight\leaf blight569.jpg,c2bbb0c9bee0c540f47f52a3c5aee6cc653ed06880e2b03c40dddd14c9e1710a
GVLiD\leaf blight\leaf blight570.jpg,c2bbb0c9bee0c540f47f52a3c5aee6cc653ed06880e2b03c40dddd14c9e1710a
GVLiD\leaf blight\leaf blight571.jpg,45ba233152eac8980a3581fb5be4b02c80035288e5e609faf87d59f6c07619f3
GVLiD\leaf blight\leaf blight572.jpg,45ba233152eac8980a3581fb5be4b02c80035288e5e609faf87d59f6c07619f3
GVLiD\leaf blight\leaf blight573.jpg,ce92f3cf40b690d1f8596d396a92d67df94cd444bdaf8598c767fcdf26aede35
GVLiD\leaf blight\leaf blight574.jpg,ce92f3cf40b690d1f8596d396a92d67df94cd444bdaf8598c767fcdf26aede35
GVLiD\leaf blight\leaf blight575.jpg,f677cd1f8b72f972781f94c8c892433e7ef1df938fccf9b002d0397224466018
GVLiD\leaf blight\leaf blight576.jpg,f677cd1f8b72f972781f94c8c892433e7ef1df938fccf9b002d0397224466018
GVLiD\leaf blight\leaf blight577.jpg,1bfc1824146f05dec9ad23984381b4dc9280c11f4a28b4b5e767ccd30cc4dd21
GVLiD\leaf blight\leaf blight578.jpg,1bfc1824146f05dec9ad23984381b4dc9280c11f4a28b4b5e767ccd30cc4dd21
GVLiD\leaf blight\leaf blight579.jpg,06667edf0beb739a07bac66497b29e21019aed34fbdc65d7f634e891cb955858
GVLiD\leaf blight\leaf blight580.jpg,06667edf0beb739a07bac66497b29e21019aed34fbdc65d7f634e891cb955858
GVLiD\leaf blight\leaf blight581.jpg,7ba4d460a9afa00b54e3a6f91b2c635e9e5d5be6075c19a9be349891eb4b414f
GVLiD\leaf blight\leaf blight582.jpg,7ba4d460a9afa00b54e3a6f91b2c635e9e5d5be6075c19a9be349891eb4b414f
GVLiD\leaf blight\leaf blight583.jpg,99072732a6d701823cf6b9f3e10b0895e45ea8411dab4b3ea28792886a4c7bb2
GVLiD\leaf blight\leaf blight584.jpg,99072732a6d701823cf6b9f3e10b0895e45ea8411dab4b3ea28792886a4c7bb2
GVLiD\leaf blight\leaf blight585.jpg,c0fb69e806de3325a04e09076220b053965d71ec600b77716d4e895f16266a05
GVLiD\leaf blight\leaf blight586.jpg,c0fb69e806de3325a04e09076220b053965d71ec600b77716d4e895f16266a05
GVLiD\leaf blight\leaf blight587.jpg,e7bbc1243f7ea04d686f7670c5adda6745ce4de385cc437f8dd68bba670aae0b
GVLiD\leaf blight\leaf blight588.jpg,e7bbc1243f7ea04d686f7670c5adda6745ce4de385cc437f8dd68bba670aae0b
GVLiD\leaf blight\leaf blight589.jpg,9310489accc145147f83f70f21c42f7a8072653ef2582b67c0651c444be6f598
GVLiD\leaf blight\leaf blight590.jpg,9310489accc145147f83f70f21c42f7a8072653ef2582b67c0651c444be6f598
GVLiD\leaf blight\leaf blight591.jpg,e47f87058e54488d815a8e686197084864b54fa8568df62c545d117f4df87639
GVLiD\leaf blight\leaf blight592.jpg,e47f87058e54488d815a8e686197084864b54fa8568df62c545d117f4df87639
GVLiD\leaf blight\leaf blight593.jpg,f856421036ea74cec10fe7d2c5da564d18de25a95fbdde7f9e25aad9998b7f95
GVLiD\leaf blight\leaf blight594.jpg,f856421036ea74cec10fe7d2c5da564d18de25a95fbdde7f9e25aad9998b7f95
GVLiD\leaf blight\leaf blight595.jpg,9d7a095f817f1be584601001d7a822d85c349ae9f322ead2b45f005df4c936a0
GVLiD\leaf blight\leaf blight596.jpg,9d7a095f817f1be584601001d7a822d85c349ae9f322ead2b45f005df4c936a0
GVLiD\leaf blight\leaf blight597.jpg,02b1bd8ed303a014838f52550c4b243d0c0dc0648d4a027fe2c1dc5daab06e58
GVLiD\leaf blight\leaf blight598.jpg,02b1bd8ed303a014838f52550c4b243d0c0dc0648d4a027fe2c1dc5daab06e58
GVLiD\leaf blight\leaf blight599.jpg,d35845a28cdb1a7504ed3dcbe30027c1bb479737ac1376582c685cd66f23b023
GVLiD\leaf blight\leaf blight600.jpg,d35845a28cdb1a7504ed3dcbe30027c1bb479737ac1376582c685cd66f23b023
GVLiD\leaf blight\leaf blight601.jpg,f6900f0b02ad02979f1b4c05dcda75d599d9fbb57d3e8ebea902def5267e01ef
GVLiD\leaf blight\leaf blight602.jpg,f6900f0b02ad02979f1b4c05dcda75d599d9fbb57d3e8ebea902def5267e01ef
GVLiD\leaf blight\leaf blight603.jpg,df8ed0edf4f8fb48111627953245f735a0b7f9fbc571369d39ed48a71ecfafe0
GVLiD\leaf blight\leaf blight604.jpg,df8ed0edf4f8fb48111627953245f735a0b7f9fbc571369d39ed48a71ecfafe0
GVLiD\leaf blight\leaf blight605.jpg,10e1613a1278a7bbf6d53ee0ba4971b869d0a922de106d853da982e498bdfbcd
GVLiD\leaf blight\leaf blight606.jpg,10e1613a1278a7bbf6d53ee0ba4971b869d0a922de106d853da982e498bdfbcd
GVLiD\leaf blight\leaf blight607.jpg,8c664f4ba219cd68efe3c98530ecdb156eb91c44b556ed15f65e09794e5008d3
GVLiD\leaf blight\leaf blight608.jpg,8c664f4ba219cd68efe3c98530ecdb156eb91c44b556ed15f65e09794e5008d3
GVLiD\leaf blight\leaf blight609.jpg,054997527fb1ff5c767ffa055fb2a3181780eaabf5f49026e1382226d9f54c86
GVLiD\leaf blight\leaf blight610.jpg,054997527fb1ff5c767ffa055fb2a3181780eaabf5f49026e1382226d9f54c86
GVLiD\leaf blight\leaf blight611.jpg,565187e5bcb94fdc4a0025f5c5de616f2ce5262fe9cb821237d7bab106e0e9ba
GVLiD\leaf blight\leaf blight612.jpg,565187e5bcb94fdc4a0025f5c5de616f2ce5262fe9cb821237d7bab106e0e9ba
GVLiD\leaf blight\leaf blight613.jpg,55e68ad73c797b3df79012a23a34109264b23bb7cb49b85df213345267fc88de
GVLiD\leaf blight\leaf blight614.jpg,55e68ad73c797b3df79012a23a34109264b23bb7cb49b85df213345267fc88de
GVLiD\leaf blight\leaf blight615.jpg,b231c5b31db94a702be76790471f271a43e934a645f5e25558f6ce7ba0c9fb3d
GVLiD\leaf blight\leaf blight616.jpg,b231c5b31db94a702be76790471f271a43e934a645f5e25558f6ce7ba0c9fb3d
GVLiD\leaf blight\leaf blight617.jpg,15f7792d2636f6b95acb45d71e5cee3ea0296733082cc255c09c44f440b89469
GVLiD\leaf blight\leaf blight618.jpg,15f7792d2636f6b95acb45d71e5cee3ea0296733082cc255c09c44f440b89469
GVLiD\leaf blight\leaf blight619.jpg,d87f21c325480af81c7d4d16cb6e4cc30c50f1c86cf767bc9ec0c0533d1e623b
GVLiD\leaf blight\leaf blight620.jpg,d87f21c325480af81c7d4d16cb6e4cc30c50f1c86cf767bc9ec0c0533d1e623b
GVLiD\leaf blight\leaf blight621.jpg,48d111d20129f139304cbc39555d4042b75ce82db835cdb9b72a4445f753b47f
GVLiD\leaf blight\leaf blight622.jpg,48d111d20129f139304cbc39555d4042b75ce82db835cdb9b72a4445f753b47f
GVLiD\leaf blight\leaf blight623.jpg,fa21050aad4a551ef6431669a8d9b25bd4330d01fc209a18c3a1b7d5426e26ba
GVLiD\leaf blight\leaf blight624.jpg,fa21050aad4a551ef6431669a8d9b25bd4330d01fc209a18c3a1b7d5426e26ba
GVLiD\leaf blight\leaf blight625.jpg,d839b7dae13b5a9a5a81a8eb58f4cd9b50547faea96b0d944e2a305d384fbdea
GVLiD\leaf blight\leaf blight626.jpg,d839b7dae13b5a9a5a81a8eb58f4cd9b50547faea96b0d944e2a305d384fbdea
GVLiD\leaf blight\leaf blight627.jpg,f1e395ccdf89ed8dc31a59d22d63f3a6d7c8bc3680c9bf973292c594e2e6451e
GVLiD\leaf blight\leaf blight628.jpg,f1e395ccdf89ed8dc31a59d22d63f3a6d7c8bc3680c9bf973292c594e2e6451e
GVLiD\leaf blight\leaf blight629.jpg,e6318e969e599149cf614cc5f8fe0478c4606b6dbce28c50118774e0594f1df7
GVLiD\leaf blight\leaf blight630.jpg,e6318e969e599149cf614cc5f8fe0478c4606b6dbce28c50118774e0594f1df7
GVLiD\leaf blight\leaf blight631.jpg,3ae4be1cf960a82944824fb4dcc570df8cd1a4f608146b8ae2138c5537ea3dd3
GVLiD\leaf blight\leaf blight632.jpg,3ae4be1cf960a82944824fb4dcc570df8cd1a4f608146b8ae2138c5537ea3dd3
GVLiD\leaf blight\leaf blight633.jpg,6cd5504ba0204dc8db95599d363eef0daf7f2b570029d34ae36a7de1ba2f640d
GVLiD\leaf blight\leaf blight634.jpg,6cd5504ba0204dc8db95599d363eef0daf7f2b570029d34ae36a7de1ba2f640d
GVLiD\leaf blight\leaf blight635.jpg,0a63132401d0625c71e70502088e7015f845975906cece888917ddfca72c1a98
GVLiD\leaf blight\leaf blight636.jpg,0a63132401d0625c71e70502088e7015f845975906cece888917ddfca72c1a98
GVLiD\leaf blight\leaf blight637.jpg,0b2ebc73d0f3b629de592df78283b6e769834a4dd2117f692b3e331a471adb9f
GVLiD\leaf blight\leaf blight638.jpg,0b2ebc73d0f3b629de592df78283b6e769834a4dd2117f692b3e331a471adb9f
GVLiD\leaf blight\leaf blight639.jpg,a61c7ec1ae8b15c3cc3498210d3de93630033bd4a31ac665cde82e26a8b4a48b
GVLiD\leaf blight\leaf blight640.jpg,a61c7ec1ae8b15c3cc3498210d3de93630033bd4a31ac665cde82e26a8b4a48b
GVLiD\leaf blight\leaf blight641.jpg,b8c65fbeded175fc773d54e532c598d1e8f1cce19ba38562cb802f2aaba80b21
GVLiD\leaf blight\leaf blight642.jpg,b8c65fbeded175fc773d54e532c598d1e8f1cce19ba38562cb802f2aaba80b21
GVLiD\leaf blight\leaf blight643.jpg,3d414dc75b1cac47fbb4c1b6e48471a7ed04f964978eb01e728b542ddb30f715
GVLiD\leaf blight\leaf blight644.jpg,3d414dc75b1cac47fbb4c1b6e48471a7ed04f964978eb01e728b542ddb30f715
GVLiD\leaf blight\leaf blight645.jpg,2ec127c3503f532e53d20c297853c359d4b140a5cc1ff68d6dfcf5ea99a2dea0
GVLiD\leaf blight\leaf blight646.jpg,2ec127c3503f532e53d20c297853c359d4b140a5cc1ff68d6dfcf5ea99a2dea0
GVLiD\leaf blight\leaf blight647.jpg,44e208f850fb3f73ff5888d038ab43643be081ee05c8ffb4721efe452badb335
GVLiD\leaf blight\leaf blight648.jpg,44e208f850fb3f73ff5888d038ab43643be081ee05c8ffb4721efe452badb335
GVLiD\leaf blight\leaf blight649.jpg,d5d1683bed015cd96f2fc94006b01b8411e5b09ec67f1ff6d9354c79ffbfdbe9
GVLiD\leaf blight\leaf blight650.jpg,d5d1683bed015cd96f2fc94006b01b8411e5b09ec67f1ff6d9354c79ffbfdbe9
GVLiD\leaf blight\leaf blight651.jpg,bfb9560c4cfbd98e627b0845757b2feaa7719038af43194adadd23b582527c72
GVLiD\leaf blight\leaf blight652.jpg,bfb9560c4cfbd98e627b0845757b2feaa7719038af43194adadd23b582527c72
GVLiD\leaf blight\leaf blight653.jpg,fe90b45cf4eb4e5bcfbefeb49473597fe8c75e4524e1bc003ba675a9a8a10eb7
GVLiD\leaf blight\leaf blight654.jpg,fe90b45cf4eb4e5bcfbefeb49473597fe8c75e4524e1bc003ba675a9a8a10eb7
GVLiD\leaf blight\leaf blight655.jpg,5f7ac1778c2c6af7dbaefe4361dff1ccdcfde67bb46ad44fa27f781304ad68d2
GVLiD\leaf blight\leaf blight656.jpg,5f7ac1778c2c6af7dbaefe4361dff1ccdcfde67bb46ad44fa27f781304ad68d2
GVLiD\leaf blight\leaf blight657.jpg,01e89d2da153caed070accb2e8e087fd819a536b9784d94f110d68f0854c4bce
GVLiD\leaf blight\leaf blight658.jpg,01e89d2da153caed070accb2e8e087fd819a536b9784d94f110d68f0854c4bce
GVLiD\leaf blight\leaf blight659.jpg,07e32b445f9ceaa9decc6a27be76219bcae8f2393bb8b3b2a73729f6e0821601
GVLiD\leaf blight\leaf blight660.jpg,07e32b445f9ceaa9decc6a27be76219bcae8f2393bb8b3b2a73729f6e0821601
GVLiD\leaf blight\leaf blight661.jpg,d959c7974ed7218dadf6b45c990e54609128d1cd81669c2afffa1ffad8b34c1e
GVLiD\leaf blight\leaf blight662.jpg,d959c7974ed7218dadf6b45c990e54609128d1cd81669c2afffa1ffad8b34c1e
GVLiD\leaf blight\leaf blight663.jpg,5b19065d32ca6af43d4358d6d0b719a00dab2142c42d9f1f16d91628f24df91f
GVLiD\leaf blight\leaf blight664.jpg,5b19065d32ca6af43d4358d6d0b719a00dab2142c42d9f1f16d91628f24df91f
GVLiD\leaf blight\leaf blight665.jpg,a47e43f51d7b8d1fb50ba12edf1b08aebc3bfde86c8f676b6afc07c2c3add264
GVLiD\leaf blight\leaf blight666.jpg,a47e43f51d7b8d1fb50ba12edf1b08aebc3bfde86c8f676b6afc07c2c3add264
GVLiD\leaf blight\leaf blight667.jpg,b809b90e15f9660b2840a093f3c904c6a47a8c1b7af76ceb8532cbd5e1306237
GVLiD\leaf blight\leaf blight668.jpg,b809b90e15f9660b2840a093f3c904c6a47a8c1b7af76ceb8532cbd5e1306237
GVLiD\leaf blight\leaf blight669.jpg,e0fec9c5c72ab95211974508b823b7ca1bd462c7ce3946bd890abdabab47c2e6
GVLiD\leaf blight\leaf blight670.jpg,e0fec9c5c72ab95211974508b823b7ca1bd462c7ce3946bd890abdabab47c2e6
GVLiD\leaf blight\leaf blight671.jpg,cb56b8e71141df9981f7e44b6a7541367f3a2d0db7c257f72163598a11700421
GVLiD\leaf blight\leaf blight672.jpg,cb56b8e71141df9981f7e44b6a7541367f3a2d0db7c257f72163598a11700421
